code,name,date,close,pctChg,amount,turn,peTTM,pbMRQ,hit_strategies,strategy_count,MA20,MA60,MA120,RSI14,DIF,DEA,K,D,J,avg_amount_60,vol20,amount20,max_dd_60,bias_ma60,ret60
sh.600157,,2026-02-27,1.83,7.0175,6459783380.42,16.266,135.570894,0.84835,"LOW_VAL_BLUECHIP,UP_TREND,MACD_KDJ_RESONANCE",3,1.673,1.6381666666666665,1.6219166666666667,69.21317400086839,0.02334028339542127,0.009006606133339309,73.20190554710123,68.22445468770903,83.15680726588565,1326420940.7406666,1020965273.65,1737098556.264,0.06976744186046505,0.11710245192796842,0.16560509554140124
sz.000725,,2026-02-27,4.48,3.4642,4868981871.74,3.0248,25.088296,1.240449,"LOW_VAL_BLUECHIP,UP_TREND,MACD_KDJ_RESONANCE",3,4.3685,4.2571666666666665,4.1655,58.33162749697593,0.0009095990112317764,0.0008648941555519617,77.40037648757021,62.58572234945698,107.02968476379668,3274010494.5208335,700661462.5,3074505332.1525,0.09130434782608694,0.05234310770074013,0.1636363636363638
sh.600096,,2026-02-27,44.37,-0.404,4124628426.67,5.0951,14.347114,3.339753,"LOW_VAL_BLUECHIP,UP_TREND,MACD_KDJ_RESONANCE",3,38.117999999999995,34.30783333333333,31.539217449333332,73.88595727500476,1.897073054888196,1.1249717257272285,90.24325064777955,86.73477042394386,97.26021109545096,1886608588.8286667,65266298.8,2570927964.6029997,0.12158435698169971,0.2932906479083981,0.4547540983606557
sh.603077,,2026-02-27,2.93,1.0345,2217547329.9,8.6168,-267.469095,1.42503,"LOW_VAL_BLUECHIP,UP_TREND,MACD_KDJ_RESONANCE",3,2.5744999999999996,2.3748333333333336,2.242166666666667,67.8567492291787,0.10787992216575049,0.06449291247972513,77.53065728669125,75.20334053199353,82.18529079608669,724042937.0713333,418488696.4,1118339171.372,0.1773049645390071,0.23377079093269693,0.3564814814814814
sh.601117,,2026-02-27,9.34,4.7085,2077650001.67,3.6766,9.376973,0.870419,"LOW_VAL_BLUECHIP,UP_TREND,MACD_KDJ_RESONANCE",3,8.661122471,8.011133992,7.797544273916667,68.9626793004988,0.19973476778728205,0.16065676472113477,84.17627129047688,74.68563321086427,103.1575474497021,949762063.4846667,166866649.1,1465520398.8565001,0.07163398388822699,0.16587739130652657,0.26948155362838655
sz.002546,,2026-02-27,10.91,4.1031,1472908956.13,17.0921,13.017235,2.426802,"LOW_VAL_BLUECHIP,UP_TREND,MACD_KDJ_RESONANCE",3,9.2805,7.928833333333333,7.215916666666667,72.93903873030428,0.5366596452396664,0.42983457468424396,91.11266269442517,86.59374513647796,100.15049781031956,512224977.7093333,80997322.25,756174134.7149999,0.14100000000000001,0.3759905828936583,0.5997067448680351
sh.601778,,2026-02-27,4.8,4.3478,1455662809.14,8.5421,37.241942,1.08332,"LOW_VAL_BLUECHIP,UP_TREND,MACD_KDJ_RESONANCE",3,4.4365,3.9911666666666665,3.9210833333333337,62.93680651173286,0.14513254873340742,0.13356281937177697,75.49551777970751,67.07965755082621,92.32723823747011,738248053.6059998,237425338.55,1061982869.1775,0.07543103448275855,0.20265586503528632,0.42433234421364974
sz.000875,,2026-02-27,7.93,4.3421,1335326937.52,5.043,61.415943,1.647203,"LOW_VAL_BLUECHIP,UP_TREND,MACD_KDJ_RESONANCE",3,7.027499999999999,6.206166666666666,5.988514428166666,71.440440545962,0.3205158606000209,0.25592322758996455,85.34745168113112,77.91806075885978,100.20623352567378,528869816.47299993,119904980.5,849078194.76,0.10733695652173914,0.27776136638289883,0.4392014519056262
sh.603279,,2026-02-27,21.04,6.5316,888558184.82,7.2307,19.602866,2.568986,"UP_TREND,MACD_KDJ_RESONANCE,SMALL_GROWTH",3,18.7515,17.0299360625,16.303066875,70.67156172149382,0.6233494554265455,0.5031606076776635,78.73375722592293,67.88365664107825,100.43395839561228,168411191.27233332,14619816.05,281182650.99,0.11133004926108382,0.2354714617120719,0.297526054434178
sz.000612,,2026-02-27,14.87,1.71,852360151.84,4.8053,18.339901,2.534541,"LOW_VAL_BLUECHIP,UP_TREND,MACD_KDJ_RESONANCE",3,13.9515,11.974666666666668,10.645833333333334,63.69396410663758,0.5070267465006584,0.4790022377483393,83.31928154303053,79.15100610224107,91.65583242460946,796534341.6568334,71560019.85,1008248858.9400002,0.15099337748344366,0.24178821957465746,0.5538140020898641
sz.002128,,2026-02-27,30.7,5.6072,810245181.27,1.1994,13.600328,1.848113,"LOW_VAL_BLUECHIP,UP_TREND,MACD_KDJ_RESONANCE",3,28.992999999999995,28.361333333333334,26.203916666666668,59.39115131954565,0.1807706685480035,0.07440073532086271,81.60034906839178,72.64085341573087,99.51934037371359,537721468.9046667,23066044.75,669954445.657,0.13452188006482987,0.08245968689765393,0.1637604245640638
sh.603505,,2026-02-27,22.29,7.0091,785961134.62,4.2534,77.429555,10.404364,"UP_TREND,MACD_KDJ_RESONANCE,SMALL_GROWTH",3,20.009999999999998,19.092337312666665,18.568658164666665,71.71718413847725,0.3498700386243101,0.1367001558423777,87.81797623462718,80.36882483938616,102.71627902510923,274538921.8345,17330404.85,353405584.509,0.12035315985130111,0.16748408720035912,0.24187302608140726
sz.002056,,2026-02-27,22.15,2.4041,773362541.09,2.1504,15.313569,3.515307,"LOW_VAL_BLUECHIP,UP_TREND,MACD_KDJ_RESONANCE",3,20.777499999999996,20.07,19.881496632666664,62.435091452820735,0.3147324176968347,0.15000382626229886,84.71330114909054,81.23965922612476,91.6605849950221,552256756.4958333,33119904.85,691302827.966,0.119908466819222,0.10363726955655195,0.17506631299734732
sz.002170,,2026-02-27,14.64,2.3061,724284327.06,6.3306,15.887429,3.8632,"LOW_VAL_BLUECHIP,UP_TREND,MACD_KDJ_RESONANCE",3,13.541999999999998,12.616833333333334,11.866287839166665,66.0375921001687,0.39372805329916716,0.27876812526813055,78.59016889315356,74.11371857994757,87.54306951956553,543890186.7205,55563761.8,763363011.6285,0.104675505931612,0.1603545527800161,0.24914675767918082
sh.601991,,2026-02-27,3.99,2.5707,722422575.38,1.4722,10.87946,2.103496,"LOW_VAL_BLUECHIP,UP_TREND,MACD_KDJ_RESONANCE",3,3.793,3.6661385546666665,3.608066995333333,63.92967044480609,0.0325903765081037,0.018526202659038732,85.03952786617,73.4245967987396,108.26939000103081,425708808.4141666,128383904.15,487874449.08149993,0.09476309226932667,0.08833857218000851,0.17654835178491424
sh.600108,,2026-02-27,3.97,9.9723,681503231.73,9.0361,81.444447,1.791524,"UP_TREND,MACD_KDJ_RESONANCE,SMALL_GROWTH",3,3.6055,3.368333333333333,3.232,67.9851728519827,0.059906979342510436,0.04182725756873995,80.84195547381051,65.447251989325,111.63136244278155,245484002.66283333,78317535.15,286864018.577,0.11979166666666666,0.17862444334487892,0.29738562091503273
sh.600348,,2026-02-27,10.09,4.128,644820187.32,1.7985,23.79155,1.318456,"LOW_VAL_BLUECHIP,UP_TREND,MACD_KDJ_RESONANCE",3,9.479499999999998,8.5885,8.141083333333334,64.59474539938108,0.28423707628946104,0.27057929280402143,83.90683255895692,77.88150803293982,95.95748161099112,531962414.082,59163832.45,559888290.0655,0.0866425992779784,0.17482680328346034,0.3086900129701686
sh.600517,,2026-02-27,7.42,3.4868,617723329.61,1.4606,18.020214,1.832171,"UP_TREND,MACD_KDJ_RESONANCE,SMALL_GROWTH",3,6.839499999999999,6.377,6.209371344,68.44494765487313,0.1607932477806857,0.11946663231211668,85.40734881637879,81.2244825125987,93.77308142393898,285788832.321,49720398.05,341471168.507,0.07244318181818178,0.16355653128430303,0.24915824915824913
sh.600995,,2026-02-27,14.93,4.0418,568905443.7,1.2109,31.504668,2.128201,"UP_TREND,MACD_KDJ_RESONANCE,SMALL_GROWTH",3,13.86,13.185166666666667,12.714059366666667,66.67556749604626,0.25311249768846267,0.16747867641859618,85.13165413895152,75.9694945327695,103.45597335131555,241876647.886,24224651.75,338285387.899,0.0700280112044818,0.13233305102956594,0.21977124183006524
sz.000899,,2026-02-27,14.61,10.0151,517670961.67,3.6748,15.072234,2.259567,"UP_TREND,MACD_KDJ_RESONANCE,SMALL_GROWTH",3,11.0925,10.476,10.29325,85.08741883731467,0.6064717239187694,0.2544852286176678,95.52898016907486,87.81414869887332,110.95864310947789,146855535.12266666,18796082.15,215819283.7895,0.04722979109900087,0.3946162657502863,0.5030864197530862
sz.000825,,2026-02-27,5.29,2.9183,510060138.85,1.7077,213.228566,0.908965,"LOW_VAL_BLUECHIP,UP_TREND,MACD_KDJ_RESONANCE",3,5.1274999999999995,4.9475,4.52,56.859391123773456,-0.010733283014018546,-0.021225830747768532,80.57948261834957,65.2927627595097,111.15292233602932,641659452.0178334,91157561.95,471735371.9405001,0.13464991023339318,0.0692268822637696,0.329145728643216
sz.000862,,2026-02-27,6.88,3.7707,497646069.22,11.6091,47.188729,1.408711,"UP_TREND,MACD_KDJ_RESONANCE,SMALL_GROWTH",3,6.37,6.0793333333333335,5.95,69.19481609167609,0.11498872619415224,0.07992104711476991,71.04233308423944,60.234949048024376,92.6571011566696,137105015.76133335,26038846.2,167805608.202,0.061290322580645144,0.13170303761377333,0.215547703180212
sz.000035,,2026-02-27,7.01,10.0471,483284416.03,2.9824,72.82445,1.531017,"UP_TREND,MACD_KDJ_RESONANCE,SMALL_GROWTH",3,6.1395,5.886666666666667,5.652166666666667,75.6110472006797,0.13567559203767132,0.061164382932834285,85.9918084899823,72.68358874220316,112.6082479855406,237293142.35383332,37605042.25,234445703.44250003,0.10823909531502436,0.19082672706681758,0.2298245614035086
sz.002538,,2026-02-27,8.03,3.6129,477830350.37,7.0341,31.631591,1.277199,"UP_TREND,MACD_KDJ_RESONANCE,SMALL_GROWTH",3,7.205499999999999,6.752666666666667,6.204583333333333,68.41337810827126,0.22962202196179238,0.13748272491011687,86.79402122308056,76.78326832982688,106.81552700958792,164772534.4051667,31735452.7,232984745.06350002,0.11889035667107005,0.1891598380886561,0.22970903522205188
sh.600714,,2026-02-27,17.96,7.5449,465402248.65,9.2311,91.3513,6.733549,"UP_TREND,MACD_KDJ_RESONANCE,SMALL_GROWTH",3,15.885,13.687666666666667,13.0100823395,67.4578602664993,0.7819401305975315,0.6524346010653563,86.07543968884713,81.92906972275101,94.36817962103933,186887031.993,18295745.4,292092959.98800004,0.1403712296983758,0.3121301414899058,0.4769736842105263
sh.600507,,2026-02-27,7.23,3.7303,461543324.82,2.7728,19.729296,1.668293,"UP_TREND,MACD_KDJ_RESONANCE,SMALL_GROWTH",3,6.3925,6.05,5.871166666666666,72.81211418547974,0.20573976602379762,0.12779132803893414,83.84802633484907,78.09311700026723,95.35784500401274,177595293.8565,41676119.6,268491226.6365,0.08487654320987664,0.1950413223140497,0.2233502538071066
sz.002021,,2026-02-27,3.77,2.168,456192953.95,10.1443,-43749.736161,7.2445,"UP_TREND,MACD_KDJ_RESONANCE,SMALL_GROWTH",3,3.2689999999999997,2.8625,2.838,79.0731508224292,0.16941507907901032,0.1273216458189689,82.13623928435919,75.64534346752123,95.11803091803512,154369748.93483335,58830873.4,196682325.666,0.10701107011070111,0.31703056768558957,0.44999999999999996
sz.002452,,2026-02-27,11.09,-0.805,381398822.9,6.7221,25.128828,2.647451,"UP_TREND,MACD_KDJ_RESONANCE,SMALL_GROWTH",3,10.317499999999999,9.047365182499998,8.435853685833333,68.73515316300825,0.42284648330670827,0.3838139225797448,87.24778630183866,82.36243928372907,97.0184803380578,235901668.09066668,31455523.35,324876469.21999997,0.08007448789571689,0.2257712357461814,0.41806368263146587
sh.603979,,2026-02-27,77.46,0.6366,367554210.01,0.7611,21.534979,4.629246,"LOW_VAL_BLUECHIP,UP_TREND,MACD_KDJ_RESONANCE",3,76.5375,73.91166666666666,69.14325,53.38911606599373,0.06986596164270509,-0.05422984983091134,77.72131908287201,74.08951922641867,84.9849187957787,692042327.2415,10787999.25,832856883.466,0.18712984054669696,0.04800775700723836,0.255633003728319
sz.002541,,2026-02-27,23.86,-4.7885,357522043.99,2.9785,26.855421,1.720026,"UP_TREND,MACD_KDJ_RESONANCE,SMALL_GROWTH",3,22.401,19.180166666666665,18.686250000000005,62.55913290582176,0.954038405050774,0.9315981585941865,70.47818370474045,66.09110168786611,79.2523477384891,185235629.81833333,9456036.1,213759069.207,0.07866507747318237,0.24399336119776516,0.4002347417840375
sh.600295,,2026-02-27,17.46,3.7433,339229608.49,0.9835,26.669425,2.326141,"UP_TREND,MACD_KDJ_RESONANCE,SMALL_GROWTH",3,15.604499999999998,13.549333333333331,12.077583333333335,68.78162464608538,0.6868174992378346,0.577951845217118,83.47653556154052,81.03124948550851,88.36710771360453,209299260.2478333,14084890.2,220055677.64200002,0.10822784810126587,0.2886242865577644,0.6003666361136573
sh.600307,,2026-02-27,1.99,1.0152,314746214.8,2.5216,-9.020371,1.830215,"UP_TREND,MACD_KDJ_RESONANCE,SMALL_GROWTH",3,1.9075,1.7646666666666666,1.7295833333333335,60.3641568612664,0.02785373893977061,0.022856144872976814,74.50471140411796,62.26799503015895,98.97814415203597,192950350.85966668,146222961.55,285724709.19500005,0.14975845410628014,0.1276917264828108,0.2437499999999999
sh.600578,,2026-02-27,5.51,3.7665,293808319.42,0.8048,10.574281,1.552389,"UP_TREND,MACD_KDJ_RESONANCE,SMALL_GROWTH",3,5.2595,5.097333333333334,4.816333333333334,61.7794180685952,0.013111949775000298,0.0002912537859083527,82.15722123793452,69.44162324276749,107.58841722826858,238906564.84233335,39020131.15,205569503.715,0.10088495575221243,0.0809573633272298,0.24099099099099086
sz.002787,,2026-02-27,14.25,6.4227,288348580.32,8.2602,48.89999,2.558661,"UP_TREND,MACD_KDJ_RESONANCE,SMALL_GROWTH",3,12.879,12.5455,10.974333333333334,68.73156982461235,0.1980039265876865,0.08205982862865432,91.49334618996626,82.62988031691063,109.22027793607754,194154639.619,11182413.3,145127387.3815,0.13263157894736846,0.13586544976286308,0.4179104477611939
sz.002782,,2026-02-27,23.64,-0.2952,270746764.73,2.3928,37.801177,5.469001,"UP_TREND,MACD_KDJ_RESONANCE,SMALL_GROWTH",3,22.5495,20.016000000000002,18.865416666666665,64.41388299060961,0.666347915627874,0.6497736156634197,87.85071999391306,77.03641697814598,109.47932602544722,286351500.75916666,16353588.65,372473117.597,0.1311881188118812,0.18105515587529974,0.3191964285714284
sz.002772,,2026-02-27,18.37,3.3183,239089700.47,3.3792,29.63904,2.129992,"UP_TREND,MACD_KDJ_RESONANCE,SMALL_GROWTH",3,16.9530838035,14.967788652166666,12.8549749765,64.09421383614341,0.7088313711548899,0.6868129972043675,75.19801575061938,64.86455447107069,95.86493830971673,246006465.93333334,19235562.0,325710681.8165,0.11038607939097342,0.2273022038790511,0.5332480661560299
sh.603507,,2026-02-27,32.76,0.4292,232119636.92,3.9173,106.154701,2.493139,"UP_TREND,MACD_KDJ_RESONANCE,SMALL_GROWTH",3,30.712,27.408666666666665,26.562166666666666,64.16512557624068,1.178067289209995,1.14281556908281,68.28071166509497,59.55185880542672,85.73841738443147,260889537.17133334,10348379.1,318699911.76,0.07982631930527724,0.19524238075547884,0.45599999999999996
sh.601068,,2026-02-27,6.41,1.5848,217790205.9,1.338,215.591045,6.558876,"UP_TREND,MACD_KDJ_RESONANCE,SMALL_GROWTH",3,5.988,5.629666666666667,5.395499999999999,62.44385423302209,0.08820450392723611,0.04168438389503143,80.4035046630309,66.57197023565351,108.06657351778568,200645717.24716666,38950745.2,239895418.0105,0.16867469879518074,0.1386109301912486,0.23032629558541262
sh.603585,,2026-02-27,23.05,4.0632,215374209.46,5.183,35.964341,1.696408,"UP_TREND,MACD_KDJ_RESONANCE,SMALL_GROWTH",3,21.125999999999998,19.799666666666667,19.285916666666665,71.10420296505553,0.4838497973138196,0.3109579686882349,81.44299029534892,74.32872959778403,95.6715116904787,105390552.725,4983857.7,106298521.99450001,0.15803571428571425,0.1641610128116635,0.27067254685777287
sh.601121,,2026-02-27,8.81,2.4419,210920313.18,6.3194,96.452888,2.566872,"UP_TREND,MACD_KDJ_RESONANCE,SMALL_GROWTH",3,8.335,7.751333333333334,7.429833333333333,59.13481452110098,0.20237474281125856,0.16541453606809098,77.31242616217634,72.37160231954577,87.19407384743747,171626812.69383332,32515425.4,273926602.8635,0.12837837837837843,0.13657865313494444,0.2321678321678322
sh.600558,,2026-02-27,6.61,3.4429,201741682.06,3.4538,28.145126,2.494185,"UP_TREND,MACD_KDJ_RESONANCE,SMALL_GROWTH",3,6.3155,6.099166666666667,5.835401375000001,62.028100871143124,0.035013775687635196,0.01815137129362894,87.38494621499544,73.04050151263812,116.07383561971005,175043079.05650002,20482647.7,129793935.17999999,0.10425844346549193,0.08375461128569484,0.2018181818181819
sz.000407,,2026-02-27,5.21,1.165,186243745.0,4.1075,35.93692,1.505261,"LOW_VAL_BLUECHIP,UP_TREND,MACD_KDJ_RESONANCE",3,5.174893381,5.015894372333333,4.507556389166666,54.060901423894926,0.02325687151596334,0.021917485968972857,70.57861008705846,63.86305960897523,84.00971104322495,440319022.6221667,78932536.5,417018221.39699996,0.14772727272727276,0.03869810910239946,0.07631701176055028
sz.000655,,2026-02-27,11.31,3.0994,185465706.03,2.781,24.525082,1.918445,"UP_TREND,MACD_KDJ_RESONANCE,SMALL_GROWTH",3,10.535499999999999,9.8229999515,9.616583325666669,64.06437619624413,0.22425098781178576,0.15423027721305138,88.86595148635378,77.16351706159296,112.27082033587544,134241010.4468333,21259133.25,227011673.3805,0.12621359223300968,0.1513794213419426,0.2361627915568092
sz.002879,,2026-02-27,23.42,0.8613,182299867.8,5.6969,86.125937,2.570317,"UP_TREND,MACD_KDJ_RESONANCE,SMALL_GROWTH",3,22.1105,19.66166666666667,18.642583333333334,62.378265248648304,0.7228091633355653,0.7008396057611397,90.82454158407721,85.47111981921574,101.53138511380013,240534316.86149997,10457550.85,231584536.7665,0.10831889081455806,0.19115029244723236,0.46009975062344166
sh.600725,,2026-02-27,5.39,10.0,178097167.31,2.7315,-93.703217,23.705072,"UP_TREND,MACD_KDJ_RESONANCE,SMALL_GROWTH",3,4.767,4.272,3.9685,76.13449091715395,0.1742134262230337,0.14550413000214443,89.66603532897733,82.80509053007341,103.38792492678516,155053225.66016665,32847542.15,156476511.70999998,0.081151832460733,0.26170411985018704,0.48484848484848486
sh.603057,,2026-02-27,33.55,0.9934,172990560.91,1.2625,72.396123,6.919759,"UP_TREND,MACD_KDJ_RESONANCE,SMALL_GROWTH",3,28.999000000000002,23.93316666666667,22.139416666666666,74.33167015203837,1.7383363172878425,1.4054513811926714,86.161345870209,82.89382095700718,92.69639569661265,148203322.67999998,5364706.05,158026111.44300002,0.08199356913183285,0.401820346938349,0.8174431202600214
sh.600889,,2026-02-27,17.93,0.0558,170162965.45,2.5804,-19.219474,17.640552,"UP_TREND,MACD_KDJ_RESONANCE,SMALL_GROWTH",3,17.122,16.32016666666667,15.965750000000002,62.631831968430056,0.23777309237821598,0.12981921976450506,63.27136117575588,59.1412854235426,71.53151268018243,147110451.89733332,8341497.7,145460734.645,0.12195121951219513,0.09864074100550435,0.20416386836803224
sz.000935,,2026-02-27,29.01,1.4336,168722988.22,0.7623,61.801343,2.85079,"UP_TREND,MACD_KDJ_RESONANCE,SMALL_GROWTH",3,27.809500000000003,26.196,23.377,64.40426952453768,0.5434653496715569,0.5186536456795859,69.71688554747655,64.85332983984765,79.44399696273436,264311825.58766666,7206437.05,200418667.55949998,0.051413881748071946,0.10742098030233627,0.22975837219160677
sh.600251,,2026-02-27,11.37,1.1566,165336448.25,1.872,40.204394,2.32812,"UP_TREND,MACD_KDJ_RESONANCE,SMALL_GROWTH",3,10.666,9.6545,9.159687166333333,66.64760442350132,0.3052494719224601,0.2569410178871706,79.1381487754081,69.66042394595944,98.09359843430542,138652299.0328333,18312446.25,197658282.3905,0.09515260323159788,0.17768916049510586,0.297945205479452
sh.600293,,2026-02-27,3.79,1.0667,161643865.76,3.6945,-71.659803,2.609745,"UP_TREND,MACD_KDJ_RESONANCE,SMALL_GROWTH",3,3.657,3.3276666666666666,3.259333333333333,60.449395646457134,0.10477442220018762,0.10456133026463638,60.496931429829004,54.208032389770814,73.07472950994539,169935673.32983333,82520267.2,303421420.026,0.08359133126934985,0.13893619152559356,0.25913621262458486
sz.002522,,2026-02-27,6.38,0.6309,158433299.97,2.7569,74.788285,2.503936,"UP_TREND,MACD_KDJ_RESONANCE,SMALL_GROWTH",3,6.075,5.670833333333333,5.387416666666666,64.26434278967422,0.12589623438508202,0.10416939307195976,78.2757968804537,73.392662424523,88.0420657923151,246383192.50533336,36369192.15,221409506.1295,0.08555133079847912,0.1250551065393093,0.26086956521739135
sh.603577,,2026-02-27,11.74,1.8213,158187596.9,4.025,30.140923,2.051789,"UP_TREND,MACD_KDJ_RESONANCE,SMALL_GROWTH",3,11.132,10.665833333333333,10.198749999999999,62.16593155900163,0.16737913272405258,0.12925261535704125,77.29363078657481,61.90979176834752,108.0613088230294,113436754.2065,11808136.5,132147187.04,0.06516072980017376,0.10071099304633169,0.2436440677966103
sh.605099,,2026-02-27,45.51,-0.2193,156154623.93,0.8451,28.947304,6.097058,"UP_TREND,MACD_KDJ_RESONANCE,SMALL_GROWTH",3,41.759,39.05316666666667,36.16066666666667,68.77658062181521,1.2615394122592036,0.9189625437850559,82.1060272697882,77.38715607129011,91.54376966678439,114814788.58,3209090.45,134759979.3945,0.14451499890518943,0.16533443724153818,0.2451436388508892
sz.002552,,2026-02-27,21.16,1.633,153853727.0,1.9894,43.927469,5.756825,"UP_TREND,MACD_KDJ_RESONANCE,SMALL_GROWTH",3,20.1555,18.166999999999998,17.238022125833332,60.942552335306516,0.6273959620704908,0.6207549304071474,72.77460696509783,65.48093484721986,87.36195120085378,188831542.69516665,14362251.35,289527635.8635,0.11551155115511548,0.16474927065558442,0.28320194057004255
sh.600191,,2026-02-27,13.26,3.7559,145439174.53,2.2944,163.585428,3.798109,"UP_TREND,MACD_KDJ_RESONANCE,SMALL_GROWTH",3,12.9365,12.607666666666667,10.56525,57.17117396776962,-0.015590053278426552,-0.01747876010899469,83.61948690400337,70.21397986567612,110.43050098065785,197184418.05866668,10993629.1,142952307.938,0.14428571428571427,0.05174100415091343,0.2592592592592593
sh.603097,,2026-02-27,38.31,-0.39,144817493.5,2.3635,62.488977,5.872272,"UP_TREND,MACD_KDJ_RESONANCE,SMALL_GROWTH",3,36.0465,31.231999999999996,27.73116666666667,64.18134906993791,1.5394029733769656,1.5387604176811014,75.32717451336515,67.59422878417541,90.79306597174462,195358839.16550002,6521297.15,236395007.35349998,0.08534663865546219,0.22662653688524603,0.39766508573513315
sh.605066,,2026-02-27,8.83,0.1134,137930679.25,3.1333,36.321349,2.496458,"UP_TREND,MACD_KDJ_RESONANCE,SMALL_GROWTH",3,8.4415,7.831833333333334,7.74775,65.50038763052376,0.210715958844105,0.19461317935244302,76.021600586294,71.77404926028107,84.51670323831985,132060136.74966668,21156920.45,179137894.451,0.050938337801608564,0.12744993722202125,0.22980501392757668
sh.603028,,2026-02-27,10.54,3.3333,133409803.48,4.4772,-18.905036,5.907557,"UP_TREND,MACD_KDJ_RESONANCE,SMALL_GROWTH",3,9.9845,8.99,8.582833333333333,65.5235087118401,0.2638427249817603,0.26074313841912206,81.10866514907397,78.54335907705749,86.23927729310694,157663640.05816665,11405214.55,114226491.7855,0.08877928483353882,0.17241379310344818,0.36175710594315236
sh.603568,,2026-02-27,28.16,0.6793,129202618.9,0.2688,17.653164,3.31612,"UP_TREND,MACD_KDJ_RESONANCE,SMALL_GROWTH",3,27.445,25.297666666666665,23.230583333333335,61.53283090660639,0.5488833264019206,0.5196091171054344,77.02260728788143,75.98295709099318,79.1019076816579,168438162.86266667,6715645.4,184419261.0185,0.0878117316473481,0.11314613996020717,0.20393330483112448
sh.600262,,2026-02-27,32.56,-1.3333,125253636.88,2.2757,21.983575,3.144039,"UP_TREND,MACD_KDJ_RESONANCE,SMALL_GROWTH",3,31.2015,27.9345,26.365000000000002,59.06921489360492,0.994207747695981,0.9175561366473859,79.33049778795194,79.07964668483689,79.83219999418205,144587700.24383333,6628155.15,207756100.05699998,0.17660420215786482,0.16558377633392407,0.28492501973164974
sz.001288,,2026-02-27,38.66,2.2481,121861063.57,2.0869,50.346341,4.140116,"UP_TREND,MACD_KDJ_RESONANCE,SMALL_GROWTH",3,37.179,33.44766666666667,30.090666666666667,61.54544636512286,1.2655826415168505,1.2455003881917335,86.35043978443677,81.9017198819852,95.2478795893399,169122138.656,6544488.7,243879977.42,0.15503306392358557,0.15583548428888894,0.24629271437782063
sz.002066,,2026-02-27,20.98,1.8941,80797199.56,1.6847,271.902482,6.975171,"UP_TREND,MACD_KDJ_RESONANCE,SMALL_GROWTH",3,20.258,19.415000000000003,17.53175,59.31113567619213,0.1904675259048041,0.15996909362190562,57.30755442839285,51.716600789257384,68.48946170666377,130749272.56466667,4703571.55,95869233.49450001,0.11257976298997276,0.08060777749163006,0.28318042813455646
sh.601899,,2026-02-27,39.55,0.4572,9578332570.48,1.175,23.083815,6.270613,"LOW_VAL_BLUECHIP,UP_TREND",2,39.255,35.314,31.543463787083333,55.11646596179064,0.7173428207257047,0.8680980453194533,72.36788164396452,72.29708330051162,72.50947833087034,11278663347.154667,415750272.65,16465662336.436502,0.1574223245109322,0.11995242679956952,0.38723254998246204
sz.002428,,2026-02-27,48.26,8.7182,7959190313.67,25.7254,754.611241,21.656346,"UP_TREND,MACD_KDJ_RESONANCE",2,37.561,33.1745,30.446083333333334,76.89246434375256,1.9843993691223787,0.9529998298744116,93.8864006540797,87.37824472985574,106.9027125025276,2056183623.2681665,55989730.9,2196807527.164,0.1926406926406926,0.4547317970127658,0.9451833937928256
sh.600089,,2026-02-27,30.34,-0.7848,7865725130.08,5.1572,28.819018,2.227893,"UP_TREND,MACD_KDJ_RESONANCE",2,28.657999999999998,25.472166666666666,22.17366666666667,64.0294375345625,0.9807734707197824,0.9043342739493537,85.6874985649383,83.58688267094766,89.88873035291954,7991738870.006833,320523402.25,9215393181.3845,0.11630929174788829,0.191104015494036,0.3747168101495242
sh.600498,,2026-02-27,51.55,10.0085,7671116287.88,12.3543,85.187402,4.629247,"UP_TREND,MACD_KDJ_RESONANCE",2,42.1375,34.50216666666667,30.02558333333333,69.56146707672089,2.6666133573950006,2.176610329318666,90.87723163688159,81.96329889953007,108.70509711158465,4553236958.164834,120972579.45,5120165554.2135,0.2354784788967822,0.4941090656142366,1.2579938677179152
sz.002202,,2026-02-27,28.45,0.2467,7448061534.47,7.7824,45.299656,3.12894,"UP_TREND,MACD_KDJ_RESONANCE",2,26.7605,22.890833333333333,18.598583333333334,59.412814978632014,0.5465785751339105,0.5164641299655028,81.27457945388504,70.19837306199094,103.42699223767323,7366785057.005167,267221669.65,7273589389.727,0.29348135496726446,0.24285558265681306,0.9119623655913978
sz.002195,,2026-02-27,11.07,1.5596,7010466304.59,11.4289,363.536283,6.287748,"UP_TREND,MACD_KDJ_RESONANCE",2,10.1585,8.768333333333334,8.25775,63.28450496722083,0.3417038494501927,0.30953930871458424,85.595492806886,78.66167922918032,99.46311996229736,4757973664.172,571243611.35,5832757003.264999,0.27672479150871876,0.26249762402585053,0.5791726105563482
sh.600549,,2026-02-27,70.15,10.0047,5978602923.38,5.6062,48.190875,6.63621,"UP_TREND,MACD_KDJ_RESONANCE",2,60.28249999999999,48.338499999999996,40.01900364616667,70.83728824581677,3.7350519926827133,3.3228906411891894,85.82348634008541,76.86667686870607,103.73710528284408,3025473109.2018337,74726855.6,4533054722.9475,0.1795145779270341,0.4512241794842622,1.1531614487415593
sh.600105,,2026-02-27,29.94,1.1486,4896259338.58,11.3772,131.366123,13.265173,"UP_TREND,MACD_KDJ_RESONANCE",2,27.308500000000002,24.264166666666668,18.705876477,61.963508042846776,0.8905873455771847,0.7674219092035075,81.67577458065642,71.57780161052922,101.87172052091083,4711481748.549,150337352.5,4127399740.9620004,0.20012686330478915,0.23391832949823121,0.9045801526717556
sh.600309,,2026-02-27,93.0,3.3104,4319534828.84,1.4931,26.235294,2.768694,"UP_TREND,MACD_KDJ_RESONANCE",2,86.5195,78.69433333333333,71.92499999999998,66.16364639803884,2.6339876477012893,2.376541254770643,81.11984170427591,76.26730988696778,90.82490533889217,3110219991.5794997,46455429.15,4029283617.97,0.08684778901898375,0.1817877610840255,0.47525380710659904
sz.000338,,2026-02-27,27.86,-4.6543,4208555794.94,3.0079,20.434676,2.581155,"LOW_VAL_BLUECHIP,UP_TREND",2,25.4995,20.65,17.845946481916666,63.420466728566076,2.0869395163861384,1.912982104735517,71.55497326064315,78.0371657393479,58.59058830323366,2369309485.282167,147271069.45,3773393143.2205,0.07195723684210527,0.3491525423728814,0.6514522821576763
sh.600759,,2026-02-27,6.21,2.3064,3929464489.1,15.3338,62.072645,2.930978,"UP_TREND,MACD_KDJ_RESONANCE",2,5.24,3.7656666666666667,3.1077500000000002,69.43733585876359,0.5396880965995168,0.49600949371824254,81.04698644341632,77.68773416417554,87.76549100189789,2117008039.0776668,693550905.35,3649537906.4784994,0.21616871704745172,0.6491103832875984,1.3702290076335877
sz.000960,,2026-02-27,44.36,9.9926,3850568634.23,5.3999,38.300993,3.661081,"UP_TREND,MACD_KDJ_RESONANCE",2,39.295475976,32.88384552233333,27.673885581333334,65.73149815065995,1.296730633735514,1.087170277908685,89.22274604749515,80.86131495789814,105.94560822668916,2008741422.7016668,70561303.35,2797809045.215,0.25304812834224594,0.3489906455701035,0.8849704403448257
sh.601600,,2026-02-27,13.72,1.9316,3749389807.69,2.0788,16.504429,3.206339,"LOW_VAL_BLUECHIP,UP_TREND",2,13.4125,12.378833333333334,10.6689964075,55.34775767779815,0.11758849207808808,0.14162374792604693,78.80892292576428,72.0443000153703,92.33816874655224,4645149715.935166,435561369.0,5938782734.76,0.19490445859872604,0.1083435434141613,0.300473933649289
sz.002460,,2026-02-27,73.1,0.3294,3568434262.67,4.0454,-108.847351,3.682403,"UP_TREND,MACD_KDJ_RESONANCE",2,69.15299999999999,66.21783333333333,62.35625,61.40935631657106,0.815166723505655,0.23451347503327521,85.59395481119567,83.53911001521001,89.703644403167,3994794400.76,53457984.85,3753968818.4095,0.15398063474986556,0.10393222369603339,0.20032840722495893
sh.603799,,2026-02-27,78.62,2.2633,3494156424.96,2.379,27.869563,3.126306,"UP_TREND,MACD_KDJ_RESONANCE",2,74.49499999999999,69.67799999999998,64.06358333333334,59.76487773935771,1.050537839249074,0.6676009772041758,80.19567087928611,74.87861201828764,90.82978860128304,4279025977.3603334,55761281.55,4191073338.9245005,0.13967310549777118,0.12833318981601116,0.29928937365724684
sh.600497,,2026-02-27,11.03,7.2957,3432950583.51,6.2822,48.656785,3.316655,"UP_TREND,MACD_KDJ_RESONANCE",2,9.6235,8.143833333333333,7.269393141166668,70.3455838563546,0.38122378102497656,0.2889926971360479,89.51272341429106,83.56719897622617,101.40377229042087,1436645653.006,215388022.7,2126991216.0420003,0.224799286351472,0.3543990340339316,0.7563694267515921
sz.002470,,2026-02-27,3.1,9.9291,3291443214.4,33.0288,-67.942333,4.957456,"UP_TREND,SMALL_GROWTH",2,2.15,1.9224999999999999,1.8774166666666667,86.09818213696214,0.22533576519114362,0.12510010044556308,98.38248082206829,95.44826538627197,104.25091169366095,232665757.1735,191314579.05,451550748.15200007,0.09895833333333331,0.6124837451235372,0.7032967032967032
sz.000100,,2026-02-27,4.97,3.112,3277729867.71,3.4558,33.504278,1.696712,"LOW_VAL_BLUECHIP,UP_TREND",2,4.8725,4.671666666666666,4.5015833333333335,56.878386046549835,0.011662238920441048,0.018334459401443286,73.46445515489465,60.295067548034666,99.8032303686146,2428112041.3128333,516957934.9,2528979678.4035,0.10588235294117648,0.06386014983945776,0.21515892420537885
sh.603601,,2026-02-27,13.1,-0.9826,3081485792.3,20.4858,184.450341,6.811307,"UP_TREND,MACD_KDJ_RESONANCE",2,11.758,10.312666666666667,7.700687807333333,59.118882140206146,0.4671264665761541,0.3524783921692754,80.0565396778496,71.21175874338694,97.74610154677492,2056450508.2163332,192119576.25,2273576793.9765,0.36953551912568305,0.2702825004848406,1.7931769722814495
sz.002185,,2026-02-27,15.18,0.3968,2974999369.89,6.0809,61.835645,2.830148,"UP_TREND,MACD_KDJ_RESONANCE",2,14.395999999999997,12.400333333333332,12.018083333333333,64.2123606525825,0.5656256581447181,0.5636532585936099,85.98727053712865,79.5799196597393,98.80197229190733,2264620281.1616664,304386609.2,4418662382.088,0.11118421052631576,0.22416064084298815,0.4016620498614958
sz.002436,,2026-02-27,25.97,-3.2414,2917533146.45,7.4597,-1254.124854,8.185764,"UP_TREND,MACD_KDJ_RESONANCE",2,23.719,22.317666666666664,21.597916666666666,62.86898986872114,0.720724716179987,0.3630880576864331,81.23474534953453,80.48431349387465,82.7356090608543,2041128607.7693334,92062738.95,2224713447.63,0.156551990722845,0.16365211416964143,0.2920398009950247
sh.601020,,2026-02-27,38.72,8.8864,2283471241.4,7.4299,35.209297,7.421538,"UP_TREND,MACD_KDJ_RESONANCE",2,34.204,30.630333333333333,29.227666666666668,68.91851077922188,1.0931001353013627,0.7272419264913883,92.05692087887365,86.52771461878922,103.11533339904253,1269009497.9053335,50492877.5,1762406473.4665,0.22686116700201206,0.2641063869149318,0.24581724581724584
sh.600399,,2026-02-27,7.84,4.2553,2282136382.32,14.7836,-20.517992,2.682295,"UP_TREND,MACD_KDJ_RESONANCE",2,6.7295,6.1419999999999995,5.781333333333333,69.84603537052472,0.21080817544089658,0.11839973320895633,79.76456494373667,68.13012454511474,103.03344574098054,620850979.1399999,108383480.5,745902487.859,0.12603878116343492,0.276457180071638,0.4709193245778611
sz.000060,,2026-02-27,8.26,6.0334,2196601759.72,6.0745,32.658936,2.299613,"UP_TREND,MACD_KDJ_RESONANCE",2,7.5055,6.397,5.924333333333334,66.18258604768602,0.2757082304849199,0.2334917220005705,90.04287237973594,83.09115213479073,103.94631286962633,1386363006.361,281389169.4,2163132504.998,0.20046620046620042,0.29123026418633735,0.6007751937984496
sh.600550,,2026-02-27,17.48,-1.632,2155510000.38,6.676,203.916444,41.117059,"UP_TREND,MACD_KDJ_RESONANCE",2,15.6955,12.661833333333334,10.857833333333334,66.37850420400002,1.037848485200982,0.9534475318185804,86.17019696298935,82.16087832352494,94.18883424191819,1973011147.3826666,140766544.75,2229082429.4435,0.1292307692307692,0.3805267799555092,0.8057851239669422
sh.600078,,2026-02-27,14.16,-4.3889,2072008208.87,21.9692,-93.045975,5.521052,"UP_TREND,MACD_KDJ_RESONANCE",2,12.418,11.064833333333333,9.919916666666666,66.07547852621408,0.6055626235714371,0.37763301945488703,84.20455918067685,77.88582210570758,96.84203333061541,472775710.47683334,46166487.45,595257609.3104999,0.18866328257191203,0.27973007576556363,0.27797833935018046
sh.600711,,2026-02-27,16.87,1.6878,1993949320.97,3.8576,25.985837,3.087976,"UP_TREND,MACD_KDJ_RESONANCE",2,16.460500000000003,15.238468196500001,12.650591589333334,54.769613087737284,0.17262774696337502,0.1615001931918636,70.1260040259427,66.14478057706785,78.08845092369242,2366629294.4631667,151650776.75,2520134380.9350004,0.2037239868565171,0.10706665410600347,0.4055815643922016
sz.002173,,2026-02-27,30.99,3.8887,1984924122.64,15.5438,-222.779206,7.67883,"UP_TREND,MACD_KDJ_RESONANCE",2,28.996999999999996,26.080499999999997,24.518583333333332,60.82155908854785,0.6719228967546265,0.6257124276639547,86.98816911672088,80.6696665765082,99.62517419714624,1394140547.9594998,49719192.7,1441842088.8775,0.2549337658826711,0.18824409041237722,0.4535647279549717
sh.600456,,2026-02-27,44.35,9.995,1959291432.31,9.4026,50.981961,2.999585,"UP_TREND,MACD_KDJ_RESONANCE",2,39.397,36.96233333333334,34.491083333333336,68.1060523307466,0.711654424791412,0.35345081337264783,89.54992046237544,78.3292598374928,111.99124171214072,831231890.5275,20085903.35,806196300.7425001,0.12887323943661977,0.19987013806848397,0.4283413848631239
sz.000751,,2026-02-27,7.11,9.0491,1957716885.07,19.8765,167.80293,3.186785,"UP_TREND,MACD_KDJ_RESONANCE",2,6.194999999999999,4.861000000000001,4.352500000000001,69.66647066365456,0.3618985918186448,0.32777950421428603,85.0101025020449,73.86740118524585,107.295505135643,666887445.0981667,188334532.05,1189324918.0240002,0.27356020942408377,0.46266200370294164,0.8045685279187818
sz.000758,,2026-02-27,9.04,5.731,1894177907.24,10.7595,32.923349,3.019028,"UP_TREND,MACD_KDJ_RESONANCE",2,7.9365,6.967333333333333,6.813249999999999,68.0590848072729,0.30742299871607237,0.2124324763706663,85.98677294206837,79.7812431594785,98.39783250724813,670253120.2796667,151315620.45,1244099345.7494998,0.20555555555555552,0.29748349440244937,0.5066666666666666
sz.002046,,2026-02-27,52.57,10.0021,1863214174.01,6.9442,100.178625,6.513305,"UP_TREND,MACD_KDJ_RESONANCE",2,46.846999999999994,42.63166666666667,36.383,68.76348849346051,1.1047154445490648,0.8793207283753278,83.926310485735,69.48598579320443,112.80695987079613,1332324968.5926666,20349226.6,960000921.732,0.14332625072435776,0.23312091950428093,0.6547056971986152
sh.601958,,2026-02-27,24.53,10.0,1840975403.21,2.3816,24.825567,4.378091,"UP_TREND,MACD_KDJ_RESONANCE",2,20.977,17.511666666666667,16.266916666666667,72.18462465997985,1.1471067281071505,0.9359626746629554,90.78299968618506,83.7998523396485,104.7492943792582,738344737.594,54997404.9,1159103130.7955,0.2009405728943993,0.4007804320928905,0.76984126984127
sh.600259,,2026-02-27,102.08,10.0,1838099307.19,5.4772,328.393131,9.827832,"UP_TREND,MACD_KDJ_RESONANCE",2,84.212,67.3605,62.653999999999996,72.47755638576062,6.474475805417384,5.370022530925011,93.26488254472736,88.09674612117382,103.60115539183442,1046489940.1930001,15832049.65,1333277237.6334999,0.09959647835656639,0.5154281812041182,0.8637940478364066
sh.600884,,2026-02-27,15.09,0.6,1835883181.14,6.679,-317.96805,1.547241,"LOW_VAL_BLUECHIP,UP_TREND",2,14.026500000000002,13.644,13.495583333333334,58.93070413109763,0.35380336994497874,0.2486532160730403,55.45905210705059,53.72909793667063,58.91896044781052,1249268454.4088333,122707227.85,1776501039.8404999,0.13029728020240358,0.1059806508355321,0.1872541306058222
sh.600219,,2026-02-27,7.08,0.7112,1835727937.5,2.2529,15.903587,1.563014,"LOW_VAL_BLUECHIP,UP_TREND",2,7.028999999999999,5.823710112,4.949407907666667,58.66041762693086,0.22746099569332223,0.2824132136434334,77.7623578842016,74.67968674480757,83.92770016298968,2015537588.394,380718700.05,2707452329.6275,0.19117647058823536,0.215719852781024,0.5733340325929035
sh.600459,,2026-02-27,25.85,10.0,1819471824.75,9.5087,30.939683,2.651084,"UP_TREND,MACD_KDJ_RESONANCE",2,23.135,20.517999999999997,18.69633333333333,65.50622731413378,0.6875480077903724,0.5250115743944498,91.36949648880137,84.76375431919516,104.58098082801382,1099475267.7501667,53010961.35,1259966841.0315,0.20563909774436098,0.25986938298079765,0.4864864864864866
sz.002001,,2026-02-27,31.5,1.4166,1817196768.1,1.8995,13.446689,3.00633,"LOW_VAL_BLUECHIP,UP_TREND",2,28.9395,26.323333333333334,25.257932843,73.22941412040959,1.1858811548956254,1.0392221756787152,78.38949515219673,76.96088742459679,81.24671060739661,821217455.2900001,46196252.8,1344327547.308,0.0675195451314855,0.19665695833860952,0.30977130977130973
sh.603267,,2026-02-27,66.81,3.0224,1771202504.06,11.4514,62.069389,3.513396,"UP_TREND,MACD_KDJ_RESONANCE",2,57.609,53.54416666666667,53.50915895866667,72.38047328710971,1.934170051243676,1.0252629986534114,88.87299287947388,85.98445994961111,94.65005873919944,475465599.67249995,9981226.2,586767583.2885001,0.1191726854891662,0.24775496863959656,0.43369098712446363
sh.601857,,2026-02-27,10.86,-0.2755,1755349381.61,0.0997,12.566196,1.275353,"LOW_VAL_BLUECHIP,UP_TREND",2,10.706,10.145833333333334,9.52595462475,56.21859200942295,0.21144412868284412,0.21631768183149447,56.46586089502157,60.75745518706589,47.882672310932946,1840175477.7916667,253808247.75,2713653099.2265,0.05859750240153693,0.07039014373716612,0.10816326530612241
sz.001389,,2026-02-27,119.74,1.7592,1697668902.76,9.5036,56.171958,14.026557,"UP_TREND,MACD_KDJ_RESONANCE",2,104.27650000000001,87.44933333333333,80.53341666666667,75.27940493171646,5.746292272637078,4.856818011600171,89.20691438341319,76.66549593278502,114.28975128466956,754894165.7313334,10482224.6,1099869442.4795,0.09443413729128008,0.369250003811731,0.7575223836782621
sh.600452,,2026-02-27,13.28,10.0249,1693488782.6,8.4903,52.296146,3.729019,"UP_TREND,MACD_KDJ_RESONANCE",2,11.995000000000001,10.422666666666666,10.1035596875,74.57020176991595,0.5107245332142352,0.4910103558325679,82.94035257671285,74.78633813082655,99.24838146848546,436933105.902,63098932.8,756108143.231,0.07165861513687605,0.27414609185109384,0.42949407965554376
sz.000768,,2026-02-27,30.83,-0.5805,1597025594.55,1.858,79.98034,3.93234,"UP_TREND,MACD_KDJ_RESONANCE",2,29.793,27.30816666666667,26.514083333333335,59.63143835463497,0.6708415141196689,0.6546072905666377,75.74789582922187,75.27759609577228,76.68849529612106,1350032464.2898333,50477672.65,1510818992.6795,0.09430318635339555,0.12896630434119216,0.24214343271555183
sz.000969,,2026-02-27,25.51,2.04,1592123340.9,6.0887,85.358943,4.734768,"UP_TREND,MACD_KDJ_RESONANCE",2,24.368,22.44,19.765333333333334,60.65113392090165,0.25992073406619554,0.23033039070060873,86.8718031294793,77.42343426970601,105.7685408490259,1640953595.7516665,40809080.5,1003704982.044,0.20157157499145878,0.13680926916221026,0.37817396002160986
sz.003035,,2026-02-27,8.22,10.0402,1555397233.4,5.1753,235.65407,4.466551,"UP_TREND,MACD_KDJ_RESONANCE",2,6.789,5.454981305333334,5.174893896666666,73.4032357001026,0.5573752209052945,0.5052898853375433,86.1373184671512,72.21034847471705,113.99125845201951,439334686.25399995,150572754.05,1035176939.624,0.14210526315789476,0.5068795913128628,0.7019995985765621
sz.002478,,2026-02-27,13.53,6.4516,1508634568.78,15.6508,19.807685,2.063578,"LOW_VAL_BLUECHIP,UP_TREND",2,10.5595,9.089166666666667,7.7411666666666665,73.46285354524736,0.8404583735710407,0.5676335749419752,92.34019316564238,89.18862849424625,98.64332250843461,464471226.186,52976119.35,573404865.5235,0.10682819383259919,0.48858531218483536,0.8234501347708894
sh.600667,,2026-02-27,11.08,-1.8601,1485211745.0,6.4498,39.545988,2.677065,"UP_TREND,MACD_KDJ_RESONANCE",2,10.0865,8.8455,8.498916666666666,64.31881211660897,0.462844910835182,0.3689369169356959,77.95841411002209,73.50210429157555,86.87103374691517,1215332627.4463334,198741284.8,2028919179.5990002,0.17379679144385035,0.25261432366740166,0.4025316455696202
sz.002440,,2026-02-27,14.85,1.0892,1461761968.35,10.4846,58.037108,1.757412,"LOW_VAL_BLUECHIP,UP_TREND",2,13.0415,9.4905,8.379666666666667,73.78561875358228,1.6164278134987686,1.5934371399800646,56.60399328122023,67.86415134761735,34.08367714842598,642075477.7175,125405703.9,1636044437.318,0.04606830818109611,0.5647226173541962,1.097457627118644
sh.600869,,2026-02-27,15.04,-1.3123,1458893979.26,4.3604,-653.458488,7.835296,"UP_TREND,MACD_KDJ_RESONANCE",2,12.817000000000002,9.9135,8.715749999999998,76.7394458001425,1.113164323897676,0.9681046404961415,86.0757784727409,80.5944597090312,97.03841600016025,942746198.3181666,109238580.95,1387730856.686,0.08241758241758244,0.5171231149442677,1.1892285298398835
sh.600188,,2026-02-27,17.72,4.2966,1434943677.35,1.3909,18.068886,3.408709,"LOW_VAL_BLUECHIP,UP_TREND",2,15.635500000000002,14.334499999999998,14.1947953405,71.98528562444767,0.9275073235323941,0.7349195981111081,82.47316966591637,81.81789274096221,83.7837235158247,760055818.3308333,90044880.8,1415537999.358,0.06214285714285709,0.236178450591231,0.2784992784992786
sh.600352,,2026-02-27,16.39,-0.1219,1425611897.34,2.6616,25.710258,1.561395,"LOW_VAL_BLUECHIP,UP_TREND",2,15.204500000000001,12.346666666666668,11.353316958333332,67.55246197186972,1.1396194957990673,1.1404290020653738,66.82591681896413,73.35144714517503,53.77485616654235,807485182.2223333,116092607.25,1784259743.3665001,0.11441499676793802,0.32748380129589627,0.574447646493756
sz.000039,,2026-02-27,13.5,-0.1479,1403733554.64,4.5746,26.863724,1.498069,"LOW_VAL_BLUECHIP,UP_TREND",2,10.9575,9.960333333333333,9.041166666666665,78.63327074773356,0.8278528843703796,0.5586572269656366,95.27333248463695,93.13032089381605,99.55935566627875,785652294.0508333,96845629.4,1086744070.749,0.08179162609542355,0.35537632609350434,0.588235294117647
sz.002129,,2026-02-27,10.32,0.6829,1401571483.91,3.3519,-4.376561,1.660251,"LOW_VAL_BLUECHIP,UP_TREND",2,10.2075,9.2575,9.197666666666667,54.309894079122216,0.351952568105828,0.4161522626618405,13.195903322301548,20.851958955571437,-2.1162079442382264,1484913184.8673334,268500125.15,2795657697.71,0.12243150684931504,0.11477180664326214,0.11326860841423958
sz.002536,,2026-02-27,31.5,-1.6854,1398734936.75,8.2435,51.772178,5.237209,"UP_TREND,MACD_KDJ_RESONANCE",2,29.272000000000002,27.935333333333332,26.050916666666662,58.264899348194064,0.5600441566953478,0.3335297072324539,76.86954697872962,70.4156378074224,89.77736532134406,1626401119.3100002,43741340.2,1290407555.9595,0.1773472429210133,0.1276042288141661,0.46716348393106677
sh.600338,,2026-02-27,19.97,4.391,1385942012.67,7.7055,40.849934,4.189849,"UP_TREND,MACD_KDJ_RESONANCE",2,18.8415,16.551000000000002,15.122166666666667,62.016194217117125,0.3699796470599921,0.33354738818882035,86.29010509588572,78.9904350122133,100.88944526323056,1097332587.156,64804199.15,1253300683.0960002,0.1925233644859812,0.2065736209292488,0.38105117565698454
sh.600141,,2026-02-27,43.1,0.5131,1373606762.17,2.8623,29.982391,2.213399,"UP_TREND,MACD_KDJ_RESONANCE",2,40.2325,36.75833333333333,32.84758333333333,62.9261048825756,1.023554054302096,0.6896751196065637,73.05996909647331,72.81191833394547,73.55607062152899,873281316.7253333,28772884.3,1170839928.552,0.1578103527256068,0.17252323736114272,0.40025990903183883
sh.601868,,2026-02-27,2.54,1.6,1351924321.27,1.6551,13.323521,0.965306,"LOW_VAL_BLUECHIP,MACD_KDJ_RESONANCE",2,2.4465,2.403,2.4221666666666666,66.4249854617978,0.015675840307133093,0.0059690320248955726,88.6880110463718,77.2112886789352,111.64145578124499,883114383.4151667,475305833.6,1167776620.2455,0.059055118110236185,0.057012068248023295,0.07627118644067798
sz.002487,,2026-02-27,69.61,-1.3324,1345160489.73,3.0404,41.138169,5.512703,"UP_TREND,MACD_KDJ_RESONANCE",2,63.496,57.33,51.097140538333335,69.8425946061113,2.8261311115421464,2.319857312045722,79.61699251067421,77.91654085405278,83.01789582391706,937770348.0971665,12798088.45,815377423.4905001,0.1515463917525773,0.21419849991278572,0.4148373983739837
sh.603596,,2026-02-27,55.18,3.1402,1337449944.35,3.9785,25.309669,4.574226,"UP_TREND,MACD_KDJ_RESONANCE",2,52.3,51.225,49.977,61.90107240772303,0.026982270673890696,-0.2901391345913233,75.95075185496232,71.40974292347568,85.0327697179356,807387670.8856666,15421132.95,817337053.0375,0.15257133094139758,0.07720839433870186,0.22950089126559714
sz.000510,,2026-02-27,20.41,10.027,1297430928.89,10.8501,-123.920475,10.723816,"UP_TREND,MACD_KDJ_RESONANCE",2,17.1795,13.488333333333333,9.618083333333335,68.75079480370398,1.132515242616929,0.9327658796593762,90.87590689628607,84.58235640839717,103.46300787206383,1165071236.6573334,75091459.25,1298376508.9945002,0.27451946771808766,0.513159520573335,1.9074074074074074
sz.000629,,2026-02-27,4.25,3.912,1238648164.19,3.1684,-845.911377,3.216032,"UP_TREND,MACD_KDJ_RESONANCE",2,3.87,3.4313333333333333,3.2194166666666666,65.78573250657219,0.12669241032036727,0.09648900820285058,87.26426347989258,76.31112779928131,109.17053484111511,703216032.8554999,265157776.35,1048285357.8485,0.17090069284064668,0.23858558383524375,0.4072847682119205
sh.600989,,2026-02-27,23.93,1.6136,1226704878.4,0.7068,16.323227,3.818673,"LOW_VAL_BLUECHIP,UP_TREND",2,23.1145,20.474333333333334,19.113071506666664,62.25007482065142,0.7529369461562467,0.8009772023702664,76.51368125885784,73.74591755192961,82.04920867271431,1121867465.5918334,73123590.7,1688764839.517,0.09068010075566751,0.16878042427103845,0.3353794642857142
sz.000422,,2026-02-27,18.14,1.9101,1203954793.01,6.319,49.628406,3.346759,"UP_TREND,MACD_KDJ_RESONANCE",2,16.329500000000003,15.187,14.77625,68.02627709484511,0.558464177142536,0.342102126547734,85.60402071974784,81.17078541658404,94.47049132607543,743496068.4465001,61895806.75,1029340218.901,0.11976744186046505,0.1944426153947456,0.23066485753052923
sz.002601,,2026-02-27,23.35,3.2272,1201363435.15,2.6187,43.514877,2.370311,"UP_TREND,MACD_KDJ_RESONANCE",2,21.807,19.929983096333334,19.34732988475,65.64547129417713,0.6389851257413568,0.5272625987403601,80.24963402374459,77.00315246943542,86.74259713236293,511869199.8226667,33816830.55,746291394.1405,0.10075121520106044,0.17160159580345424,0.32072619877206665
sh.600938,,2026-02-27,35.87,1.1277,1196290549.44,1.1232,13.83308,2.170295,"LOW_VAL_BLUECHIP,UP_TREND",2,34.653499999999994,30.7615,28.727138978750002,60.464700774939814,1.3564924450279179,1.3658970091826927,64.08429728871671,68.52274886403669,55.20739413807678,1565444198.7283335,62897696.25,2186879308.352,0.07935200439319057,0.16606797457861266,0.27379261363636354
sh.600470,,2026-02-27,7.94,3.1169,1174490490.49,28.3047,-18.781921,2.545533,"UP_TREND,SMALL_GROWTH",2,6.842999999999999,6.360166666666667,6.215,70.7876933012336,0.31763171423042547,0.18850383856023026,72.52352883531427,74.38115938926305,68.8082677274167,169562358.13766667,37594373.4,273753983.811,0.09463722397476336,0.2483949582034013,0.3080724876441516
sh.601619,,2026-02-27,6.94,4.2042,1160061302.79,6.9292,29.987081,2.515301,"UP_TREND,MACD_KDJ_RESONANCE",2,6.032,5.077863949833333,4.7891733995,70.16851625745439,0.37182088593864737,0.3107290178574994,86.79810353574283,79.10329639322185,102.18771782078477,545225540.1383334,157186851.05,946197792.251,0.17236024844720502,0.36671641236622476,0.636791642155083
sh.600237,,2026-02-27,11.0,-1.3453,1156595694.18,16.9146,61.048377,3.606251,"UP_TREND,MACD_KDJ_RESONANCE",2,9.922,9.441833333333333,8.626166666666668,67.37358154575097,0.22705298759498582,0.1101522444979165,91.88013156860642,88.1759063832547,99.28858193930984,498999956.6135,34900943.45,355494527.83500004,0.1325966850828729,0.16502797832341876,0.24434389140271495
sz.000767,,2026-02-27,3.78,4.1322,1122500929.42,10.319,17.795689,1.854253,"UP_TREND,SMALL_GROWTH",2,3.2894999999999994,3.0126666666666666,3.00275,69.95807759638241,0.18491956947363386,0.1384478296791031,84.00620713200388,81.41231848367046,89.19398442867072,282712173.86583334,190354362.0,648443125.034,0.06629834254143652,0.2547023677804823,0.3500000000000001
sh.601975,,2026-02-27,4.11,2.2388,1119649452.26,5.817,15.867916,1.675899,"LOW_VAL_BLUECHIP,UP_TREND",2,3.7064999999999997,3.3261666666666665,3.25475,67.56551264622252,0.17427412768887907,0.14101231797812858,71.93409453188451,67.68739084665687,80.4275019023398,544808446.3846667,237222465.95,899672694.7479999,0.08290155440414504,0.23565666182291944,0.28037383177570097
sz.000890,,2026-02-27,7.66,-4.4888,1088239599.93,34.7673,-36.790131,-579.712966,"UP_TREND,SMALL_GROWTH",2,5.771,5.4556666666666676,4.981166666666667,76.75907478320015,0.5112969909783116,0.2303186252865746,92.73535793940486,94.57459976560119,89.05687428701219,239569907.61299998,36935166.55,239100270.68150002,0.29583333333333334,0.4040447241400378,0.7213483146067414
sz.002796,,2026-02-27,52.32,2.7292,1087717658.57,9.5556,1013.765057,15.417265,"UP_TREND,MACD_KDJ_RESONANCE",2,46.259,33.939499999999995,26.076083333333333,71.57852272040208,3.337090309858496,3.257537821888916,89.24878545274635,81.84852109843031,104.04931416137842,815948966.3953334,20948883.65,972303837.582,0.16630283786465574,0.5415666111757689,1.8527808069792804
sh.601877,,2026-02-27,33.04,1.443,1085028620.91,1.5405,15.584892,1.624432,"LOW_VAL_BLUECHIP,UP_TREND",2,30.973000000000003,29.572833333333335,29.356749999999998,66.59596214365737,0.6383852593804846,0.43948545537704664,93.35347537588652,89.33037006310204,101.39968600145545,879157133.8056667,30827562.85,955988063.1620001,0.0975609756097561,0.11724161251599141,0.19883889695210444
sh.600490,,2026-02-27,10.3,4.9949,1051450988.54,5.2743,89.622004,3.590992,"UP_TREND,MACD_KDJ_RESONANCE",2,9.6015,8.372833333333334,7.816666666666666,61.81208220984043,0.3387859778687634,0.2874645682542747,91.19069664745416,85.07078689526294,103.4305161518366,811542034.4703333,131199815.95,1290879990.1629999,0.23703041144901613,0.23016899894500065,0.4128943758573389
sz.002648,,2026-02-27,23.38,0.9063,1030759356.99,1.3155,12.83947,2.458114,"LOW_VAL_BLUECHIP,UP_TREND",2,22.904000000000003,19.396833333333333,19.025750000000002,62.072322639942016,0.8582914566745536,0.9743502828038324,65.41890462623863,63.43672275500386,69.38326836870816,1162941345.5251667,76074094.75,1748068228.9434998,0.10016420361247938,0.20535138897242677,0.3933253873659117
sz.000425,,2026-02-27,12.26,-0.8091,1030537514.48,0.9362,21.820848,2.405913,"LOW_VAL_BLUECHIP,UP_TREND",2,11.562999999999999,11.230333333333334,10.829333333333333,60.37051153512323,0.34701189678450284,0.2537601011827892,60.93491672763065,69.5001340754894,43.80448203191315,1056545017.5031666,123050770.65,1411566044.8265,0.10677966101694927,0.09168620699890173,0.1902912621359223
sz.000933,,2026-02-27,32.45,2.044,1029311840.25,1.4161,17.139138,3.045796,"LOW_VAL_BLUECHIP,UP_TREND",2,32.138,29.093999999999998,25.64425,56.2078238832983,0.3598258585686622,0.5277997802744777,76.81466395022534,63.687476574494724,103.06903870168657,1214593102.2996666,43103897.6,1395460678.3745,0.16750278706800448,0.11535024403657124,0.33484162895927616
sh.600301,,2026-02-27,64.76,10.0051,1020044745.84,5.8942,66.982721,9.115733,"UP_TREND,MACD_KDJ_RESONANCE",2,55.214999999999996,45.717333333333336,38.68908333333333,69.80240263902289,2.724785114705419,2.2348137568080713,87.86720924771976,78.17585664615763,107.24991445084402,587246949.975,11499411.05,637912570.0285001,0.23255813953488372,0.4165305646290247,0.5923284976641259
sh.600961,,2026-02-27,23.85,7.6264,1018509006.92,5.7695,24.073423,6.982725,"UP_TREND,MACD_KDJ_RESONANCE",2,21.731,18.274333333333335,16.698083333333333,65.62523833764439,0.8061780801084133,0.7441249642849942,85.4872737599795,78.19065879372866,100.08050369248116,545039411.8901666,36552911.5,802694238.8644999,0.21781789638932497,0.3051091695091477,0.6158536585365855
sz.000733,,2026-02-27,57.74,-0.6709,1006660898.22,3.1432,33.723555,2.092428,"UP_TREND,MACD_KDJ_RESONANCE",2,55.330499999999994,52.88883333333333,51.047583333333336,61.148249035487254,0.369536891658953,0.13759947522643945,75.99099672209614,65.28224469629552,97.40850077369737,972282521.7861667,17107650.55,957121774.3659999,0.10778039744021566,0.0917238358443655,0.2140454163162322
sz.000591,,2026-02-27,5.83,3.5524,1003782843.37,4.4273,21.587031,0.939678,"LOW_VAL_BLUECHIP,UP_TREND",2,5.5975,4.900844070333333,4.766211261833333,64.1566161661391,0.1803418273828905,0.1990345241300315,64.16093638927566,55.00259446223039,82.4776202433662,574386193.3878332,181973506.45,1021139833.3725001,0.0628272251308901,0.18959100031180354,0.32164070771624664
sz.000582,,2026-02-27,11.41,5.9424,1002279376.15,4.3381,25.194998,1.459423,"LOW_VAL_BLUECHIP,UP_TREND",2,10.056999999999999,9.558833333333332,9.134838500499999,75.09393663694073,0.3300062118535756,0.20593544901006972,86.78478661002657,78.7266683816174,102.90102306684491,423288848.2223333,53897937.25,549546733.827,0.10748560460652584,0.19366031419454965,0.30400000000000005
sz.000400,,2026-02-27,31.9,-0.3125,1001243329.91,3.1217,28.917886,2.743476,"UP_TREND,MACD_KDJ_RESONANCE",2,30.847,28.293333333333333,26.879966620666664,60.40991023576151,0.6677313310601107,0.6503913842880377,88.22646459942956,83.1999787359112,98.27943632646628,1122585344.2765,39585705.35,1224476264.3685,0.103070842201277,0.12747408105560787,0.23452012383900933
sz.002192,,2026-02-27,59.68,2.2268,980565714.18,6.464,87.825569,4.480618,"UP_TREND,MACD_KDJ_RESONANCE",2,55.180499999999995,53.602833333333336,48.06441666666667,62.72775671951915,0.4468587434610072,-0.13476837828473767,89.24645163912466,82.69962858479448,102.34009774778502,920118242.405,12338231.65,695788083.309,0.18230781785539418,0.11337398209671745,0.10661969219358425
sz.000155,,2026-02-27,14.45,4.0317,969755633.06,3.7097,60.006499,2.585689,"UP_TREND,MACD_KDJ_RESONANCE",2,13.093,12.413166666666665,11.751363007833334,68.84102777271436,0.2996286771093981,0.15516025958345825,91.68062179862815,85.7442116273217,103.55344214124102,537347537.7325,47914225.9,637660420.0220001,0.13951841359773365,0.16408652103277444,0.18248772504091648
sz.000917,,2026-02-27,11.77,-0.2542,961531592.17,5.7158,99.873905,1.600125,"LOW_VAL_BLUECHIP,UP_TREND",2,11.344,10.552333333333333,9.40625,55.31283575791348,0.2425460448551071,0.18719039699690468,61.13670498349779,65.01312700318215,53.38386094412908,1156369728.5135,89045418.85,1032155672.267,0.2087415222305953,0.1153931200050542,0.3670150987224159
sh.600577,,2026-02-27,15.42,0.9823,939061682.26,2.8441,55.538141,5.475302,"UP_TREND,MACD_KDJ_RESONANCE",2,14.289499999999999,12.912666666666667,11.386984541666667,65.39219636035844,0.3299296255129711,0.2610559031247539,88.52559024715993,83.0241243254142,99.52852209065136,1383102309.5374997,73521810.5,1057530776.2985001,0.15475450590428838,0.19417626103567565,0.5222112537018755
sh.600230,,2026-02-27,24.76,9.9956,932633786.83,9.5646,189.367006,2.547353,"UP_TREND,MACD_KDJ_RESONANCE",2,20.887999999999998,16.331,14.46125,69.84707977423741,1.617561584682253,1.4661099931206767,88.662987202845,78.91431956826827,108.16032247199848,424710441.74733335,35576868.2,740623915.231,0.13392070484581495,0.5161349580552326,1.0412201154163232
sz.002142,,2026-02-27,31.29,1.0006,910675415.49,0.4392,7.04416,0.948354,"LOW_VAL_BLUECHIP,UP_TREND",2,31.170499999999997,29.296379424166666,28.499276366833335,56.34272037358544,0.5258019074192148,0.6834080142257412,20.241968315054052,22.687829399829486,15.350246145503185,903662094.0103334,35811333.05,1111847988.8674998,0.050597976080956716,0.06805006676657088,0.09850068562328729
sh.603306,,2026-02-27,87.95,-0.6327,898515705.63,3.1373,114.183787,9.341387,"UP_TREND,MACD_KDJ_RESONANCE",2,78.584,65.6155,57.868916666666664,70.469249221943,4.964192970666403,4.299221731970862,87.12890057953803,82.49940995622457,96.38788182616494,894307385.5244999,14274395.65,1121823256.6395001,0.07977941176470578,0.3403845128056633,0.8800769559640873
sh.603269,,2026-02-27,14.66,7.5569,892634284.64,20.0928,42.62407,4.751444,"MACD_KDJ_RESONANCE,SMALL_GROWTH",2,12.6625,12.795666666666667,12.665916666666668,71.27702052858314,0.11689148725013254,-0.07251607764381628,77.9653509323291,60.73241828512637,112.43121622673456,195908469.31633335,14273967.4,186872824.63099998,0.12707581227436823,0.1457003673118502,0.21862011637572754
sh.601226,,2026-02-27,12.45,7.4202,890206470.01,6.3359,113.361131,3.31633,"UP_TREND,MACD_KDJ_RESONANCE",2,11.1215,9.140333333333333,8.261833333333334,66.30491099710481,0.6324265186530678,0.619390189416813,79.44405919450641,65.06011557399549,108.21194643552826,415516608.4476667,75509054.55,844143597.1389999,0.18538884524744706,0.3620947449035412,0.7078189300411522
sh.603678,,2026-02-27,43.3,-0.4598,844430924.16,4.1262,71.284118,3.357766,"UP_TREND,MACD_KDJ_RESONANCE",2,40.3515,36.6795,36.49469640591667,63.39164870290047,0.9854110207459144,0.7506367651502901,83.37299217200862,79.22966814479912,91.65964022642763,732346618.948,19654054.45,799369802.9885,0.12205270457697645,0.1804959173380225,0.3820619214810086
sz.000546,,2026-02-27,6.71,-1.757,838555146.87,17.7738,-29.229336,1.285712,"LOW_VAL_BLUECHIP,MACD_KDJ_RESONANCE",2,6.1365,6.397666666666666,5.852416666666667,60.56501762550149,-0.026551963300394554,-0.13607930583579003,79.67264977569714,76.44209223899612,86.13376484909915,435854194.8398333,37498798.75,235987217.80100003,0.27214377406931967,0.04881988224873668,0.10726072607260728
sz.000839,,2026-02-27,3.59,0.2793,824907291.16,5.8289,-64.199421,9.175352,"UP_TREND,SMALL_GROWTH",2,3.092,2.8321666666666663,2.8051666666666666,70.45395895951826,0.20994244134281947,0.1428761071113871,81.1650971664733,81.85436195208268,79.78656759525455,237160140.9345,149169835.0,484850032.4265,0.09756097560975618,0.26758076855175683,0.27304964539007104
sz.002171,,2026-02-27,13.74,1.6272,801498905.39,3.6376,39.203655,2.570739,"UP_TREND,MACD_KDJ_RESONANCE",2,13.334,13.0005,12.016333333333334,56.01504109296944,-0.05018024577215918,-0.09978796797862173,91.13332212703017,84.87874626261018,103.64247385587015,1221860749.2755,65308955.05,888583529.431,0.2001278772378517,0.05688242759893858,0.22569134701159665
sz.002025,,2026-02-27,52.88,-0.8252,771093982.04,3.2008,296.031886,3.699633,"UP_TREND,MACD_KDJ_RESONANCE",2,52.1865,50.592,48.95033333333333,51.46111367874787,-0.17070754889313378,-0.17796311481628446,67.68301680540527,56.61458356136598,89.81988329348387,1483459525.312167,17717780.9,932008391.6084999,0.289228159457167,0.045224541429475185,0.24248120300751874
sz.000157,,2026-02-27,9.99,-0.1,770559208.95,1.0931,20.084682,1.481325,"LOW_VAL_BLUECHIP,UP_TREND",2,9.360499999999998,8.713746311333331,8.207991290583333,70.14188955881257,0.34712762077451487,0.30286812781000616,79.30974859177945,80.8233904703461,76.28246483464616,717955942.1266667,104729685.5,973221529.5980002,0.03893214682981086,0.14646440727873156,0.28677478189602157
sh.600389,,2026-02-27,30.28,6.1711,753300511.44,5.7913,27.275702,3.183867,"UP_TREND,MACD_KDJ_RESONANCE",2,26.524,24.776333333333334,24.552158014333333,71.16875338504069,0.7932658678082767,0.4061926869538298,85.44669036629352,79.48696497198527,97.36614115491003,297721217.70183337,13802912.9,370918815.7,0.13536953242835595,0.2221340257503801,0.3726201269265641
sh.600100,,2026-02-27,9.52,1.6009,730376793.62,2.2962,188.457789,1.973588,"UP_TREND,MACD_KDJ_RESONANCE",2,9.2675,9.039333333333332,8.621166666666666,56.73440437845326,0.06111070142774011,0.04754441301422169,77.60407821615402,73.53999280667504,85.73224903511198,698383335.0656667,81870876.4,765058371.713,0.11220043572984743,0.053175012906556685,0.09174311926605494
sh.603773,,2026-02-27,41.88,6.1328,721776387.54,7.8316,-67.261326,8.069055,"UP_TREND,MACD_KDJ_RESONANCE",2,38.2495,35.03066666666666,33.80108333333333,61.206595840164965,0.8610748188469017,0.7000223674864665,80.50084953886207,67.26508407902435,106.97238045853751,466016696.9338333,14231828.3,550850845.0024999,0.17767332549941237,0.19552392189700485,0.49411344987513384
sh.601233,,2026-02-27,24.29,0.9979,715123126.63,1.236,33.432962,1.539304,"LOW_VAL_BLUECHIP,UP_TREND",2,22.14,18.373499999999996,16.470833333333335,69.73056002701215,1.492413017280846,1.3856565889330885,79.1382948107165,80.96387566303629,75.48713310607693,634462167.6698334,38312721.8,840257464.0465,0.08209437621202335,0.32201268130731786,0.6478968792401627
sh.605358,,2026-02-27,41.81,-1.135,706742364.68,2.5331,-87.891155,4.005927,"UP_TREND,MACD_KDJ_RESONANCE",2,41.2755,37.983,34.35316666666667,55.284868063792196,0.2521346190325957,0.24653377926071718,76.1959539705441,71.6574864449945,85.27288902164327,1372105564.4748335,28069232.8,1184407512.6825,0.15187937062937054,0.10075560119000615,0.4168078617417825
sz.003031,,2026-02-27,80.65,-2.2898,687430099.94,2.5231,59.318392,5.780672,"UP_TREND,MACD_KDJ_RESONANCE",2,77.218,72.76766666666666,64.94608333333333,56.09146834647259,0.7990251790214984,0.4218830920987483,76.92159073582681,70.93969091051926,88.88539038644191,835278002.4766667,9611861.9,749575901.3415,0.15084325981837488,0.10832191953385917,0.551558291650635
sh.600028,,2026-02-27,6.46,-0.4622,683731002.16,0.1115,21.669315,0.940084,"LOW_VAL_BLUECHIP,UP_TREND",2,6.4425,6.110166666666667,5.836763339666666,54.69263245021129,0.10475867260939697,0.11847051067997581,43.48327275320659,50.772590415098875,28.904637429422024,1243615475.4033332,249247398.05,1604614838.774,0.05501618122977344,0.0572543029377266,0.11379310344827598
sh.600312,,2026-02-27,22.81,-1.2126,671425200.77,2.1734,26.949527,2.72021,"UP_TREND,MACD_KDJ_RESONANCE",2,22.037,19.564666666666664,18.14655845433333,61.318599166281516,0.6929457824599083,0.6889185455102109,86.84186685024545,86.52528411239746,87.47503232594147,714413501.5235,34171024.0,754884347.9225,0.11016588685665672,0.16587726173033035,0.3883140596469872
sz.002182,,2026-02-27,21.79,9.995,670291858.49,3.6287,231.610343,4.019407,"UP_TREND,MACD_KDJ_RESONANCE",2,19.017500000000002,16.550666666666668,15.565416666666666,74.56225798702145,0.7289318416307857,0.5746262917864575,91.5183886700843,84.09691483542659,106.36133633939977,572254528.6244999,41089492.3,785796851.4024999,0.12968441814595671,0.31656328043180526,0.6358858858858858
sz.000823,,2026-02-27,15.96,-3.9133,660613461.06,7.7205,34.753526,1.819313,"LOW_VAL_BLUECHIP,UP_TREND",2,14.827000000000002,14.212833333333334,13.733416666666667,63.016672034484955,0.44643768811035933,0.27095891784636805,80.54893571132189,84.39704305479282,72.85272102438003,438436152.1241666,25429918.5,381949424.1515,0.18358395989974946,0.12292880847121723,0.3200992555831266
sz.002597,,2026-02-27,28.32,0.4255,650399504.59,4.044,29.883777,2.126793,"UP_TREND,SMALL_GROWTH",2,24.6735,22.14383333333333,21.798166666666667,71.43452148322874,1.4984034505266877,1.1724414519765334,83.66378978530301,81.78683897098027,87.41769141394849,238259982.76883334,16933752.65,428040840.5545,0.05433866891322659,0.2789113598217716,0.38959764474975467
sh.600367,,2026-02-27,21.41,5.1572,634936514.36,9.4224,52.556768,2.951937,"UP_TREND,MACD_KDJ_RESONANCE",2,19.628999999999998,18.114333333333335,17.625941462333337,64.2283865488131,0.45782053605170603,0.30077140511196976,89.03036344489053,81.75672555544074,103.57763922379007,455783717.70066667,26961828.0,536869565.00299996,0.13925855513307983,0.1819369560016928,0.28511404561824727
sh.603315,,2026-02-27,17.7,-1.3928,623280657.0,11.175,119.740264,3.33803,"UP_TREND,SMALL_GROWTH",2,15.9875,15.371833333333333,14.59375,67.73332788609554,0.4576010974060054,0.23688345534785965,90.68616188771392,86.35080203125783,99.35688160062611,219139802.62383333,15019387.9,243138361.44300002,0.09645909645909637,0.151456668582147,0.2429775280898876
sz.000708,,2026-02-27,18.03,4.0392,620148230.22,0.6866,16.192748,2.190849,"UP_TREND,SMALL_GROWTH",2,15.894499999999999,15.749,14.777484817666668,70.71645812340088,0.3233285026534709,0.08756606214336232,86.68925886363797,80.72522557126315,98.61732544838762,273477518.168,20512033.8,327678583.2355,0.09987819732034119,0.14483459267255072,0.2248641304347827
sh.603399,,2026-02-27,12.37,4.6531,610741025.82,9.9093,-33.610117,3.821046,"UP_TREND,MACD_KDJ_RESONANCE",2,11.1585,11.046333333333335,10.656916666666667,64.85952511261338,0.127056999809529,-0.02886015627974212,78.6917830899202,72.57112394509724,90.9331013795661,265168928.1765,25131500.75,288554475.2795,0.17306122448979586,0.11982860074232748,0.11241007194244612
sz.000932,,2026-02-27,6.71,1.2066,610296186.61,1.3222,16.731911,0.835644,"LOW_VAL_BLUECHIP,MACD_KDJ_RESONANCE",2,6.2005,5.790666666666667,5.931916666666667,66.14468692767954,0.16342127746044,0.12347201495463028,82.69912693090964,73.01778768755038,102.06180541762816,497534619.19916666,97730302.75,607275967.265,0.08771929824561402,0.15876122495970524,0.17513134851138346
sz.002266,,2026-02-27,5.22,1.3592,604308002.98,2.377,29.151389,2.320504,"UP_TREND,MACD_KDJ_RESONANCE",2,4.943,4.465166666666667,4.322416666666667,65.11620157625782,0.14676530723810988,0.13109131957086192,95.7565868512471,90.15417353566342,106.96141348241449,560262168.7443334,180586963.05,902729268.5684999,0.09689922480620154,0.1690493076032995,0.2952853598014886
sz.000683,,2026-02-27,9.37,-0.4251,601449203.97,1.928,32.590531,2.395858,"UP_TREND,MACD_KDJ_RESONANCE",2,8.5645,7.782666666666667,7.164333333333333,66.6806446297499,0.31890699264899247,0.24874901721555265,86.53877073090479,81.61084687143595,96.39461844984245,429142078.9455,59263614.95,509188650.0665,0.12186788154897488,0.203957512420764,0.340486409155937
sz.002121,,2026-02-27,9.43,-0.2116,600894751.5,4.5597,-199.257816,21.150212,"UP_TREND,MACD_KDJ_RESONANCE",2,9.0755,8.4175,8.38775,59.72703943461621,0.12356748389621508,0.0831067866725484,76.20489151078439,72.78090092909027,83.05287267417265,492176050.5405,60753981.25,557918357.1905,0.1812865497076023,0.12028512028512028,0.22150259067357503
sh.601677,,2026-02-27,17.0,2.1635,593517891.7,2.8936,12.138371,1.131317,"LOW_VAL_BLUECHIP,UP_TREND",2,16.589000000000002,15.244,14.710404277999999,60.957563808085126,0.2686632642873725,0.2847910009546948,87.1169923589679,76.63909226141692,108.0727925540699,601894009.5890001,53040534.65,894274403.011,0.12499999999999997,0.11519286276567842,0.2125534950071326
sh.603283,,2026-02-27,50.93,-1.9257,592177710.45,4.3259,28.766247,4.183356,"UP_TREND,MACD_KDJ_RESONANCE",2,49.772499999999994,46.17816666666667,45.93625,56.084036255105076,0.6130694817925075,0.5482355520918198,70.8877091807527,68.89231432495946,74.87849889233917,657961207.0025,13302579.75,668528085.7265,0.16207020057306598,0.10290216516463402,0.21551312649164678
sz.002518,,2026-02-27,56.87,-0.2456,592052216.2,1.8628,68.528884,7.115069,"UP_TREND,MACD_KDJ_RESONANCE",2,55.178,51.22566666666667,46.12325,56.86243720701355,0.7342165008873351,0.6852055128010709,88.59042922990253,79.77259373226862,106.22610022517037,686137973.3568333,11300281.3,620947877.777,0.14725163893091284,0.11018564912120876,0.29840182648401825
sh.603345,,2026-02-27,95.91,3.6865,591894850.54,2.1233,23.047068,2.113451,"UP_TREND,MACD_KDJ_RESONANCE",2,89.89150000000001,85.06833333333334,79.36179134716666,67.16145300797547,1.629996845738944,1.4473567690482678,72.07648096099335,56.792658392901366,102.6441260971773,404996925.65916663,4781192.05,431334060.011,0.06857483601669649,0.12744656256734777,0.19068901303538177
sh.600435,,2026-02-27,17.15,-0.522,586774459.26,2.259,100.803141,8.89746,"UP_TREND,MACD_KDJ_RESONANCE",2,16.924500000000002,16.131166666666665,15.304583333333333,52.56915556240654,0.052745617373219034,0.042075839156304085,80.18917518790398,79.56324082403796,81.44104391563604,1081724972.2605002,41138103.5,701573119.8664999,0.26063100137174205,0.06315930858483054,0.2180397727272727
sz.001209,,2026-02-27,32.52,10.0135,585010776.93,20.8584,167.092207,3.32892,"UP_TREND,SMALL_GROWTH",2,23.503,21.784,20.767833333333332,84.5871928679825,2.011555924964945,1.1340254636740346,97.64282745349266,94.37408842680196,104.18030550687405,121263340.01766665,7551321.95,188407549.36699998,0.11306643202815664,0.49283878075651866,0.5552367288378768
sz.002913,,2026-02-27,48.9,-3.0147,579274716.41,3.9015,43.479533,3.516546,"UP_TREND,SMALL_GROWTH",2,42.082499999999996,41.392500000000005,40.235833333333325,69.33516535044271,1.4392208404952243,0.40662490473485496,90.52606973529,89.84856410988453,91.88108098610093,242377670.6615,5717347.8,246173196.025,0.13815207780725022,0.18137343721688692,0.4493183165382335
sz.002623,,2026-02-27,27.76,1.1293,577199702.89,10.329,-34.599893,1.950771,"UP_TREND,SMALL_GROWTH",2,27.161,21.30816666666667,20.93275,57.713310411204425,2.1917645523897775,2.528553435331369,21.556072407645686,32.695344896882006,-0.7224725708269517,262706347.0073333,26013291.7,694431923.4335,0.15460425007699413,0.30278688139915055,0.48687734333154786
sh.600022,,2026-02-27,1.77,1.1429,562636495.64,2.9576,-28.391076,1.003573,"MACD_KDJ_RESONANCE,SMALL_GROWTH",2,1.6484999999999999,1.5656666666666665,1.56975,66.24213125623274,0.037799003106997464,0.025414750836862534,72.90789470006412,69.60074330627748,79.52219748763741,230349243.47766668,218011082.9,365175391.53849995,0.08823529411764701,0.13050883542686842,0.20408163265306123
sz.002278,,2026-02-27,14.39,1.481,559148826.96,11.663,117.711178,4.774613,"UP_TREND,MACD_KDJ_RESONANCE",2,13.746,12.819166666666666,11.933083333333334,58.202331684670874,0.3027351632812838,0.27922447525676536,82.06794182036883,76.3864049777211,93.43101550566428,576556699.825,39204018.2,541921457.8375,0.18360655737704923,0.1225378664759802,0.2768411712511092
sh.600583,,2026-02-27,7.21,-0.1385,554709883.46,1.7377,15.767704,1.181227,"LOW_VAL_BLUECHIP,UP_TREND",2,6.8065,6.038833333333333,5.763166666666666,61.70420670960837,0.3149635085778879,0.28398476294591435,70.07358572003153,72.92530859949849,64.3701399610976,458914623.72283334,113519742.65,783771664.2915,0.06268221574344032,0.1939392266718185,0.33518518518518503
sz.000729,,2026-02-27,12.92,2.7027,549821612.84,1.7087,23.676489,2.296937,"UP_TREND,MACD_KDJ_RESONANCE",2,12.465,12.1809672765,12.106289957916665,61.3909615897552,0.14461444516363287,0.13461655465138858,74.19408871650211,63.697013606358155,95.18823893679001,298638504.616,26692800.75,332110782.06700003,0.11349220022526245,0.060671103264990256,0.09140529296527244
sz.000560,,2026-02-27,3.41,-0.8721,545685366.89,7.0864,74.891009,0.853066,"LOW_VAL_BLUECHIP,UP_TREND",2,3.336,3.1085,3.055916666666667,54.986985348323856,0.09368693010339335,0.10032503875754137,48.03319882655485,48.319705149976265,47.46018617971204,561860888.1225,205189555.6,688841622.769,0.09972299168975066,0.09699211838507327,0.07232704402515733
sz.002246,,2026-02-27,21.26,0.5201,539144224.15,4.6264,56.495931,3.893411,"UP_TREND,MACD_KDJ_RESONANCE",2,20.8914312125,19.123609695833334,19.001092560416666,57.67965839689089,0.19649413233045365,0.17967484119205196,77.54211648829641,71.13356662925307,90.35921620638311,459962407.8903333,26424339.1,559746025.8445,0.18596854530131468,0.11171480375026399,0.07099892954261522
sz.000600,,2026-02-27,9.5,5.2049,533770635.54,5.2171,10.463351,1.449063,"UP_TREND,MACD_KDJ_RESONANCE",2,8.656500000000001,8.489958288,8.306939509666668,65.5674631516716,0.10219131480377364,0.02419339897655356,84.56308772028584,75.84951708023272,101.99022900039208,235409822.97466666,30213623.95,263023084.42049998,0.09924487594390506,0.11896898403230405,0.19529973718705618
sh.603169,,2026-02-27,11.03,2.2243,533061591.78,3.713,201.773904,4.353174,"UP_TREND,MACD_KDJ_RESONANCE",2,10.754,10.684166666666666,9.732333333333335,53.46822520763833,-0.0938749027288015,-0.11244151442108183,70.83222874538126,58.207160801327035,96.0823646334897,661560365.3836668,31265861.45,338410139.825,0.23901712583767679,0.03236876998674054,0.006386861313868453
sh.601216,,2026-02-27,6.01,1.3491,532286984.4,1.0548,15.082916,1.759344,"LOW_VAL_BLUECHIP,UP_TREND",2,5.8134999999999994,5.286833333333334,5.282583333333333,60.74092330027989,0.13510050293989107,0.1364462968807399,72.98979811706198,69.24691261657276,80.47556911804043,701122206.9521667,139203864.8,813113900.74,0.08595041322314043,0.13678635604173883,0.2190669371196754
sz.002658,,2026-02-27,11.44,1.4184,526161410.86,12.9042,34.958845,2.799244,"UP_TREND,SMALL_GROWTH",2,10.309999999999999,9.367500000000001,8.895,74.40265557930864,0.43519410295961514,0.34055125447426066,83.24299403526476,83.55417775594128,82.62062659391171,194424644.16566664,26725427.55,277116000.476,0.1275605214152701,0.22124366159594322,0.3538461538461539
sz.002978,,2026-02-27,42.57,5.4757,525991522.29,3.3758,25.056271,2.353826,"UP_TREND,MACD_KDJ_RESONANCE",2,38.382,35.01716666666667,33.6805,67.7105317038923,0.9903647101859931,0.6279438800477793,88.14812447650442,81.91657924152018,100.61121494647287,294627829.51633334,9058767.9,354241543.9725,0.1470097688825352,0.21568944755667463,0.379902755267423
sz.002895,,2026-02-27,42.98,-0.0698,525701960.72,2.0523,20.913131,3.536171,"LOW_VAL_BLUECHIP,UP_TREND",2,40.354,37.99883333333333,34.32401168558333,61.85464361626265,0.9875776879353211,0.6028941001193159,68.41622829806465,71.34004619342883,62.56859250733629,469625814.92266667,13724323.4,561510154.9545,0.12429378531073433,0.1310873579452001,0.24507531865585142
sh.600586,,2026-02-27,6.67,0.4518,524156967.68,5.5289,-18.67986,1.720838,"LOW_VAL_BLUECHIP,UP_TREND",2,6.63,6.126500000000001,5.749499999999999,52.25105380854154,0.17346694890093062,0.20858590353615747,18.01408590071957,23.441494936246208,7.159267829666298,492305606.58199996,121301070.35,813092446.9729999,0.15201192250372572,0.08871296825267261,0.1722319859402459
sh.600808,,2026-02-27,4.16,4.2607,522558623.19,2.1335,-15.698263,1.331616,"UP_TREND,MACD_KDJ_RESONANCE",2,4.108,4.034666666666666,3.9652499999999997,54.17733779988864,-0.02460728617406005,-0.025331095213001763,59.52892041812606,49.00682315555851,80.57311494326117,323950541.44983333,89902314.2,371120643.638,0.14864864864864877,0.031064111037673703,0.07216494845360821
sh.603341,,2026-02-27,47.0,0.4918,519607384.86,4.1798,42.527391,4.278901,"UP_TREND,MACD_KDJ_RESONANCE",2,46.0635,45.492333333333335,44.90308333333334,53.7728247994897,-0.06888552372405599,-0.15349692437630952,61.79844940177472,58.415242901961804,68.56486240140055,627141244.3381667,10562363.0,489966126.70149994,0.15888030888030882,0.03314111535277009,0.1732401397903145
sz.001216,,2026-02-27,20.66,10.0106,515431199.84,10.5758,23.072065,2.877492,"UP_TREND,MACD_KDJ_RESONANCE",2,18.4,17.737666666666666,16.955583333333333,72.9122329094965,0.3153315608883389,0.1778554334141242,78.46847111419265,62.66180956483981,110.08179421289834,171983516.0415,7358789.25,136485247.99499997,0.11513323278029156,0.16475297389735588,0.13641364136413636
sh.600841,,2026-02-27,11.02,-1.0772,500223891.0,4.4172,-14.089858,4.835919,"UP_TREND,SMALL_GROWTH",2,9.824,7.5035,6.9825,67.71785414858904,0.9389376046509135,0.9263202785934934,80.06970394839749,76.51690352037102,87.17530480445043,249851798.00083333,54817937.1,528126153.8695,0.0782529572338489,0.46864796428333433,0.7947882736156353
sz.002585,,2026-02-27,8.22,4.3147,490093716.2,6.8964,-23.86322,1.087745,"LOW_VAL_BLUECHIP,UP_TREND",2,7.38,6.964333333333333,6.322583333333333,67.83140865824261,0.20248527039266495,0.11327893483933944,87.29913040993517,83.51513003118782,94.86713116742987,441952913.52099997,44785235.7,334879924.478,0.17979002624671916,0.18029962188292736,0.46524064171123003
sh.600477,,2026-02-27,3.93,1.5504,480586386.28,5.2022,82.432637,1.824376,"LOW_VAL_BLUECHIP,UP_TREND",2,3.7975000000000003,3.2841666666666662,3.0219445688333333,56.28120157564266,0.14238805074109528,0.15775168932290548,29.63202509847748,35.604644494598574,17.68678630623529,489565640.738,199945983.75,773087297.0865,0.24719101123595508,0.19665059629535664,0.3936170212765959
sh.603960,,2026-02-27,26.03,-0.8003,475167045.65,7.083,154.937535,6.103241,"UP_TREND,SMALL_GROWTH",2,23.285500000000003,20.9255,20.534938641,67.59336153210509,1.5264113542216151,1.218552779565551,60.737519553251246,65.96118986515339,50.29017892944697,223113152.11499998,16676277.75,404086761.297,0.07573025604038952,0.2439368234928676,0.3765203595980964
sz.000554,,2026-02-27,8.96,2.9885,474313316.39,14.8322,27.058237,3.718923,"UP_TREND,SMALL_GROWTH",2,8.1695,7.162000000000001,7.020711275833333,67.07968504135455,0.4060122573701559,0.3569442020997422,89.18638026222794,81.56137895039383,104.43638288589617,240578881.84616664,56083874.95,461730314.12700003,0.13213885778275472,0.25104719352136273,0.3493975903614459
sz.000065,,2026-02-27,12.86,4.2985,469178408.66,3.7901,19.231752,1.467356,"UP_TREND,MACD_KDJ_RESONANCE",2,12.373,12.356666666666666,11.837666666666669,60.45600306681482,-0.014813953363200127,-0.049732745441229645,75.34573719639141,56.67584112104429,112.68552934708565,349900928.5503333,23860660.25,297385476.0915,0.0973926380368098,0.040733746965200934,0.012598425196850505
sh.600114,,2026-02-27,35.51,-0.9484,467902592.32,2.1311,41.858872,6.914166,"UP_TREND,MACD_KDJ_RESONANCE",2,33.3685,31.338833333333334,30.634666666666668,64.03887944768582,0.727151794145108,0.48225125187456963,86.28953754733796,83.38096814007264,92.10667636186861,532949581.04749995,15569357.85,523254727.0820001,0.13676633444075298,0.13309897730717468,0.3069562016930436
sh.600499,,2026-02-27,17.99,-0.111,461299607.64,1.3441,23.752713,2.743596,"UP_TREND,MACD_KDJ_RESONANCE",2,16.81,14.696,13.44125,67.5429871374458,0.7911342044291736,0.7871346712020485,76.73140220146163,68.78875430626493,92.61669799185503,,,,0.07324364723467865,0.22414262384322248,0.3978243978243978
sz.001400,,2026-02-27,121.32,4.4781,459553413.69,25.5261,65.597219,5.918036,"UP_TREND,SMALL_GROWTH",2,108.4355,90.42716666666666,79.66864961233334,61.951830252260514,3.8840889031945665,3.922299759669859,68.21859455049608,51.90350370323111,100.84877624502602,268750704.477,2954546.4,322478641.6855,0.24803149606299213,0.3416322159822913,1.010606562810739
sh.600926,,2026-02-27,16.25,-0.1843,457485988.54,0.3866,6.190031,0.88588,"LOW_VAL_BLUECHIP,UP_TREND",2,16.122,15.6865,15.563444377333333,55.86378752457062,0.1865395550863802,0.20575511670782368,35.002879496255886,38.940831417222626,27.126975654322408,766931530.8706667,49548249.85,794544396.9995,0.05639097744360904,0.03592260861250107,0.04906391220142026
sh.600328,,2026-02-27,9.75,1.8809,449515571.0,3.1754,5412.692044,1.190268,"UP_TREND,MACD_KDJ_RESONANCE",2,9.093,8.552833333333334,8.3055,68.19007826674888,0.22403332051636227,0.16614772037022546,83.36871270838247,79.97613627940649,90.15386556633445,221858080.142,32620728.35,298305260.42749995,0.08372641509433972,0.1399731083266753,0.17611580217129075
sh.600268,,2026-02-27,13.87,0.1444,448222599.1,3.2128,31.565686,4.105255,"UP_TREND,MACD_KDJ_RESONANCE",2,13.148499999999999,11.777,11.468,64.56595360558562,0.34408656426615636,0.30874757178250656,84.35445933052664,79.10555389036247,94.85227021085495,495081564.84499997,41238437.1,548467193.1359999,0.1068100358422938,0.1777192833489003,0.3362235067437378
sh.601608,,2026-02-27,7.92,-0.7519,445790211.83,1.2324,96.639774,3.922626,"UP_TREND,MACD_KDJ_RESONANCE",2,7.699,7.0895,6.640000000000001,59.41175713492915,0.14649235665068083,0.13587681252189207,77.63024861249804,67.99557643251384,96.89959297246642,590516399.8936666,94681541.25,741074151.815,0.11300121506682874,0.11714507370054306,0.21100917431192667
sh.603017,,2026-02-27,13.28,5.6484,444252390.8,12.1633,90.079266,2.477481,"UP_TREND,SMALL_GROWTH",2,12.4055,11.643833333333333,10.805478547333335,62.62808009470009,0.2798591453715531,0.2463420855693647,63.71193831101136,65.18196246089897,60.77189001123614,219422123.9811667,12611741.4,157881352.242,0.19890635680109364,0.1405178706897785,0.29308666017526774
sh.600863,,2026-02-27,5.09,2.4145,439479383.55,1.3291,19.326418,2.301366,"UP_TREND,MACD_KDJ_RESONANCE",2,4.850499999999999,4.716166666666666,4.480083333333334,64.72325037525556,0.06604070164829956,0.05149902896347879,78.8164776012378,65.38020944079419,105.68901392212504,309388202.57016665,68265541.0,331822005.9425,0.08057851239669415,0.07926635332367393,0.14382022471910094
sh.600501,,2026-02-27,27.4,1.107,439264578.06,3.7426,-35.660965,6.802328,"UP_TREND,MACD_KDJ_RESONANCE",2,27.096000000000004,26.844666666666665,24.888166666666667,50.225787711872556,-0.35078843926793724,-0.35725216829551987,64.3412283166814,50.50813937297856,92.00740620408706,1039732479.4008332,14765000.75,404366328.5515,0.3233004670472237,0.020686914843420112,0.27738927738927743
sh.600486,,2026-02-27,80.5,4.3828,437696253.7,1.3707,26.491645,2.895077,"UP_TREND,MACD_KDJ_RESONANCE",2,75.2875,70.14416666666668,69.76708507666667,63.34171543341676,1.3891819729163188,1.0595180456316897,87.93302982739337,76.46022098892959,110.8786475043209,306569018.32366663,5242710.55,395407427.152,0.12189054726368173,0.14763641547764705,0.30406609428154874
sh.601061,,2026-02-27,15.91,4.809,437391609.59,5.6005,27.381122,3.297461,"UP_TREND,MACD_KDJ_RESONANCE",2,14.993710636,14.642441533333333,13.019626705333334,61.42528070947628,0.04011966679237311,-0.055799614790844984,91.08774256649289,83.72594657821199,105.81133454305467,399606583.33033335,27638090.85,425678000.412,0.17638903761283556,0.0865674255062645,0.09101849274013674
sz.002490,,2026-02-27,8.8,1.0333,432859172.23,9.1793,-67.728509,14.101583,"UP_TREND,MACD_KDJ_RESONANCE",2,8.479499999999998,7.588666666666667,7.19025,57.00301057390645,0.17641030463120444,0.16888889226072015,84.840709370593,77.16114482243317,100.19983846691267,473218871.0901667,68886728.15,596359038.1965001,0.2126789366053169,0.15962400070280247,0.23249299719887961
sz.003007,,2026-02-27,47.02,2.731,428442649.6,12.6669,183.233518,5.703476,"UP_TREND,SMALL_GROWTH",2,44.748,40.42999999999999,37.82041666666667,58.919289279558114,0.834364437669322,0.8847254330951198,64.59961611734386,59.716959003177266,74.36493034567704,245071949.2828333,5949680.7,268284884.73850003,0.3098544420277732,0.16299777393025017,0.23314975085234724
sh.603859,,2026-02-27,48.91,0.0614,423911790.48,3.533,50.036869,3.923363,"UP_TREND,MACD_KDJ_RESONANCE",2,47.661,44.662,44.607499999999995,55.93655197989222,0.3923712662298229,0.3569878886498883,80.06772052272805,76.90086111497845,86.40143933822725,530571514.17616665,9752227.45,467345138.7795,0.2328042328042328,0.09511441493887407,0.1914738124238733
sz.002114,,2026-02-27,10.81,4.8497,422994503.6,12.2135,-33.379446,4.135788,"UP_TREND,MACD_KDJ_RESONANCE",2,10.031,9.246166666666666,8.5855,61.91802725787563,0.20711630205341258,0.14656367696780018,85.01084398631062,75.45008548516117,104.13236098860952,309014698.89816666,31402782.75,323979091.576,0.19753086419753094,0.1691331542801524,0.22285067873303177
sh.603379,,2026-02-27,73.17,1.0217,422646766.56,0.9477,24.69771,5.867149,"UP_TREND,MACD_KDJ_RESONANCE",2,69.112,61.43233333333333,58.963931554166656,72.84067741063143,2.518584843680671,2.391347062297129,85.41902106788757,79.96940698999792,96.31824922366687,434954401.98733336,8695789.35,599142121.1015,0.06809210526315791,0.19106659359620615,0.38947968097227514
sh.601717,,2026-02-27,25.06,1.4575,420010306.69,1.1025,9.898437,1.931982,"LOW_VAL_BLUECHIP,UP_TREND",2,24.887,24.450666666666667,23.8585,53.43293689074388,0.07582549828122609,0.08499655948401305,59.723891770847075,57.63904059375647,63.89359412502829,439689356.27966666,18154035.55,452319510.10550004,0.07220496894409949,0.02492092921801725,0.11476868327402134
sz.000777,,2026-02-27,26.18,-0.5319,419272542.07,4.1927,44.5751,4.387661,"UP_TREND,MACD_KDJ_RESONANCE",2,25.434,24.326333333333334,22.681166023666666,55.15213490472447,0.03914201067961898,-0.01642287688345003,85.71946394176615,75.68054126432973,105.79730929663899,612314756.2110001,13066357.85,335391703.54950005,0.2012313674659754,0.0762000027405143,0.27210884353741505
sh.600596,,2026-02-27,13.68,0.3668,418106094.64,2.258,-1861.394252,1.48424,"UP_TREND,MACD_KDJ_RESONANCE",2,12.923000000000002,12.045333333333334,11.383583333333332,62.30760899682052,0.30986130813658264,0.2287084425208438,79.63953937353199,79.2310234138818,80.45657129283236,385729439.90000004,33052968.3,429409775.68500006,0.13780397936624916,0.1357095417312375,0.2690166975881263
sh.600888,,2026-02-27,9.4,2.5082,417705175.67,3.1231,15.650044,1.195102,"UP_TREND,MACD_KDJ_RESONANCE",2,8.9775,8.425333333333333,8.198833333333333,61.16717296494247,0.12279660339818932,0.09534426504913411,90.21069367695148,81.45786287988525,107.71635527108396,295913393.3886667,46299966.25,420455308.8155,0.12602459016393447,0.11568286121221716,0.2129032258064516
sh.603124,,2026-02-27,114.9,-2.6931,415377395.91,12.4863,81.27011,9.31863,"UP_TREND,SMALL_GROWTH",2,98.675,86.51316666666666,85.38916666666667,70.26993796264438,6.3925107325393355,4.234121963620808,82.85705975796873,82.34062585143394,83.8899275710383,216410558.33516666,2328388.55,235194720.182,0.10166601075691985,0.32812153834002156,0.5718194254445967
sh.603861,,2026-02-27,18.63,-0.4276,408543887.5,4.2023,45.64977,2.527655,"UP_TREND,MACD_KDJ_RESONANCE",2,16.921,13.993500000000001,12.789142698333333,67.80174463115796,1.0475861265465518,0.987646886179944,91.02490909410457,80.53146126213997,112.01180475803375,376771090.0661667,34458814.85,586956460.518,0.10667396061269162,0.33133240433058186,0.6101987899740708
sh.603328,,2026-02-27,13.08,-1.8755,407701391.58,3.135,27.914852,3.102024,"UP_TREND,SMALL_GROWTH",2,11.876999999999999,11.368166666666667,11.3365,67.6927795399099,0.4366689338295586,0.26304974697662764,85.95553141275278,83.87531969587843,90.1159548465015,233130698.08233336,27672240.75,334201473.589,0.07394957983193284,0.15058130158776706,0.24334600760456282
sz.000816,,2026-02-27,4.04,1.7632,403549786.22,7.0003,-85.16738,2.854303,"UP_TREND,MACD_KDJ_RESONANCE",2,3.8839999999999995,3.802333333333333,3.5606666666666666,57.956594604506826,0.009332319537020073,-0.009287391772259849,80.95088021600247,65.04034533285497,112.77194998229749,467228217.792,136533329.1,544946295.748,0.16431924882629104,0.06250547909178583,0.13165266106442575
sz.002643,,2026-02-27,17.88,-0.6667,400408223.56,2.4731,64.471283,2.292466,"UP_TREND,MACD_KDJ_RESONANCE",2,17.052,15.856,14.667833333333332,62.31297875531726,0.37964915643826913,0.31376330297030086,89.69165313017551,88.43569628221749,92.20356682609156,537258817.6571667,23061242.45,394995859.7015,0.11551155115511559,0.12764883955600403,0.3732718894009217
sh.600860,,2026-02-27,14.5,2.2567,397172134.98,6.2212,-1952.18737,10.284228,"UP_TREND,SMALL_GROWTH",2,13.313999999999998,12.759666666666668,12.545416666666666,64.86970444433268,0.3835363965891201,0.2599074791410461,72.8744334142501,66.53192717289926,85.55944589695179,229551655.1235,26513402.4,356658947.6515,0.13775510204081637,0.1363933227095795,0.23614663256606994
sz.002548,,2026-02-27,7.18,4.209,394197224.95,6.9085,-64.680377,4.172491,"UP_TREND,MACD_KDJ_RESONANCE",2,6.7090000000000005,6.156666666666667,5.538750000000001,64.57089106305364,0.18871004868067764,0.18356254088806617,74.85565550178914,64.23485879939595,96.09724890657552,307758782.61333334,43991036.1,294099366.442,0.13344316309719942,0.16621548456957225,0.471311475409836
sz.000967,,2026-02-27,8.37,3.0788,388534348.7,1.4838,69.535708,1.552119,"UP_TREND,SMALL_GROWTH",2,7.3935,7.089833333333333,7.010000000000001,77.28252338991885,0.2422321298450134,0.1289124928903117,89.99637055273651,85.56836430002267,98.85238305816421,201515592.89866665,33312678.45,248936946.502,0.10193548387096775,0.18056371799995286,0.32436708860759467
sz.002203,,2026-02-27,14.71,2.5087,388338800.49,1.2007,45.004177,2.007142,"UP_TREND,MACD_KDJ_RESONANCE",2,14.269000000000002,13.370000000000001,12.688168583333331,57.686948864473756,0.11100730929519997,0.08315758203686448,86.7695543713244,81.10743585261432,98.09379140874461,500587676.8818333,37329980.75,539215825.3105,0.17344345616264298,0.10022438294689606,0.182475884244373
sh.600320,,2026-02-27,5.55,0.1805,385430250.98,2.0865,46.819895,1.873909,"UP_TREND,MACD_KDJ_RESONANCE",2,5.2315,5.0123853086666665,4.811034139833334,65.7564058451955,0.08557094228517403,0.05422722103957794,81.9344111148688,76.74905156154354,92.3051302215193,308792243.6335,55365106.75,291103311.99899995,0.08582834331337316,0.1072572554236344,0.21656174818949947
sz.002560,,2026-02-27,11.08,0.5445,380880815.85,7.622,68.163306,2.174321,"UP_TREND,MACD_KDJ_RESONANCE",2,10.519,9.970166666666668,9.030333333333335,59.638420236625876,0.17275038590932468,0.12281583281742826,90.39624222986113,84.34313829102089,102.50245010754162,450896975.986,38399033.0,404733473.5585,0.1481481481481481,0.11131542434930863,0.33013205282112845
sz.002886,,2026-02-27,25.22,-2.0583,372833796.55,7.1135,159.463838,3.681647,"UP_TREND,SMALL_GROWTH",2,23.700499999999998,21.857166666666664,21.769166666666667,64.31338963543861,0.6899026916951669,0.5323067090909311,70.95106877221309,72.25677931423596,68.33964768816736,214726946.05716667,10860492.7,262798042.044,0.09930809930809936,0.15385495222772105,0.3121748178980228
sh.601133,,2026-02-27,18.77,1.7896,369766177.77,13.2832,53.134482,3.386879,"UP_TREND,MACD_KDJ_RESONANCE",2,17.9065,16.568166666666666,14.801816367666666,58.11252340085496,0.2370019783246633,0.23091262651266153,80.26671488539546,66.38491260526422,108.03031944565794,447781500.9215,23920745.5,431236032.76549995,0.13725490196078435,0.13289541188423581,0.3842182890855457
sh.605007,,2026-02-27,16.27,-7.0286,367859612.28,5.6067,35.866031,2.252409,"UP_TREND,SMALL_GROWTH",2,14.588500000000002,13.305833333333334,12.61675,62.70767376706919,0.8737696601547196,0.5908308965806409,75.07979779792669,81.12787099509947,62.98365140358112,142611179.43433332,12811695.3,194264317.496,0.1614349775784753,0.2227719671823134,0.3917878528656973
sz.002394,,2026-02-27,15.66,9.9719,357006450.12,7.3097,15.151146,1.172447,"MACD_KDJ_RESONANCE,SMALL_GROWTH",2,14.3475,14.609666666666667,13.029333333333334,62.282453658210315,-0.21567071854271624,-0.32483074797301514,74.10896329487115,53.140135023986744,116.04661983663993,214026704.89666668,8816976.1,128258678.07549998,0.31146720080120177,0.07189303885555232,0.22535211267605648
sz.002357,,2026-02-27,16.09,2.7458,354108570.4,7.1156,26.831756,2.929815,"UP_TREND,SMALL_GROWTH",2,13.993,11.8890768075,11.161511121,70.73601126825604,0.9878867640838873,0.8523021053236172,79.4865053189395,77.91526733360254,82.62898128961342,171396647.61383334,18682078.2,261877847.6415,0.11385061638868735,0.35334309471782754,0.6195724490993595
sz.002092,,2026-02-27,7.53,0.0,352658342.84,1.8287,-24.147037,0.90353,"LOW_VAL_BLUECHIP,UP_TREND",2,6.8565,5.6375,5.221583333333333,68.34135287600122,0.4870404130520152,0.4516648437381071,76.89027636484244,78.03566761664057,74.59949386124617,465733451.47150004,101781924.45,689767354.986,0.09985734664764624,0.33569844789356984,0.602127659574468
sh.601702,,2026-02-27,24.78,6.0788,352258916.41,1.4442,19.857961,4.036008,"UP_TREND,SMALL_GROWTH",2,24.326,21.2785,19.262416666666663,60.23144733921527,0.5713053597446169,0.7551890462916062,61.58900658945885,48.044076196238414,88.67886737589971,287441250.7086667,16862628.1,414388477.36600006,0.17319439453826796,0.1645557722583828,0.4636739515652688
sh.603353,,2026-02-27,42.13,10.0,351093842.6,4.9872,911.810579,4.391227,"UP_TREND,MACD_KDJ_RESONANCE",2,37.316,31.995953645,25.94515634625,71.95408652898706,2.1608652321769526,2.1015276606292206,78.63249555657728,70.06647338706648,95.76453989559889,313618014.87083334,9086782.35,335292238.45699996,0.3033960145944429,0.31672899853021397,0.48681046239181436
sh.600388,,2026-02-27,20.75,0.4356,348464783.06,1.3295,27.356233,2.478622,"UP_TREND,SMALL_GROWTH",2,18.6085,16.847333333333335,15.826,77.69462032249274,0.9237452830269852,0.7152194131900966,94.38209310413305,89.8532320734786,103.43981516544196,251261906.44250003,20910934.35,387052887.10449994,0.07215265354800234,0.23164892564599726,0.3074984247006931
sz.000949,,2026-02-27,7.26,0.1379,346679245.79,2.8808,67.019661,1.815237,"LOW_VAL_BLUECHIP,UP_TREND",2,7.0760000000000005,6.004833333333334,5.2215,57.385582638496054,0.23799894712695657,0.265089519570291,68.24543622780284,71.26304841649093,62.210211850426674,477763454.61283326,84439712.35,599840100.9189999,0.15243101182654403,0.2090260623386715,0.6061946902654869
sz.002457,,2026-02-27,14.72,-0.271,343199138.62,6.9878,23.874782,1.979828,"UP_TREND,SMALL_GROWTH",2,12.78,11.606333333333334,11.559748029333333,78.26712584676602,0.7093701739947669,0.5136003457152329,85.6190396478718,80.62632302427807,95.6044728950593,172106286.45533332,25382869.85,327791842.12,0.07440212577502214,0.2682730693012436,0.3119429590017826
sh.603599,,2026-02-27,15.54,1.9016,339721185.78,2.4335,19.51143,1.418929,"UP_TREND,SMALL_GROWTH",2,14.937999999999999,12.745,12.3285,62.48523489114348,0.6275292650312299,0.7340931975550984,51.82453355851945,40.01460228193707,75.4443961116842,257405568.70516667,37326434.35,561331612.548,0.10921293471629047,0.21930168693605334,0.3752212389380529
sh.600960,,2026-02-27,6.2,-2.2082,338893981.35,5.7583,-6.82124,1.594843,"UP_TREND,SMALL_GROWTH",2,5.468999999999999,5.367999999999999,5.256333333333333,66.82396326052879,0.19519482714797132,0.07339931917231077,87.09940573415395,85.26416043371134,90.76989633503916,174559638.36483335,36847568.05,213125452.32,0.1344827586206897,0.15499254843517152,0.26016260162601634
sh.600361,,2026-02-27,4.8,3.0043,326012942.36,1.8234,19.40556,1.615538,"UP_TREND,MACD_KDJ_RESONANCE",2,4.659,4.485166666666667,4.4511666666666665,58.41272420450615,0.022316210478678045,0.01230046386518048,84.22730834233184,75.04790258940554,102.58611984818444,285822529.6296667,81960892.1,387451547.153,0.13752455795677804,0.07019434432016625,0.09589041095890405
sh.603132,,2026-02-27,18.24,3.6953,323963117.16,1.8394,37.304756,5.655872,"UP_TREND,SMALL_GROWTH",2,17.8785,15.708166666666667,14.82448926925,57.519212819296946,0.34993159475004276,0.3858383670573601,88.71288133417089,80.16683688436098,105.8049702337907,187086304.28066668,20648568.6,378364428.4525,0.27502254283137967,0.16117942895945836,0.3652694610778442
sz.000928,,2026-02-27,7.1,2.6012,318883262.51,3.1545,13.569317,1.205658,"UP_TREND,MACD_KDJ_RESONANCE",2,6.817500000000001,6.643333333333333,6.549166666666667,64.41677869242346,0.06343199982438374,0.04623969880721592,76.49886685673843,61.55639332712091,106.38381391597348,219928861.55566663,34583044.4,236167997.0275,0.06240713224368511,0.06874059207225303,0.0923076923076922
sz.000415,,2026-02-27,5.26,-0.7547,316013625.85,1.1095,-15.801893,1.127245,"LOW_VAL_BLUECHIP,UP_TREND",2,4.8919999999999995,4.266333333333333,3.92725,68.68371171165104,0.2939049973642547,0.2759772352357358,52.22148862432009,62.786892583974314,31.09068070501162,453369507.315,120477340.65,593389042.0095,0.05412371134020618,0.2329088210016408,0.5028571428571429
sh.601369,,2026-02-27,11.98,3.0981,314221663.54,1.556,20.794925,2.350373,"UP_TREND,SMALL_GROWTH",2,10.936,10.257666666666667,9.434616448000002,68.24955736523495,0.32541795530125484,0.24854909793785496,88.66271654590838,79.80295922554603,106.38223118663308,201702647.7055,18757220.15,205326176.99199998,0.07055503292568202,0.1679069314009034,0.3598183881952326
sz.002216,,2026-02-27,12.76,10.0,313216510.54,3.9683,20.63362,2.477896,"UP_TREND,MACD_KDJ_RESONANCE",2,11.829,11.633166666666664,11.457500000000001,69.13129642571506,0.08025765257602302,0.05260590515832678,60.751336746523016,41.16378567641372,99.92643888674162,105561493.18883333,12305089.55,146268503.1245,0.06963087248322149,0.09686385191764946,0.11636045494313207
sz.002225,,2026-02-27,6.83,4.1159,312887764.06,4.7703,73.982845,1.920864,"UP_TREND,MACD_KDJ_RESONANCE",2,6.580499999999999,6.117999999999999,6.046166666666667,60.51817844825735,0.10153403813950046,0.0989443860219102,78.20843257255339,66.88312350991127,100.85905069783763,211713807.76883334,36567105.6,241970400.614,0.10115606936416188,0.11637790127492664,0.18576388888888884
sh.600973,,2026-02-27,7.59,-0.1316,312455920.16,3.0053,-39.224829,2.911477,"UP_TREND,MACD_KDJ_RESONANCE",2,7.295,6.9831666666666665,6.212666666666666,57.645133102207595,0.03971863753066884,0.012605482325929146,88.45176383042624,80.93570954545362,103.48387240037152,743141078.043,42052446.45,308980797.704,0.22967032967032966,0.08689944867419275,0.47665369649805456
sh.605366,,2026-02-27,8.76,-1.6835,312165299.61,5.3259,-65.6601,2.899482,"UP_TREND,SMALL_GROWTH",2,7.692,6.886833333333334,6.6009166666666665,71.91720101767679,0.5342919461971212,0.42499062835427204,86.71021048938829,86.52017109624154,87.09028927568181,167110966.08033332,28374049.7,221910303.1525,0.18672199170124487,0.27199244935988953,0.3055141579731744
sh.600707,,2026-02-27,6.96,2.0528,305512797.02,1.226,64.009751,1.146607,"UP_TREND,MACD_KDJ_RESONANCE",2,6.7524999999999995,6.551333333333334,6.279583333333333,57.10174287066044,0.018778271130955204,0.008748189413397361,79.73201796246045,67.20736170449041,104.78133047840052,393717159.1538333,44529007.05,303126380.984,0.10563380281690142,0.06237915945863426,0.26086956521739135
sz.002160,,2026-02-27,6.06,3.2368,304216525.83,4.9034,124.362677,1.681189,"LOW_VAL_BLUECHIP,UP_TREND",2,5.976000000000001,5.588166666666667,5.2469166666666665,54.93310310656465,-0.0029729537724660915,0.004167481050379476,78.99226589029396,65.63346360455472,105.70987046177245,425818058.96966666,77655842.15,482776485.4025,0.2537931034482758,0.08443437024665212,0.16763005780346796
sh.600428,,2026-02-27,8.36,-0.8304,301514269.84,1.471,13.840986,1.388231,"UP_TREND,SMALL_GROWTH",2,7.837000000000001,7.423833333333333,7.195166666666667,65.07951683835289,0.23158071361043575,0.1701202930815515,73.36278704608944,73.07563713682227,73.93708686462378,246107653.1015,42734682.85,338024311.14750004,0.0685279187817259,0.1261028668926656,0.2276064610866373
sz.000968,,2026-02-27,8.6,1.4151,300857852.76,3.6383,20.761854,1.34649,"UP_TREND,SMALL_GROWTH",2,8.1165,7.2651666666666666,7.242083333333334,62.55280518174601,0.2950275296099072,0.2613440799626337,80.25736349025871,75.67980051774558,89.41248943528498,178189018.18833333,44844289.95,366332548.0185,0.1146788990825689,0.18373058658897468,0.24818577648766338
sh.600710,,2026-02-27,13.12,-0.4552,300080331.72,1.7445,12.650832,2.083059,"UP_TREND,SMALL_GROWTH",2,11.998000000000001,11.186499999999999,10.8415,67.9096000328183,0.4750356896406238,0.36236083139202363,83.26523247857928,81.2410654460954,87.31356654354704,181510718.14866668,23619050.65,284739913.6125,0.06174819566960716,0.1728422652304118,0.25190839694656475
sz.002108,,2026-02-27,5.15,1.1788,295006904.55,3.5003,54.386165,1.691263,"UP_TREND,MACD_KDJ_RESONANCE",2,4.981,4.946666666666667,4.639833333333333,56.46888018373476,0.021500975601439265,0.0028344632861731847,77.72161664230397,68.33605854008184,96.49273284674825,364138768.3695,56815823.15,284031297.2605,0.118546845124283,0.041105121293800506,0.08421052631578951
sz.000922,,2026-02-27,15.73,-0.3169,294810620.2,3.2115,44.443203,2.402286,"UP_TREND,SMALL_GROWTH",2,14.690000000000001,13.847333333333331,13.24175,63.98973461796079,0.37538943006435055,0.2593331803772627,81.79638162025094,80.00795087232457,85.37324311610368,206587838.46716663,15376140.4,228703868.5525,0.09227748691099477,0.13595878869577804,0.2654867256637168
sz.002800,,2026-02-27,22.56,1.5302,294063728.05,9.1274,-157.18255,6.845901,"UP_TREND,SMALL_GROWTH",2,18.6575,16.557833333333335,15.68375,76.85721360081264,1.450029165659334,1.0694549519925483,83.93550460165281,84.81445970412824,82.17759439670195,140637184.87216666,8334918.05,158700534.35549998,0.16666666666666666,0.36249710610285146,0.5494505494505493
sz.000803,,2026-02-27,9.52,4.8458,291812256.76,6.837,57.338352,3.023684,"UP_TREND,SMALL_GROWTH",2,9.064,8.038,7.603083333333333,62.73515884120513,0.16201698478467996,0.1684840147057978,81.98044831022906,71.59440413433383,102.75253666201954,166613460.92266667,17509762.35,161092776.73200002,0.15314401622718052,0.18437422244339374,0.36585365853658525
sh.603991,,2026-02-27,96.97,3.4016,290729929.0,4.017,-329.294028,74.720827,"UP_TREND,SMALL_GROWTH",2,88.20798222200001,80.17988577683333,73.03083835266666,74.88033093355877,3.8472641777916152,3.1775810969095772,86.68729603676005,83.66298201014618,92.7359240899878,214192568.5535,2438036.05,215448414.805,0.09534534534534526,0.20940556425708823,0.3510914853382232
sh.600282,,2026-02-27,5.91,1.8966,286323670.48,0.7876,13.576957,1.351383,"UP_TREND,MACD_KDJ_RESONANCE",2,5.6595,5.401833333333332,5.274987333333333,60.86209437730365,0.06689841368823046,0.050266801590274364,79.06579698612828,67.62554705116332,101.94629685605818,302937420.4643333,53700301.4,304955407.748,0.14156079854809425,0.094072999907439,0.08639705882352944
sh.600773,,2026-02-27,14.42,1.264,277390024.76,2.0321,279.390686,2.906361,"UP_TREND,MACD_KDJ_RESONANCE",2,13.885499999999999,13.218833333333333,12.391166666666667,58.0196076332975,0.09735437914182299,0.04951346715037036,71.66491205384504,64.28406535890375,86.42660544372762,266559606.63183334,18795169.6,264737396.82999998,0.16389244558258637,0.09086782746838473,0.11008468052347964
sz.000852,,2026-02-27,8.38,3.7129,272535216.87,3.485,416.024595,2.55405,"UP_TREND,MACD_KDJ_RESONANCE",2,8.0595,7.583666666666667,7.291333333333333,61.89738422224545,0.11278703938482515,0.11219350783062448,78.36545164732156,65.78242307583344,103.53150879029783,211182054.0953333,30148577.35,243879400.06599998,0.07563025210084032,0.10500637334622653,0.19373219373219386
sh.600063,,2026-02-27,7.32,0.6878,270501749.0,1.7904,27.565038,1.765755,"UP_TREND,MACD_KDJ_RESONANCE",2,7.0954999999999995,6.466084734,6.181116962999999,57.80432287268905,0.18312355875148167,0.18097059135028093,71.4476869078783,70.83815940336163,72.66674191691166,322800160.73683333,71328258.0,507694476.0224999,0.1149110807113543,0.1320606365564525,0.25563268330773137
sz.002256,,2026-02-27,3.83,1.5915,268545050.2,3.6226,-155.004502,6.747145,"UP_TREND,MACD_KDJ_RESONANCE",2,3.7314999999999996,3.6574999999999998,3.4385,56.198487702575186,0.013347710076174302,0.004320276221879861,70.2612318197491,62.930536491268036,84.92262247671123,336043959.86050004,77085225.95,288950450.68649995,0.1074168797953964,0.04716336295283674,0.11014492753623184
sz.002554,,2026-02-27,4.24,1.4354,266240807.61,4.7509,-54.495625,2.388229,"UP_TREND,MACD_KDJ_RESONANCE",2,4.06,3.6231666666666666,3.4565833333333336,60.916998334768905,0.11649567482108036,0.11546606900918482,76.03304316576438,65.61849122494881,96.86214704739552,,93355185.65,383315694.1365,0.18032786885245905,0.170247021482129,0.2079772079772082
sh.603297,,2026-02-27,128.95,2.2601,262820011.63,1.8598,65.211954,7.15814,"UP_TREND,SMALL_GROWTH",2,113.25699999999999,107.91149999999999,106.04950000000001,73.86651408276488,4.464171395467318,2.6813855260364283,90.08479784213858,86.2419489369446,97.77049565252656,202643678.282,1645756.75,188288614.84649998,0.11945508727117923,0.19496068537644273,0.3397402597402597
sz.002386,,2026-02-27,6.45,1.735,257918081.02,3.0912,-25.385115,1.117312,"UP_TREND,MACD_KDJ_RESONANCE",2,6.064,5.7090000000000005,5.600166666666667,65.82878605030186,0.14463644791734076,0.11057641187674107,85.28924249899822,80.33684513368787,95.19403722961891,160961199.99249998,32587138.6,198494906.0945,0.10824742268041235,0.1297950604308986,0.17272727272727284
sh.603217,,2026-02-27,28.33,10.0194,255662100.03,4.4713,29.097949,1.754716,"UP_TREND,MACD_KDJ_RESONANCE",2,26.333,26.21516666666667,24.54775,64.56371789777818,0.03444164308394804,-0.07011196154100705,70.41560474354421,52.62200018557615,106.00281385948033,88849790.39316668,3141098.4,83592078.14500001,0.13832752613240415,0.08067213000108064,0.1605899221630478
sh.600075,,2026-02-27,6.61,3.605,255016569.35,2.3036,172.222603,1.261342,"UP_TREND,SMALL_GROWTH",2,6.2395,5.4446666666666665,5.09325,61.56318393493684,0.2637069409717192,0.2642159782631469,75.93859584021791,74.09431608915583,79.62715534234209,202386278.99949998,45349552.8,283761879.745,0.11591962905718702,0.21403208032325227,0.3628865979381446
sh.600683,,2026-02-27,6.73,-4.6742,254252501.9,5.0797,-8.547323,-38.555551,"UP_TREND,SMALL_GROWTH",2,5.971,4.9446666666666665,4.712916666666667,61.64881969375087,0.6642207049405435,0.5986297906171734,62.8609004049199,72.69497071091988,43.19275979291996,151777955.89833334,48391140.75,305898864.02849996,0.1431492842535786,0.3610624241607121,0.4319148936170214
sz.002810,,2026-02-27,19.61,2.7239,252821115.15,4.0323,41.994307,3.06952,"UP_TREND,SMALL_GROWTH",2,18.744,15.766166666666667,14.561172338333334,59.72461370706171,0.97237487165226,1.0531340534964715,52.422708570257484,56.00968989952811,45.24874591171621,252439382.54666668,20538159.15,383516774.7895,0.09130706691682307,0.243802657589564,0.5166279969064191
sh.600963,,2026-02-27,6.06,0.6645,249962976.69,2.3678,115.468478,1.333451,"UP_TREND,SMALL_GROWTH",2,5.707,4.884166666666667,4.731333333333334,64.99841199323824,0.32525936707299774,0.33203764489353804,57.34702700851536,58.72102349925036,54.59903402704536,253016505.888,85516657.55,486686692.2425,0.06666666666666668,0.2407439003583005,0.40930232558139523
sz.002161,,2026-02-27,9.07,1.9101,249649252.56,3.9351,61.432758,3.992703,"UP_TREND,SMALL_GROWTH",2,8.835,7.9225,7.883166666666667,63.05517846299185,0.25322636379044283,0.28545875645174773,52.819355851208954,45.65056604782265,67.15693545798155,193391758.35200003,35888690.25,316512593.6785,0.07476635514018698,0.14484064373619443,0.22237196765498668
sz.002140,,2026-02-27,12.77,3.2336,249354078.05,2.7659,19.750658,1.955843,"UP_TREND,MACD_KDJ_RESONANCE",2,12.199000000000002,11.638891835999999,11.602683933333335,61.24657488494696,0.12153084743998654,0.09305995244716209,67.88395721417757,54.29457136085183,95.06272892082904,118009957.87599999,13530755.65,166379732.5765,0.08620689655172412,0.0971834930625779,0.1712369948439707
sz.002219,,2026-02-27,2.57,-1.1538,247587497.41,2.9374,444.595121,4.423003,"UP_TREND,MACD_KDJ_RESONANCE",2,2.4385000000000003,2.343166666666667,2.3125,61.016437272481454,0.04526086789905648,0.028818449270303626,68.89927426143615,68.33603967525127,70.0257434338059,260915696.84283334,112756957.3,277311906.71150005,0.15999999999999998,0.09680631623870806,0.12227074235807844
sh.600966,,2026-02-27,8.19,-1.5625,245914600.38,2.2395,73.92197,1.483744,"UP_TREND,SMALL_GROWTH",2,7.719500000000001,6.846,6.048583333333334,63.10819583730076,0.4137554615853043,0.3732466684191126,58.842901718812854,66.93402281103194,42.66065953437467,174116543.0385,25867268.75,202661585.274,0.10559006211180133,0.19631901840490795,0.3559602649006621
sz.002441,,2026-02-27,11.4,-1.9776,245186997.97,5.3805,29.508269,1.355914,"UP_TREND,SMALL_GROWTH",2,10.613,9.758628559333333,9.568731473166668,63.33893329381849,0.4345961503800453,0.3649126473762622,85.18001147377475,85.70114148528002,84.13775145076423,143598888.77533334,24467591.8,263887760.67850003,0.059903381642512,0.1681969377855692,0.2730455158328504
sz.000951,,2026-02-27,20.66,-0.2414,245033276.53,1.0052,15.208773,1.561355,"UP_TREND,SMALL_GROWTH",2,19.7165,17.848999999999997,17.610479176666665,63.41332710800595,0.86898569903029,0.8374649891397574,46.48889939798582,52.58060396313232,34.30549026769282,274480289.6958333,21723503.75,428044927.8445,0.048498845265588786,0.15748781444338644,0.24532851115129595
sz.002849,,2026-02-27,20.06,5.1363,244402308.0,6.4125,113.52778,3.234833,"UP_TREND,SMALL_GROWTH",2,19.0275,16.731666666666666,15.747583333333333,66.49322780075889,0.39879390379509516,0.47348186333668635,69.66552675833407,51.28041730163267,106.43574567173687,167773791.7796667,9133117.85,174095788.462,0.08304256803907882,0.19892419563701558,0.48372781065088755
sz.002859,,2026-02-27,42.41,-0.9575,244105848.44,1.4197,90.955666,6.23535,"UP_TREND,SMALL_GROWTH",2,39.4435,32.906,32.10718971208333,67.99394355673671,2.562513850013765,2.370976130947381,68.80990590958069,72.13339957395539,62.1629185808313,216569337.18233335,8774123.15,348884865.77599996,0.0956749672346002,0.28882270710508706,0.4725694444444444
sz.002277,,2026-02-27,7.61,2.2849,243036146.81,2.3072,-471.987124,1.578149,"UP_TREND,MACD_KDJ_RESONANCE",2,7.405000000000001,7.346500000000001,7.132333333333333,55.42985998600363,-0.04145347514399855,-0.057169128219875034,71.25989874928173,54.370564323513136,105.03856760081894,354502341.76583326,34002718.95,253313002.263,0.1463119709794438,0.03586741985979702,0.17984496124031013
sh.603977,,2026-02-27,15.44,2.4552,242565553.34,2.5527,63.017669,2.865494,"UP_TREND,MACD_KDJ_RESONANCE",2,14.839999999999998,14.138499999999999,13.4715,60.44833037242963,0.08265021154233843,0.04562044052958224,80.28993853021596,70.99227523048661,98.88526512967465,322292161.70899993,13479597.75,201675806.926,0.11452335252719135,0.09205361247657118,0.2522303325223032
sz.000598,,2026-02-27,7.38,1.5131,241688375.51,1.1025,10.318613,1.130383,"UP_TREND,MACD_KDJ_RESONANCE",2,7.213000000000001,7.174833333333334,7.047666666666666,60.46172666541066,0.014707464162533768,0.0008667474083104854,79.70795455897482,66.71978622587575,105.68429122517296,156697692.2125,23788131.45,171821620.92099997,0.04471544715447155,0.028595321610257907,0.06956521739130417
sh.600098,,2026-02-27,7.38,2.2161,239490706.75,0.9312,11.230536,0.940769,"UP_TREND,MACD_KDJ_RESONANCE",2,7.044999999999999,6.827442918666667,6.803960305333334,66.65282596547027,0.09940263852386799,0.07548612768308437,87.0329046784939,78.08764630158902,104.92342143230371,146073016.45283332,25614328.45,180519192.231,0.0418994413407821,0.08093177605668544,0.11629171305327635
sz.002204,,2026-02-27,7.55,0.0,237699475.86,1.6309,24.607942,1.882498,"UP_TREND,MACD_KDJ_RESONANCE",2,7.435,7.387,6.930833333333333,53.8075454366152,-0.005447221467201224,-0.024941061272591186,79.17618391038738,66.48178889303458,104.56497394509299,454558752.07666665,43708656.45,327339004.97650003,0.12546125461254617,0.022065791254907374,0.13704819277108427
sz.002010,,2026-02-27,6.83,0.1466,236735923.53,1.2612,34.244416,1.043781,"UP_TREND,MACD_KDJ_RESONANCE",2,6.6785,6.228666666666667,6.220623943416667,61.175592404319616,0.10225087638473251,0.09845231922866225,84.57186432950868,82.59538141764007,88.52483015324592,240445082.0448333,42679367.5,288268025.33900005,0.09985935302390998,0.09654286631702869,0.17962003454231423
sz.002406,,2026-02-27,8.51,1.4303,235881217.0,4.6212,48.748765,1.5489,"UP_TREND,MACD_KDJ_RESONANCE",2,8.23,7.924166666666666,7.8925,64.80877536038864,0.07932845950661438,0.059878475906422896,88.8430387126447,84.81682192992612,96.89547227808188,137435244.96150002,17136223.45,141886960.691,0.07967667436489612,0.07392996108949412,0.10376134889753574
sz.002795,,2026-02-27,8.04,1.1321,235609368.48,6.8453,-12.614174,7.747447,"UP_TREND,SMALL_GROWTH",2,7.124,6.839333333333333,6.078083333333334,67.24716981700172,0.2799138855865104,0.15852637889717444,86.64953862578652,83.64007255941002,92.66847075853951,241107357.15283334,33478556.4,243824075.1205,0.13544668587896258,0.17555317282386196,0.2988691437802906
sh.603638,,2026-02-27,24.29,-0.8976,232714947.3,1.161,53.183858,5.729675,"UP_TREND,SMALL_GROWTH",2,23.4555,20.956974529,19.655364229,61.79459490713667,1.0297173510852708,1.0321094230131713,55.86921206606042,63.407851971830254,40.79193225452076,202656005.48266667,12560979.5,295836044.2955,0.09388769450442686,0.1590413476137884,0.22657151205302672
sh.603045,,2026-02-27,32.12,2.8498,230083633.92,5.3515,73.033694,4.270163,"UP_TREND,SMALL_GROWTH",2,28.105,23.212666666666667,21.76975,77.38643957890947,1.8775680315908723,1.6174373973783795,88.3796374252023,83.34478479828921,98.44934267902849,127582165.9825,8062018.8,226521463.6195,0.1161268090971744,0.3837272753381773,0.5908865775136203
sz.000659,,2026-02-27,4.82,2.9915,228081387.89,3.7241,-42.018238,36.452934,"UP_TREND,SMALL_GROWTH",2,4.627,3.9633333333333334,3.4175,61.69058348529825,0.14024228250636295,0.1593485318902626,75.26980478569348,68.80195451868056,88.20550531971932,264742810.765,50992148.3,237094937.975,0.10750507099391468,0.21614802354920104,0.7527272727272729
sh.603150,,2026-02-27,63.34,3.2269,226625532.63,4.2736,43.985574,3.19583,"UP_TREND,SMALL_GROWTH",2,52.326,43.519666666666666,40.89074727766667,72.83272617052695,5.297667131615178,4.494927945840054,76.72942965359755,74.69128983220757,80.8057092963775,136547755.43616667,3974073.15,213748647.80749997,0.1003872966692486,0.4554339417428137,0.7732362821948491
sh.603115,,2026-02-27,28.1,-0.7418,226495634.0,3.3504,33.320816,3.291325,"UP_TREND,SMALL_GROWTH",2,24.947,21.36116666666667,20.2285,67.74946931994873,1.618173586703815,1.2976466542855951,87.2638020656764,86.80053947238073,88.19032725226776,146039872.27400002,9689453.3,244187508.28900003,0.09868682849184245,0.3154712211411672,0.5516289342904475
sh.600382,,2026-02-27,9.16,1.3274,224546861.33,3.5419,29.341598,2.238417,"UP_TREND,SMALL_GROWTH",2,9.133,7.865050093333334,7.2060625866666665,56.83549175212931,0.250206870309885,0.3213091829696051,49.967023271480414,47.493994145423294,54.91308152359467,197830531.35166663,36523606.3,334276946.6925,0.117098445595855,0.16464611048876931,0.3903925544175131
sz.002443,,2026-02-27,9.79,3.5979,222688497.0,4.4747,29.596683,1.490284,"UP_TREND,SMALL_GROWTH",2,8.8685,8.518666666666666,8.127083333333333,70.61878595504267,0.20301134934105747,0.10340169049566054,93.83857880155279,86.71236690402958,108.0910025965992,153363631.01733336,17577460.55,156822480.028,0.10267379679144376,0.14924088276725622,0.28141361256544495
sh.600468,,2026-02-27,7.78,0.2577,222261320.7,2.6411,-65.27515,4.213629,"UP_TREND,MACD_KDJ_RESONANCE",2,7.408500000000001,7.126500000000001,6.96225,59.70489381690464,0.07631036190194607,0.038659406318346905,93.78406198707427,88.01098684407032,105.33021227308217,422196601.0713333,32971382.95,245052841.1795,0.1378476420798065,0.09169999298393305,0.269168026101142
sh.605056,,2026-02-27,24.34,1.0378,221862075.74,2.2859,39.178363,5.935492,"UP_TREND,SMALL_GROWTH",2,22.320500000000003,19.511397656,17.721032334666667,66.43689614330665,1.2780866894175844,1.1568038502698432,75.70051190724999,74.58761170553457,77.92631231068083,149689847.40816668,10872359.15,241585267.827,0.16792738275340385,0.24747598450565866,0.3393273629017519
sh.605069,,2026-02-27,13.87,-3.6806,220891949.03,7.5023,-15.205164,3.448903,"UP_TREND,SMALL_GROWTH",2,13.8065,12.651499999999999,11.616833333333334,50.934069893204985,0.1976269878319581,0.22479142969636007,32.638730552433216,40.6525311666299,16.61112932403985,149289227.50666666,12375979.1,174231543.066,0.16396629941672064,0.09631269019483857,0.34791059280855197
sz.000088,,2026-02-27,4.7,1.9523,216563762.09,1.4666,17.255678,1.347387,"UP_TREND,MACD_KDJ_RESONANCE",2,4.5600000000000005,4.512166666666666,4.4751329430833335,64.48228484860776,0.02750321829959379,0.015581070347244623,77.86631315020307,70.50219625329022,92.59454694402876,128128674.67366667,34313182.45,156605567.507,0.03470715835141001,0.041628190448048,0.0755144655940474
sz.000959,,2026-02-27,5.72,0.7042,216294473.0,0.504,36.333926,0.879739,"UP_TREND,SMALL_GROWTH",2,5.593,5.03,4.6474166666666665,61.29764698414173,0.11996443656231381,0.1348819466493957,71.57544712993887,64.06243099279732,86.60147940422195,224190310.23166665,38597336.2,216174500.62150002,0.07517482517482513,0.13717693836978118,0.37170263788968816
sz.002350,,2026-02-27,12.32,10.0,215180826.48,3.3294,100.794649,4.047931,"UP_TREND,SMALL_GROWTH",2,9.8935,9.056833333333335,8.368166666666665,81.92511618779133,0.5185044356937514,0.3247147271592039,94.07389594441382,85.80855537662325,110.60457707999495,201473851.13983333,22436229.75,221785076.1535,0.11437908496732015,0.3602988535360039,0.49696233292831105
sz.002723,,2026-02-27,9.67,-0.9221,211687850.09,6.9403,-12.537524,3.413039,"UP_TREND,SMALL_GROWTH",2,9.3395,8.970666666666666,8.79175,53.38051412041451,0.2753901408948547,0.278975338744742,28.800983280368595,32.5541610647925,21.294627711520775,198784768.97566667,26619756.6,256878878.19700003,0.19449225473321857,0.07795778834720579,0.29451137884872836
sz.002989,,2026-02-27,32.02,0.5969,211639750.3,3.6184,-16.918886,4.314142,"MACD_KDJ_RESONANCE,SMALL_GROWTH",2,29.1,28.633666666666667,29.67141666666667,62.15008889076472,0.15528986293787028,-0.24303908643435232,86.97690686358774,79.93941953791686,101.05188151492953,151145653.56116667,4622221.5,137267256.4875,0.18264014466546108,0.11826404814845004,0.24882995319812795
sz.001359,,2026-02-27,81.13,-3.9313,205588209.0,5.4825,59.094626,7.618612,"UP_TREND,SMALL_GROWTH",2,77.6135,71.09016666666666,61.46241666666666,56.57247370677077,2.5451703454666017,2.148804972837978,72.88668249831161,71.81475513505124,75.03053722483236,196103279.2426667,2162981.4,169356193.85750002,0.12087077585115821,0.1412267519417829,0.44565217391304346
sh.605118,,2026-02-27,44.16,-5.0323,203958477.76,1.1273,65.916023,12.236515,"UP_TREND,SMALL_GROWTH",2,42.7785,34.86016666666667,31.822762738,63.83037818998112,2.4810590926941316,2.6066813939850215,67.08140584489618,77.57099953226296,46.102218470162626,151243627.52716666,5895019.95,249176822.43199998,0.05032258064516136,0.26677535487017145,0.6271186440677965
sz.000599,,2026-02-27,7.21,1.5493,202067010.19,3.4566,-13.522026,4.476331,"UP_TREND,MACD_KDJ_RESONANCE",2,6.873,6.481166666666667,6.221916666666667,59.68715716070844,0.14337019050124855,0.1401891672089856,60.00944048236414,44.208559344881024,91.61120275733037,212339178.69066668,45266334.55,316711881.277,0.17131979695431468,0.11245403348162619,0.1265624999999999
sh.600273,,2026-02-27,11.56,0.4344,198707349.94,1.2704,15.085153,1.557562,"UP_TREND,SMALL_GROWTH",2,11.421000000000001,9.710666666666667,9.09961698075,58.274174153300336,0.45428275059709833,0.5219340724281745,50.59438011557703,60.60046842109426,30.582203504542576,270394544.48516667,33205511.8,378566599.7835,0.10197368421052633,0.19044349855828657,0.391095066185319
sz.002678,,2026-02-27,6.17,0.3252,193880305.95,2.3147,-26.531893,2.583429,"UP_TREND,MACD_KDJ_RESONANCE",2,5.6850000000000005,5.357666666666666,5.124583333333333,64.14831307290711,0.17673231779385823,0.14084647066679706,70.94279922702444,63.69408764874691,85.4402223835795,123037535.83583334,32034204.9,184889825.61200002,0.10496183206106867,0.15162073041747037,0.18426103646833014
sz.002919,,2026-02-27,27.84,2.9967,193494263.63,2.6743,-988.203762,9.031454,"UP_TREND,SMALL_GROWTH",2,25.909000000000002,24.035999999999998,20.715333333333334,66.37503144070712,0.830360872772232,0.7526539812426211,81.70499089085287,72.92875064543284,99.25747138169294,216207911.6365,9139333.65,237160551.3335,0.1106454316848282,0.15826260609086384,0.21998247151621375
sz.002631,,2026-02-27,6.2,4.2017,189241136.55,3.9014,-30.573419,2.260063,"UP_TREND,MACD_KDJ_RESONANCE",2,5.8085,5.738666666666666,5.483666666666667,65.86496407135257,0.04998518032622101,0.0190520801630851,84.07794557218037,76.24355406245084,99.74672859163942,140924627.579,14644765.1,85009524.3885,0.16144975288303137,0.08039033457249078,0.19922630560928445
sz.002259,,2026-02-27,5.82,1.2174,184857439.82,4.2581,84.361672,16.128229,"UP_TREND,SMALL_GROWTH",2,5.595000000000001,4.488333333333333,4.3509166666666665,62.539599725930586,0.3291155187561623,0.3807960551744387,49.5408446021688,38.0592975287905,72.50393874892539,151924834.34933335,58612549.0,325773127.267,0.12678288431061804,0.29669513553657634,0.4659949622166246
sh.605016,,2026-02-27,25.15,-1.4112,184001502.53,1.7479,28.878609,5.625874,"UP_TREND,SMALL_GROWTH",2,25.083000000000002,22.395317939333335,21.4461962315,57.326082707547734,0.6593291336390905,0.814442297645884,33.63021471885793,27.678552827317624,45.53353850193854,154690041.57066667,10273261.75,257767544.592,0.08619402985074635,0.1230025877787857,0.21335115531813753
sz.002346,,2026-02-27,22.36,-1.4978,182102648.8,2.0527,17.231981,3.422799,"UP_TREND,SMALL_GROWTH",2,20.7325,19.6755,18.462833333333332,65.78541224795957,0.43827745797695883,0.24843759640455834,70.54629881243028,73.47878821412868,64.68132000903347,135558260.80933332,5320391.35,112437144.58600001,0.12230576441102746,0.13643871820284104,0.33972438585979625
sz.002082,,2026-02-27,18.77,-0.1596,180085776.0,1.7561,808.393502,4.292283,"UP_TREND,SMALL_GROWTH",2,17.039,14.924166666666668,13.827083333333333,68.59738225508349,0.8481325191983764,0.7370061495475027,75.22976408631291,73.0175854579206,79.65412134309753,212541737.32483336,13487187.6,231683198.6325,0.13299663299663306,0.2576916634094588,0.44607087827426795
sh.603703,,2026-02-27,15.2,1.2658,179022059.36,2.848,-172.381719,7.623962,"UP_TREND,MACD_KDJ_RESONANCE",2,14.872499999999999,14.447833333333334,12.887833333333335,53.70753474441631,-0.05896528279465407,-0.07116795423640783,79.0180647457898,64.91809094993991,107.2180123374896,508814038.269,16067743.7,242548953.70350003,0.24021164021164018,0.052060862643764194,0.2687813021702836
sh.601700,,2026-02-27,6.11,-0.3263,177873269.86,2.5585,255.45066,2.730908,"UP_TREND,MACD_KDJ_RESONANCE",2,5.8975,5.683166666666667,5.279083333333333,56.0803248238086,0.02337508813713196,-0.008100079292873142,87.19347255882414,82.06162829282604,97.4571610908203,324411019.3883333,48353219.95,292952964.6975,0.1879588839941262,0.07510484178421661,0.2318548387096775
sz.002768,,2026-02-27,55.95,-0.0536,177110505.45,1.8009,20.227116,3.060438,"UP_TREND,MACD_KDJ_RESONANCE",2,54.701499999999996,54.014,52.10508333333333,55.62459970895788,-0.37214558844063106,-0.5733944360457777,83.51097941623605,69.90461351203504,110.72371122463807,166321976.42150003,3560089.55,194302629.2085,0.15818547037161035,0.035842559336468405,0.1344282238442822
sh.603995,,2026-02-27,20.31,2.6795,176432706.89,2.3853,11.063341,1.298892,"UP_TREND,MACD_KDJ_RESONANCE",2,19.2495,18.40116666666667,18.188417314000002,67.6143977830528,0.2632019457942576,0.1793391818427923,85.4512062972031,81.82235260976984,92.70891367206963,112803306.55766667,5803741.0,112077656.99200001,0.06354855109303507,0.10373436466890662,0.18980667838312826
sh.603271,,2026-02-27,48.23,2.8578,176003677.15,9.4962,24.17561,3.367882,"UP_TREND,SMALL_GROWTH",2,47.491499999999995,42.74433333333333,41.735285745000006,56.97665304968848,1.228764074284726,1.5306154090329376,26.13396409898838,23.110748810535334,32.180394675894476,153045346.01416665,5317796.35,253709207.41749996,0.10753098188751192,0.12833669960150673,0.27323125659978853
sz.002408,,2026-02-27,6.06,1.0,174439266.98,1.0532,-55.468778,1.511698,"UP_TREND,SMALL_GROWTH",2,5.867500000000001,5.217333333333333,5.086166666666667,62.70136028081038,0.19123375747678573,0.19451647128667257,75.44739568985725,73.42711370845979,79.48795965265217,202769471.395,60444577.65,358711348.179,0.11147540983606553,0.16151290569895216,0.2731092436974789
sz.002588,,2026-02-27,11.15,-0.0896,173398106.32,1.8086,13.146734,1.753924,"UP_TREND,MACD_KDJ_RESONANCE",2,10.917,10.147666666666668,9.903731666166667,59.833694538725915,0.21612217609377993,0.21173442282589847,64.72593544863524,62.028966511981224,70.11987332194326,121708751.33166666,16290496.5,178846283.91099998,0.08318739054290712,0.09877475938639413,0.18365180467091302
sh.600526,,2026-02-27,6.14,2.6756,168833395.8,3.1768,19.724632,1.220312,"UP_TREND,MACD_KDJ_RESONANCE",2,5.7425,5.4846666666666675,5.443250000000001,72.59180107841667,0.1117367834497367,0.08496952467919844,80.49138768963992,69.18279457888099,103.1085739111578,60436989.84016667,13398403.8,77418292.06650001,0.05565862708719849,0.11948462379968383,0.13703703703703685
sz.000680,,2026-02-27,13.46,-1.1021,167916452.91,0.9474,16.607717,3.460122,"UP_TREND,SMALL_GROWTH",2,12.9405,11.958166666666667,11.205115300166666,61.43119995680464,0.37626588613466616,0.34168531651791745,77.77398588163882,82.67091016218907,67.98013732053832,263903599.83783334,19222004.9,247291959.49899998,0.0879377431906614,0.12559060056586158,0.31317073170731713
sh.600132,,2026-02-27,55.45,0.8182,166685946.88,0.6212,21.80215,13.400168,"UP_TREND,MACD_KDJ_RESONANCE",2,54.235,53.09119710233334,52.9392312435,61.83363625528285,0.5469956938448206,0.5179567305198163,54.717776259693444,44.973788969090066,74.20575084090021,161788818.82716665,4406947.95,239827582.70450002,0.045953863053826406,0.04442926561102145,0.06457070213635685
sz.002652,,2026-02-27,4.74,1.0661,163231150.13,6.7703,-117.243562,9.679368,"UP_TREND,SMALL_GROWTH",2,4.2219999999999995,3.986833333333333,3.88375,74.19430629157605,0.1654157545287651,0.10569533238761822,89.56908369723658,85.86042990729591,96.98639127711792,141202180.8575,31072828.9,133248377.9625,0.2016460905349795,0.18891350696041154,0.23116883116883113
sh.605599,,2026-02-27,24.8,1.9737,162924867.58,0.8492,23.762532,4.632357,"UP_TREND,SMALL_GROWTH",2,23.813499999999998,18.838166666666666,16.671,61.5403319840077,1.6865935364344686,1.9489476945998132,21.730413176708584,27.13879206973295,10.913655390659855,183707964.504,16129197.25,385098419.19699997,0.13328581610833923,0.31647630254182557,0.6294349540078843
sz.002043,,2026-02-27,16.86,1.6275,162321454.36,1.3061,19.108871,4.353126,"UP_TREND,SMALL_GROWTH",2,16.5015,14.6675,13.283925881166669,59.275094882142945,0.6033621600313381,0.7145870370550167,34.02738433823407,32.48018432768315,37.12178435933592,161566298.37783334,12394181.2,203651659.16250002,0.09586206896551729,0.1494801431736832,0.22173913043478244
sz.002669,,2026-02-27,15.25,-0.6515,161823962.0,3.5139,-54.021728,1.70466,"UP_TREND,MACD_KDJ_RESONANCE",2,14.7745,14.465333333333332,14.167916666666665,57.38902338687231,0.0600178804192133,-0.018123976466791616,88.42961375517417,82.84300201188674,99.60283724174906,221223731.79549998,11064960.0,164498477.477,0.10279187817258878,0.05424463084155229,0.08156028368794321
sz.002380,,2026-02-27,32.49,1.8495,158318998.08,3.4487,25.128407,3.201639,"UP_TREND,SMALL_GROWTH",2,30.8815,28.9725,28.509999999999998,64.33928561810268,0.6382421874260729,0.528594597199899,79.24385755907201,76.71909987936792,84.2933729184802,184386152.95616668,6950337.6,215843510.60549998,0.11067073170731695,0.12140823194408501,0.220510894064613
sz.000159,,2026-02-27,7.14,1.7094,156733964.0,4.6009,102.750805,1.683867,"UP_TREND,SMALL_GROWTH",2,6.985000000000001,6.282,6.139583333333333,60.26799160797686,0.15097580784892273,0.16756408342356374,82.86650550309137,71.87957542719013,104.84036565489384,175331996.68166667,30662029.8,216059412.72750002,0.109772423025435,0.13658070678127987,0.2246998284734134
sz.002833,,2026-02-27,19.66,1.3925,156547295.64,2.7732,20.781379,2.903417,"UP_TREND,MACD_KDJ_RESONANCE",2,18.642000000000003,17.14016666666667,16.836703324,72.12016606224725,0.5164722619475697,0.48097551570934977,85.95609286082126,80.10786795019399,97.65254268207576,86694923.912,5927131.5,110782364.8115,0.06859205776173288,0.14701335070643018,0.23028785982478106
sh.600210,,2026-02-27,7.75,0.0,156410053.92,1.3346,9.42687,1.762829,"UP_TREND,MACD_KDJ_RESONANCE",2,7.685499999999999,7.5125,7.5024999999999995,54.98065234960489,0.027332128574348857,0.021653676704562766,70.48611420522366,66.59728728411102,78.26376804744893,176265169.83099997,27510527.35,213012183.147,0.09424724602203177,0.03161397670549082,0.05729877216916779
sh.605318,,2026-02-27,78.9,-1.3503,156277965.0,1.5661,-545.815738,15.349056,"UP_TREND,SMALL_GROWTH",2,68.667,62.69233333333333,55.696333333333335,72.15583369595308,4.16390412977664,2.7827895019544915,85.06833346917192,86.044879866439,83.11524067463773,216022120.697,2840469.5,200416464.9495,0.17746005046257363,0.25852709262695606,0.4586799778147532
sz.002243,,2026-02-27,11.18,-0.0894,155969923.98,1.1612,59.432844,1.86227,"UP_TREND,MACD_KDJ_RESONANCE",2,10.9485,10.396666666666668,9.784166666666668,56.72452096075267,0.13451106544354374,0.11964492139677554,76.9918268978643,76.21846747749092,78.53854573861105,305733116.86066663,18861339.2,207189216.1175,0.11932773109243697,0.07534466175056087,0.18057022175290371
sh.603681,,2026-02-27,22.1,0.8212,152806587.51,3.6116,28.565384,1.622989,"UP_TREND,SMALL_GROWTH",2,20.8345,19.702,18.424166666666665,65.26639550552308,0.41283709871526497,0.2585388406989513,89.18674017579245,87.3572920546666,92.84563641804414,143233827.67700002,7982711.05,170376595.0965,0.163010752688172,0.12171353162115528,0.2730414746543781
sz.002930,,2026-02-27,13.8,1.9202,152653991.45,2.585,-123.65143,2.705582,"UP_TREND,SMALL_GROWTH",2,12.4375,11.683333333333334,11.347083333333334,77.334546878641,0.5869901741974566,0.4770086374240967,91.85413773644814,85.98310358543321,103.59620603847799,120508002.66616668,13134049.8,163212375.57750002,0.13075657894736842,0.18116975748930098,0.21265377855887513
sh.600359,,2026-02-27,7.89,0.7663,152030254.2,5.1008,319.478096,4.499022,"UP_TREND,MACD_KDJ_RESONANCE",2,7.4935,7.327166666666667,7.199833333333333,63.213494509414645,0.07042877892660915,0.02971810143913684,60.28861935571195,54.511715606886014,71.84242685336383,90477215.647,18726242.75,142492865.677,0.08953341740226986,0.07681459409048519,0.11756373937677056
sz.002458,,2026-02-27,10.06,1.6162,151947074.51,2.0248,47.349846,2.647268,"UP_TREND,MACD_KDJ_RESONANCE",2,9.625,9.004,8.912806206666666,70.12538753352692,0.2080073367915567,0.20018056698505382,80.53477782474258,69.02385461533359,103.55662424356055,106048246.1185,14229827.5,136887475.9115,0.08333333333333333,0.11728120835184375,0.16840882694541248
sh.601038,,2026-02-27,14.87,-0.668,151195923.26,1.3938,20.493627,2.131067,"UP_TREND,MACD_KDJ_RESONANCE",2,14.415000000000001,13.977833333333333,13.481964238333335,60.18287008163782,0.16097133901344662,0.08788891718616298,80.70052686747638,75.61627744747568,90.86902570747779,165429423.63266668,13652408.75,197003165.3495,0.09127248500999328,0.06382725028914837,0.17178881008668245
sh.603730,,2026-02-27,10.98,-0.091,150760979.63,0.6419,37.815715,5.169408,"UP_TREND,SMALL_GROWTH",2,10.693,9.238833333333334,7.992500000000001,60.54008659184152,0.4822525894668175,0.5322384473259778,42.749946237241,55.35354787093199,17.542742969859006,259185484.47883332,25972625.45,278773993.34250003,0.07159904534606211,0.18846174661302828,0.33739342265529837
sh.600257,,2026-02-27,7.31,0.8276,149449291.44,4.2207,-62.712943,4.413694,"UP_TREND,SMALL_GROWTH",2,7.267999999999999,6.826333333333333,6.253333333333333,53.73790782490495,0.07143136931084104,0.08908738376973852,47.28375267453784,48.769559765064784,44.31213849348396,187279242.17566666,23586636.05,172723102.778,0.0907928388746803,0.07085306899750954,0.22857142857142843
sh.600987,,2026-02-27,8.55,-0.3497,149430280.79,1.72,12.001373,1.354091,"UP_TREND,SMALL_GROWTH",2,7.986,7.3565000000000005,7.289796057999999,63.467787796500964,0.3661244751914161,0.31946778130775966,72.09115422735704,75.32607860051328,65.62130548104454,126491202.51166669,32194840.5,261024214.62150002,0.08728179551122187,0.16223747706110236,0.21104815864022686
sh.603203,,2026-02-27,39.7,-3.5002,148813188.8,1.5043,40.646698,6.899166,"UP_TREND,SMALL_GROWTH",2,38.3925,35.531666666666666,33.43425,57.48043759591797,0.8425212608841193,0.7082854900472982,74.1896368067564,79.24193447219058,64.08504147588803,158825837.8561667,3651889.15,140519568.952,0.11511143766838099,0.11731319480275815,0.3605209047292668
sh.603012,,2026-02-27,8.25,0.365,148351174.74,2.8034,33.473169,1.402894,"UP_TREND,SMALL_GROWTH",2,8.0555,6.8555,6.467583333333334,64.7954702460754,0.28261121421902935,0.3383792225175336,29.558803629452004,27.708027511252126,33.260355865851764,173206716.18666667,26172591.3,210231006.6645,0.07470288624787767,0.20341331777405003,0.4248704663212435
sz.002838,,2026-02-27,29.16,1.3204,148106885.93,1.2136,80.491471,3.880071,"UP_TREND,SMALL_GROWTH",2,28.767500000000002,26.085833333333333,25.745117158333333,58.0508351354906,0.5306460977282015,0.5999598536940024,78.13831774871913,74.77688003165596,84.86119318284545,176052525.38233334,6227318.1,180231895.9115,0.09144736842105256,0.11784812957224555,0.38264580369843526
sz.002937,,2026-02-27,25.84,-1.374,145791006.83,1.9053,49.769486,5.045197,"UP_TREND,SMALL_GROWTH",2,24.566,22.954666666666665,20.793920468,59.19513121079473,0.647885558722681,0.5187385608868182,80.71055225677607,81.22348358686659,79.68468959659504,215868366.16933334,10630521.6,260996919.4725,0.11854460093896704,0.12569702602230493,0.3312725399278722
sz.000589,,2026-02-27,5.2,0.9709,145539422.46,1.8264,16.009083,0.907394,"UP_TREND,MACD_KDJ_RESONANCE",2,5.115,5.0834504505,4.91160209075,57.33120126463739,0.016019775029259442,0.008934897417449074,59.81450350353349,55.70954575615332,68.02441899829381,143215615.59166667,30415755.85,155824607.5575,0.04971319311663493,0.0229272519984014,0.06521605871549574
sh.600691,,2026-02-27,3.35,2.1341,142751703.04,1.8084,-12.106437,2.200809,"UP_TREND,MACD_KDJ_RESONANCE",2,3.181,3.042333333333333,2.9916666666666667,60.478128974272465,0.05668976909990464,0.040682048548972484,74.68764746066205,70.10241680024869,83.85810878148877,102954964.76200001,37186789.85,118864279.85949998,0.12380952380952386,0.10112851977648751,0.12040133779264206
sh.603687,,2026-02-27,11.5,2.1314,142622727.66,2.2693,55.261071,1.940813,"UP_TREND,SMALL_GROWTH",2,11.3385,10.228833333333334,9.56025,56.9087266896025,0.25112834746930446,0.31115151443971745,42.99427267338076,47.756479737775464,33.469858544591375,167287889.8595,16297520.55,185149638.94349998,0.07679033649698021,0.12427288872957165,0.3203214695752008
sh.603682,,2026-02-27,8.41,1.57,140655872.68,3.5607,63.118938,4.183561,"UP_TREND,SMALL_GROWTH",2,7.281999999999999,6.8465,6.393944037333333,72.94124335562046,0.3387819472430147,0.2175533375962344,86.95197374788813,83.14867857189888,94.55856409986663,134554465.61866668,16581677.2,122956193.2945,0.13175230566534915,0.2283648579566202,0.40400667779632715
sz.002556,,2026-02-27,6.72,1.2048,137269803.36,2.1683,42.329175,1.75789,"UP_TREND,MACD_KDJ_RESONANCE",2,6.4345,6.1102058045,5.9019331980833325,61.41848728680738,0.12119850779115726,0.09945609017435138,77.67831626974933,68.79255243167016,95.44984394590767,124215637.94783333,26861760.7,173608871.9655,0.06525037936267067,0.09979928909283275,0.1643745105403598
sh.603058,,2026-02-27,13.15,-0.8296,137255641.0,2.5079,41.747788,4.364404,"UP_TREND,SMALL_GROWTH",2,12.038,10.379166666666666,9.879750000000001,67.8939962378141,0.7466535784950352,0.6870975282737332,61.538252589227966,61.7852546348534,61.044248497977094,178240767.46850002,16463212.45,201237628.523,0.0846740050804403,0.26696105981533536,0.4498346196251377
sz.000930,,2026-02-27,6.77,-0.5874,136497681.0,1.0876,132.700355,1.178663,"UP_TREND,MACD_KDJ_RESONANCE",2,6.548,6.099666666666667,6.075,63.9938116176799,0.15925291841483702,0.14585862296371682,74.37880070376954,70.73454078984528,81.66732053161806,151390264.784,41804761.1,274537017.5215,0.06379821958456983,0.10989671566752279,0.15136054421768708
sz.002760,,2026-02-27,25.54,-0.0391,135230857.0,4.9444,-47.531851,3.33521,"UP_TREND,MACD_KDJ_RESONANCE",2,23.9815,22.744833333333336,22.017,69.9297942692526,0.5811632048775124,0.4485257436361335,82.52035078836292,79.46222872066329,88.63659492376217,104278915.36450002,4507306.85,108705343.31099999,0.08126901347240334,0.12289237848888734,0.13814616755793208
sh.605222,,2026-02-27,21.98,1.0575,133388601.0,1.472,61.017227,1.945872,"UP_TREND,SMALL_GROWTH",2,21.3095,19.369500000000002,18.822083333333335,60.36279647457379,0.42176910107589194,0.4263591291783221,83.31855777310298,76.67194223645791,96.61178884639313,165893626.50183335,6826739.4,147017095.4025,0.1086765994741455,0.13477374222359884,0.31067382230172935
sh.603969,,2026-02-27,10.73,0.4682,131773350.98,1.4675,26.975149,3.448377,"UP_TREND,MACD_KDJ_RESONANCE",2,10.2065,10.071666666666665,9.941916666666666,60.5084438585794,0.037251051336225416,-0.030379787347800166,90.9973411650576,81.06408297007317,110.86385755502647,178148063.44066668,17140352.9,175791065.947,0.14285714285714293,0.06536488499089876,0.1550053821313242
sz.002090,,2026-02-27,12.77,0.0,128124924.2,2.5493,62.253667,3.353762,"UP_TREND,MACD_KDJ_RESONANCE",2,12.479,12.242500000000001,11.732704719000001,57.258979435133114,0.05357195139168702,0.02960672573510701,87.21011630050128,77.36035995663431,106.90962898823523,211333735.41283333,13011090.9,162698538.4985,0.08051166290443933,0.04308760465591166,0.14221824686940976
sh.600929,,2026-02-27,6.56,-0.304,128107295.63,1.1958,-4727.514442,1.427678,"UP_TREND,MACD_KDJ_RESONANCE",2,6.18,5.905,5.8885,72.38920094399316,0.1483623020575795,0.10875350929940318,84.489507505727,79.86705748391127,93.73440754935848,119650777.50683334,26814908.15,166115099.08499998,0.10828025477707015,0.11092294665537672,0.12328767123287676
sz.001360,,2026-02-27,27.88,1.4925,127851281.85,5.6397,110.981508,4.011908,"UP_TREND,MACD_KDJ_RESONANCE",2,26.4735,23.312666666666665,19.667666666666666,58.4526791767321,0.8705041201439521,0.7837789987211905,82.15041830564428,80.80609463634606,84.83906564424072,291624465.0615,9366379.4,250428786.624,0.2156862745098039,0.19591638308215842,0.702075702075702
sz.003039,,2026-02-27,16.9,1.0161,122504211.65,1.1793,38.301217,3.70935,"UP_TREND,SMALL_GROWTH",2,16.5285,15.741333333333333,14.741833333333334,56.309502998716454,0.07863816337464158,0.08897927085150979,86.8692755297922,77.55113737240708,105.50555184456243,186841603.13033333,7988583.2,133088131.75249998,0.13988254137746936,0.07360664069117395,0.21582733812949617
sh.600935,,2026-02-27,2.91,1.3937,120535039.0,1.1851,-31.041197,1.747258,"UP_TREND,MACD_KDJ_RESONANCE",2,2.7939999999999996,2.6455,2.6145833333333335,60.158490446654554,0.05635036953287109,0.05057697904315123,66.29663398572899,60.528325807405565,77.83325034237583,93709749.48766667,40819142.55,114430229.80999999,0.09737827715355797,0.09998109998109994,0.14117647058823546
sh.600195,,2026-02-27,8.18,1.6149,118224491.6,1.4219,38.952955,1.460992,"UP_TREND,MACD_KDJ_RESONANCE",2,8.078999999999999,8.0295,7.776083333333333,55.00905911229773,-0.04015729612017083,-0.051876810738118236,82.00996764829017,66.50712262120388,113.01565770246276,138271654.90583333,19960761.2,163637701.551,0.14397321428571438,0.018743383772339417,0.05548387096774188
sh.603281,,2026-02-27,33.83,-0.3241,118144306.45,0.9293,27.032296,2.687813,"UP_TREND,MACD_KDJ_RESONANCE",2,32.163,29.572666666666667,27.69883333333333,62.945664243818555,0.9787040635462709,0.9062432097139885,79.28190387886059,78.68662820729168,80.47245522199842,71288022.63966666,3008867.5,96691632.084,0.0601780779858766,0.1439617664960886,0.24972294052456578
sz.000059,,2026-02-27,6.14,1.1532,117399444.86,1.1989,-4.271484,0.974269,"UP_TREND,SMALL_GROWTH",2,5.9765,5.501666666666666,5.357166666666667,60.99322260039078,0.12882796941183994,0.12928066924159898,75.0922451705845,72.73142722006887,79.81388107161578,151429619.1685,38180373.3,229216224.8875,0.07528641571194762,0.11602544683429272,0.20628683693516692
sz.002523,,2026-02-27,4.66,-0.2141,116235770.4,1.7738,54.859063,2.635114,"UP_TREND,MACD_KDJ_RESONANCE",2,4.5515,4.362333333333334,4.207,57.03356307046923,0.047515546054670565,0.04167408162714678,82.72821240965146,75.7602647781717,96.66410767261098,201094316.14499998,34330645.6,156636550.9975,0.11585365853658543,0.06823565370214713,0.15920398009950265
sh.603055,,2026-02-27,9.83,-1.4042,114758965.1,1.3173,16.640085,1.700224,"UP_TREND,MACD_KDJ_RESONANCE",2,9.3735,9.239833333333333,9.1765,62.93806594507205,0.11283331524419182,0.04768583490904632,75.92495820643538,71.88682808569968,84.00121844790678,62596051.1425,8315200.45,79090516.88649999,0.07533539731682133,0.06387200346326605,0.10201793721973096
sz.000007,,2026-02-27,13.62,3.4954,112944410.0,2.4314,83.274427,25.831033,"UP_TREND,SMALL_GROWTH",2,11.8585,11.373666666666667,9.677166666666666,76.10239002192097,0.4763557383033383,0.2905122700442804,93.51223179833553,90.25578262630097,100.02513014240469,130713448.119,8517388.0,101237659.1375,0.11986863711001634,0.19750300401512266,0.4382259767687433
sz.002135,,2026-02-27,6.46,0.4666,112781669.0,1.6806,92.366568,1.143561,"UP_TREND,SMALL_GROWTH",2,6.0995,5.225833333333333,4.887583333333334,70.0602876603708,0.2842895160701078,0.2936727203974372,59.97275449468287,57.78878783564858,64.34068781275144,143975274.61033332,33753142.3,206562425.701,0.08525754884547061,0.23616648062509982,0.4229074889867841
sh.600676,,2026-02-27,8.17,0.8642,112220121.6,1.3461,-43.120688,1.637507,"UP_TREND,SMALL_GROWTH",2,8.073,7.083166666666667,6.6154166666666665,55.33655130933751,0.16121110961511675,0.22164292366282823,50.57308932389094,54.51762177410131,42.684024423470206,210916501.95066664,27295469.2,222820655.219,0.22380467955239067,0.15343890444481034,0.3708053691275168
sh.603050,,2026-02-27,21.81,-2.6774,111096264.46,1.2565,35.726978,4.807586,"UP_TREND,SMALL_GROWTH",2,21.147,19.032333333333334,18.454583333333336,63.48248185511036,0.6665418628437365,0.6379559736329213,74.46287981860864,77.06763785387076,69.25336374808438,100657376.10116668,6077374.7,128564553.19500001,0.059797608095676046,0.14594462055799773,0.27992957746478875
sz.002206,,2026-02-27,7.35,-0.2714,111011198.0,1.7755,16.145984,2.181189,"UP_TREND,SMALL_GROWTH",2,7.1705,6.374666666666667,6.229916666666667,61.954680708428185,0.19848915447409698,0.21194765798819729,78.3304051962422,74.15656206373455,86.67809146125748,163932969.49366665,27569147.7,198039054.77249998,0.07027027027027033,0.1530014641288433,0.31720430107526876
sh.603285,,2026-02-27,36.97,-3.3211,110462632.45,4.7704,43.928296,3.527915,"UP_TREND,SMALL_GROWTH",2,35.317499999999995,28.732166666666664,27.559166666666666,62.46243261442843,2.296791084914844,2.4344900582425986,56.58580129535018,58.47244855907637,52.812506767897816,121645290.76516667,5299893.85,186130451.0905,0.0782789009849662,0.2867111773679907,0.4973673552045361
sz.001255,,2026-02-27,41.5,0.9487,110048773.0,3.7517,449.757534,4.895064,"UP_TREND,SMALL_GROWTH",2,40.4315,37.24583333333333,35.196749999999994,54.86851712630952,0.5424544965763332,0.6314826696584548,84.51191663724127,79.88644069770697,93.76286851630988,172834068.63316667,3824223.3,154279139.582,0.29107045825031697,0.11421859268374557,0.34347685335059897
sh.600796,,2026-02-27,7.02,0.0,107882483.0,4.955,33.32735,1.776716,"UP_TREND,MACD_KDJ_RESONANCE",2,6.781999999999999,6.414000000000001,6.2469166666666665,59.615111634852006,0.14512897008440628,0.14236723354626313,59.70347002320486,53.54271676214405,72.02497654532647,80913949.2675,19032258.5,130772865.767,0.08641975308641973,0.09448082319925155,0.10725552050473186
sz.002483,,2026-02-27,7.95,-0.625,107227901.4,1.5247,15.51494,1.60678,"UP_TREND,MACD_KDJ_RESONANCE",2,7.488499999999999,7.190166666666667,7.0365,68.781480271144,0.14047315944573402,0.09053091935962237,82.45657309586798,76.86940689400312,93.6309054995977,95437009.30216666,12650185.6,95423288.9605,0.04999999999999999,0.10567673442896552,0.2155963302752293
sz.002328,,2026-02-27,7.23,-0.9589,105828143.17,2.5621,37.387442,1.678735,"UP_TREND,MACD_KDJ_RESONANCE",2,7.1015,6.909166666666666,6.7099679420000005,56.0793826334722,0.05754836857034018,0.045077059107274164,76.15828846893736,73.43293441253746,81.60899658173713,164544830.45433334,21777561.35,155185819.407,0.08411214953271026,0.046435894343263895,0.10381679389312981
sh.600302,,2026-02-27,13.28,-1.1905,105596234.72,2.2815,-30.296228,7.743118,"UP_TREND,SMALL_GROWTH",2,13.2285,11.502333333333333,9.807250000000002,56.1319585813255,0.34970238855093605,0.4328888422566908,60.86012196590005,52.91819170642403,76.74398248485208,191668403.49566668,14161835.1,189152341.59600002,0.13840513290559117,0.15454835250818677,0.35787321063394684
sz.002921,,2026-02-27,24.14,-1.7501,105070800.4,3.3912,-143.958727,2.716976,"UP_TREND,SMALL_GROWTH",2,23.783,19.0095,17.474666666666668,63.16748370351962,1.2015675665300805,1.424089748913341,29.704787412004055,33.129905141908374,22.854551952195422,128039593.5875,7038304.15,168072925.3265,0.1116719242902208,0.26989137010442166,0.5777777777777777
sz.002637,,2026-02-27,14.13,-0.8421,103995850.0,1.6572,40.176133,1.760787,"UP_TREND,SMALL_GROWTH",2,13.862,11.700666666666667,11.421166666666668,61.767674200780725,0.5941575137339328,0.670754992860254,60.46569606917012,58.55368107897787,64.28972604955463,156012280.28516668,16669185.75,229899613.4515,0.1049046321525885,0.20762349723662465,0.31809701492537323
sh.600189,,2026-02-27,8.68,-1.6988,103019363.0,1.6513,660.663649,5.022959,"UP_TREND,SMALL_GROWTH",2,8.458499999999999,7.675833333333333,7.4805,63.82340987594706,0.2375352725335489,0.23813278249719005,57.636931983673975,53.94053076188308,65.02973442725576,140612527.1855,19400292.05,165069124.582,0.09342105263157895,0.13082184344805126,0.21568627450980404
sh.601113,,2026-02-27,4.91,0.409,101539522.0,1.8779,15.394488,1.364505,"UP_TREND,MACD_KDJ_RESONANCE",2,4.7135,4.6385,4.383166666666667,58.999157503871096,0.03809146180562539,0.013294001572367781,75.91856544222276,69.11024249584699,89.53521133497429,180430959.834,25414632.6,120967577.14599998,0.10924369747899151,0.058531852969710085,0.11845102505694771
sh.600433,,2026-02-27,3.64,-0.274,101148463.65,1.5961,328.273928,1.432637,"UP_TREND,MACD_KDJ_RESONANCE",2,3.5015,3.3393333333333333,3.302333333333333,63.65064375593689,0.06273442276384511,0.05196401761353846,79.76920580757658,72.24523943011008,94.8171385625096,97285495.01799999,33874615.65,118824389.4425,0.06079027355623105,0.09003793172289876,0.1410658307210031
sz.001207,,2026-02-27,27.74,-0.7513,99516212.49,1.8334,19.846852,2.550916,"UP_TREND,SMALL_GROWTH",2,27.322000000000003,25.352500000000003,24.150920192166666,60.56462341061471,0.4205577306145116,0.4441808075923129,84.13715190295903,75.19162367281601,102.02820836324508,114716920.69533333,4563417.0,125429487.72999999,0.07686956521739133,0.09417217236958852,0.23015521064301536
sh.605183,,2026-02-27,22.61,-1.5673,99509926.3,1.0695,16.822666,2.594238,"UP_TREND,MACD_KDJ_RESONANCE",2,21.731,20.365666666666662,20.177833333333332,64.2253373355289,0.48473525541073315,0.38530501316644666,72.9690468692788,71.87582197228188,75.15549666327263,55226195.807166666,3549342.0,77874586.751,0.05495495495495491,0.11020181023618192,0.1925105485232066
sh.600076,,2026-02-27,3.99,0.0,97748801.0,1.8201,-13.493689,1.40756,"UP_TREND,SMALL_GROWTH",2,3.9765,3.569,3.2279166666666663,52.239911428514574,0.06518131081493017,0.08751762808399238,32.37426612204116,38.45438205230062,20.214034261522244,233005626.97249997,66837923.65,268603107.768,0.23940677966101695,0.11796021294480252,0.4098939929328622
sh.600955,,2026-02-27,20.57,1.0811,96320719.0,0.8569,-53.704823,1.344719,"UP_TREND,SMALL_GROWTH",2,20.128999999999998,17.543666666666663,16.06275,57.44078881942963,0.6437700840961611,0.7004730676973437,64.19530888722026,66.63464201515086,59.31664263135906,193239160.66066664,11761040.95,238823020.973,0.10100047641734147,0.1725028975318732,0.474551971326165
sh.603015,,2026-02-27,15.08,-0.7242,95990204.88,1.5732,131.302206,4.370981,"UP_TREND,SMALL_GROWTH",2,15.052000000000001,13.868500000000001,13.02075,52.725866540744285,0.12828834408939827,0.17292548277011535,70.31217774695779,69.07479234154792,72.78694855777752,234926171.21666667,11186555.65,169545085.5745,0.22688629117959616,0.08735623895879141,0.3428317008014248
sz.001379,,2026-02-27,24.86,0.0402,95160293.0,5.7056,60.431413,3.302222,"UP_TREND,MACD_KDJ_RESONANCE",2,24.533,23.896166666666666,22.917098172,55.32319561376589,0.10881031108192474,0.07456037187609238,90.0683860672123,80.44302106494361,109.31911607174968,196361686.92033336,7137615.45,178610690.37600002,0.09445745511319288,0.040334223759738386,0.15306122448979598
sz.001225,,2026-02-27,81.95,-2.9028,93759057.0,5.3891,115.946516,3.908501,"UP_TREND,SMALL_GROWTH",2,79.0015,67.37383333333334,57.96841666666667,58.93242750540099,3.5202883797419275,3.4683955123396113,63.65171293032511,69.86262916890979,51.229880453155744,100007615.59433334,1393389.9,110756338.568,0.1406862745098039,0.21634759290822592,0.5067107924250782
sz.002634,,2026-02-27,7.29,2.1008,93143075.0,2.8694,-2.415834,-5.51389,"UP_TREND,SMALL_GROWTH",2,6.4925,5.986166666666667,5.535666666666667,63.45744983719756,0.44468474636825395,0.3734473543827357,55.69987400746098,62.75603549811143,41.58755102616007,124055661.91333334,26564724.05,172314656.5285,0.20560747663551407,0.21780772336219623,0.21500000000000008
sz.002758,,2026-02-27,10.85,0.6494,89384945.02,1.5989,12.864555,1.173685,"UP_TREND,MACD_KDJ_RESONANCE",2,10.498000000000001,10.200999999999999,9.804833333333333,61.45351223957752,0.10162298872740472,0.06903357471980627,82.95947948534973,73.7429117119971,101.392615032055,121691530.82616666,11733053.95,123411824.822,0.09013282732447812,0.0636212136065093,0.14090431125131442
sz.002863,,2026-02-27,6.18,1.3115,86313499.85,2.349,46.915077,1.306041,"UP_TREND,MACD_KDJ_RESONANCE",2,6.049,5.905,5.6915000000000004,58.95164114808085,0.05167773848521584,0.0466297680558795,79.927117715059,74.47708245488043,90.82718823541612,140674261.56383333,14437726.3,87391846.5,0.1085899513776337,0.046570702794242136,0.14444444444444438
sh.600236,,2026-02-27,8.89,2.3015,82543019.82,0.1186,27.602239,3.930966,"UP_TREND,SMALL_GROWTH",2,8.45,7.743666666666667,7.293345153000001,63.76353700555918,0.20245153484542833,0.21007310066091034,60.227136379679,47.86444381128213,84.95252151647276,116689362.35616666,12392683.45,104531417.743,0.06465997770345597,0.14803495329516592,0.2940320232896654
sz.002911,,2026-02-27,15.18,0.3968,82197527.57,0.429,19.696186,4.137855,"UP_TREND,SMALL_GROWTH",2,14.567000000000002,12.905196805666666,12.438151606333332,69.36873117229325,0.5998047581514641,0.5998039070088522,72.24914530960821,74.40318724658431,67.94106143565602,110554744.40783334,10134248.2,146255927.152,0.05515587529976031,0.17627032183921965,0.28464866275741474
sz.002571,,2026-02-27,12.66,0.8765,80890319.56,2.1656,-21.554641,5.081685,"UP_TREND,SMALL_GROWTH",2,12.278500000000001,11.224166666666665,9.66,57.918373141163734,0.24405146656190446,0.24771904742222664,60.654321544428306,62.38848937314823,57.18598588698845,184025999.69416666,10162308.75,124688866.183,0.12885662431941924,0.1279233796124435,0.5125448028673836
sh.601339,,2026-02-27,7.14,0.4219,78874341.49,0.7377,19.563006,1.166966,"UP_TREND,SMALL_GROWTH",2,7.007,6.134166666666667,5.812391998833333,61.89613127134604,0.2213829990376892,0.25488650347891906,40.42336702346633,39.97843918019169,41.313222710015594,98855326.16683333,18698110.8,131742318.71800001,0.06564245810055862,0.16397228637413375,0.3421052631578947
sz.002677,,2026-02-27,9.65,-0.1035,78656756.0,1.5329,286.748028,4.222908,"UP_TREND,MACD_KDJ_RESONANCE",2,9.223,8.748,8.094583333333334,59.39695585770468,0.11463881097006556,0.09385111714793727,64.69007644135772,56.123819174864494,81.82259097434417,170326378.07433334,13278971.25,123314383.54,0.13529411764705873,0.10310928212162795,0.16125150421179302
sh.600461,,2026-02-27,9.98,0.4024,77858107.48,0.6078,10.672206,1.327986,"UP_TREND,MACD_KDJ_RESONANCE",2,9.721,9.621833333333335,9.383999999999999,65.65224556760288,0.07588329794074866,0.055091594977946676,82.52051379822105,72.32627734326091,102.90898670814133,119890430.52216667,10069513.7,97878957.4225,0.07485029940119761,0.03722436819040009,0.08360477741585237
sh.600774,,2026-02-27,10.5,1.2536,77533462.6,2.5218,-399.477948,1.85518,"UP_TREND,MACD_KDJ_RESONANCE",2,10.234,9.845833333333333,9.84225,56.89277872415733,0.05562011965852598,0.029443102355838833,79.28105870484154,74.57503317215003,88.69310977022457,101348081.44283333,14705703.8,154385141.33699998,0.19931271477663232,0.06644096487515871,0.06490872210953347
sz.001338,,2026-02-27,12.88,1.2579,77352194.0,1.2045,19.428079,1.735944,"UP_TREND,MACD_KDJ_RESONANCE",2,12.6595,12.373,12.085583333333334,59.22975019910123,0.06096486086225106,0.05706076319876718,80.90484788045066,66.03547823373495,110.64358717388208,99035652.86216666,8164079.05,103668769.0135,0.058237547892720426,0.04097631940515645,0.10085470085470094
sh.603196,,2026-02-27,26.92,-1.1747,76858448.99,1.2024,-150.827231,16.584604,"UP_TREND,MACD_KDJ_RESONANCE",2,26.095499999999998,25.6165,24.069916666666664,57.37546506829467,0.20842055376140323,0.07170361596308601,77.87833983150055,73.87146467273269,85.89209014903628,108950917.97916667,4597953.4,121730624.01449999,0.1408647140864714,0.05088517166669937,0.18590308370044073
sh.603726,,2026-02-27,27.75,-1.3859,75153008.0,1.4651,23.95468,3.666056,"UP_TREND,SMALL_GROWTH",2,26.516,24.384333333333334,23.560583333333334,62.6781457345365,0.8705469332992521,0.7742751535513627,80.06577835689805,83.18952548644656,73.81828409780104,162997984.04766664,4702463.05,124912118.17,0.11918850380388843,0.1380257815810697,0.26481312670920687
sh.603211,,2026-02-27,22.92,-0.2177,75062836.67,1.2119,99.070234,5.071716,"UP_TREND,SMALL_GROWTH",2,22.8205,21.426833333333335,20.02825,53.256184729220315,0.13828155961466848,0.21051734113996265,49.89342661886461,39.84413486517191,69.99201012625,199630698.05166668,7755397.65,178883422.223,0.11056711546307632,0.06968676348192693,0.3364431486880468
sh.603270,,2026-02-27,27.9,-0.6056,72408110.05,3.6864,49.050099,2.720406,"UP_TREND,MACD_KDJ_RESONANCE",2,27.285999999999994,25.985086275,25.680148614833335,59.85548336941646,0.3458650835955872,0.31903337366925255,84.5451141219582,84.14127803347375,85.35278629892713,103649377.5425,3367375.45,92088230.4585,0.0727208229868748,0.07369279842808596,0.16484011525654552
sh.603311,,2026-02-27,16.37,-1.4449,71978087.0,1.8548,42.561991,2.809614,"UP_TREND,SMALL_GROWTH",2,16.2465,14.554499999999999,13.11875,55.96457538132825,0.4617819758145689,0.5003955226382065,46.34709396096733,55.67345827055904,27.694365341783907,131809815.3445,7341219.85,119329420.10500002,0.14519056261343014,0.12473805352296563,0.3802698145025296
sz.002666,,2026-02-27,5.89,1.0292,71758979.0,2.4503,65.920194,1.287465,"UP_TREND,MACD_KDJ_RESONANCE",2,5.701,5.476833333333333,5.4072025156666665,61.984506271676665,0.07301025867780364,0.05927349377786079,88.66534345751897,83.41113673430155,99.1737569039538,105779696.6045,14337091.95,81738221.85249999,0.10779436152570486,0.07543897020784507,0.14814814814814814
sz.002224,,2026-02-27,4.8,0.6289,71652470.46,1.8616,442.820477,1.335943,"UP_TREND,MACD_KDJ_RESONANCE",2,4.6835,4.551500000000001,4.534666666666666,62.5074395203116,0.05174255495442903,0.045281701038869644,66.56252875564414,59.306825806881555,81.0739346531693,82482810.57800001,22000232.75,103163446.71000001,0.07280513918629547,0.054597385477314964,0.07623318385650224
sz.002696,,2026-02-27,7.86,2.3438,69560363.0,2.6665,52.904637,1.98382,"UP_TREND,MACD_KDJ_RESONANCE",2,7.635000000000001,7.277333333333334,6.972916666666666,60.97844389113496,0.08702406956780617,0.08488437128121365,82.40856962025185,71.54184935137853,104.1420101579985,88344003.00716667,8427887.35,64473123.753000006,0.0759493670886076,0.08006595822645646,0.12125534950071337
sh.600981,,2026-02-27,3.44,0.8798,69376449.0,0.905,49.812295,1.52104,"UP_TREND,SMALL_GROWTH",2,3.3964999999999996,3.3546666666666667,3.17725,54.48589313378238,0.02262409938507215,0.0234131140959588,64.4571801221163,58.54714988802805,76.27724059029278,219407464.73916668,35097336.1,119554755.6645,0.18015665796344646,0.025437201907790197,0.2241992882562278
sz.002382,,2026-02-27,6.08,1.1647,68974835.54,1.1352,-11.965653,0.794741,"UP_TREND,MACD_KDJ_RESONANCE",2,5.955,5.760666666666667,5.754833333333334,58.760454472636155,0.04108472768965221,0.03817671157928951,75.60968279371255,64.78186133207703,97.2653257169836,69623614.66000001,12160264.6,72567763.733,0.09739130434782602,0.05543339891216292,0.07610619469026547
sh.603113,,2026-02-27,7.32,1.385,68271808.27,1.1096,-59.909243,0.771556,"MACD_KDJ_RESONANCE,SMALL_GROWTH",2,7.0424999999999995,6.591,6.6709994065,61.93258649364035,0.1729763382275742,0.16981079547358383,70.82797923026942,64.99974337591996,82.48445093896834,121640170.07,18249439.0,128196469.0835,0.12283236994219648,0.11060537096040046,0.23232323232323226
sh.601686,,2026-02-27,6.36,0.9524,67942438.98,0.728,11.329403,1.393683,"UP_TREND,MACD_KDJ_RESONANCE",2,6.2555,6.180164479166666,6.1008776720833335,57.85758609438981,0.015150733668747307,0.007457116080166612,74.7335365294974,58.97665890800527,106.24729177248166,76444576.20366667,12803848.85,80298934.824,0.06677018633540381,0.029098824382354227,0.07295083850601913
sz.001299,,2026-02-27,13.79,1.3971,67721435.3,2.2623,33.807256,2.831736,"UP_TREND,MACD_KDJ_RESONANCE",2,13.355,12.678333333333335,12.559626274166668,59.560922240743366,0.1977755798444374,0.18210814215470067,66.13574610411251,60.133311772415325,78.14061476750689,121187426.54016668,6741208.95,89856412.754,0.1393609789259008,0.08768239779150755,0.06076923076923069
sh.603948,,2026-02-27,29.98,0.1671,67619167.24,1.3938,22.298013,2.32061,"UP_TREND,MACD_KDJ_RESONANCE",2,29.2055,27.712,26.996166666666667,59.5974876835561,0.3503206883774759,0.3068525275466642,81.66852040164423,73.90141331318102,97.20273457857064,91127151.61116667,3860005.05,113571899.83,0.10475886298307242,0.08184180138568142,0.1364670204700531
sh.603879,,2026-02-27,6.46,-1.6743,67267385.32,2.8838,-16.468516,9.053205,"UP_TREND,MACD_KDJ_RESONANCE",2,6.359,6.335333333333334,6.327916666666667,51.84431387047907,-0.014614007703923626,-0.03740188149510528,70.30493791860746,66.03817503492286,78.83846368597668,154106226.422,11831066.75,75561179.63350001,0.27709190672153644,0.019677996422182487,0.08389261744966436
sz.002778,,2026-02-27,23.17,0.7391,66214017.0,2.3259,-40.367183,9.152003,"UP_TREND,MACD_KDJ_RESONANCE",2,22.171,21.603833333333334,21.056083333333333,67.10600852614172,0.2936719245244248,0.1803665667858023,87.23986712951707,78.43189140708583,104.85581857437955,70551512.04183333,2748236.1,61176180.591,0.16521378165213785,0.07249485045092308,0.1274939172749392
sz.002116,,2026-02-27,11.22,0.4476,65864025.0,1.28,15.247571,1.976363,"UP_TREND,MACD_KDJ_RESONANCE",2,10.994,10.715166666666669,10.593666666666667,62.12911269614751,0.10710677017765491,0.0992686147626972,81.67516843958097,70.51916779767674,103.98716972338943,75344381.38416666,6509008.9,71534714.0415,0.08363309352517984,0.04711390396789583,0.03125
sz.001202,,2026-02-27,18.42,1.2644,65031184.14,3.0374,41.963599,3.671228,"UP_TREND,SMALL_GROWTH",2,18.0695,16.983666666666668,16.515666666666668,55.67239929065702,0.1592825928845656,0.19944027917793775,79.11670490366646,72.25982827261035,92.83045816577868,105844629.13599999,7169824.0,134224246.72699997,0.22287257991895537,0.08457145100194308,0.2023498694516972
sz.003025,,2026-02-27,14.91,-0.7984,64744350.9,1.928,29.219848,3.411313,"UP_TREND,MACD_KDJ_RESONANCE",2,14.7155,14.426166666666667,14.237083333333333,56.91470062659474,0.07277774842694029,0.05906178545007928,75.95411533464463,71.15059912420989,85.5611477555141,56862132.127666675,3926145.55,57803892.377,0.07202216066481988,0.03353859306584095,0.06196581196581197
sh.603080,,2026-02-27,24.74,1.0621,63765266.0,1.8297,19.06078,2.297906,"UP_TREND,MACD_KDJ_RESONANCE",2,24.1645,23.83083333333333,23.4815,57.0977574048554,0.04580314841010136,-0.0169283227218407,86.79544934825842,75.81071286652002,108.76492231173518,102573526.46166666,2917753.8,70976385.8875,0.086105675146771,0.03815085498478865,0.12813497492020054
sz.002671,,2026-02-27,5.97,0.3361,62148111.0,1.9032,31.099543,1.888182,"UP_TREND,MACD_KDJ_RESONANCE",2,5.810499999999999,5.526833333333333,5.313666666666667,61.95770349999588,0.10169132844514817,0.09669233242365641,66.9052398334467,64.19987152257738,72.31597645518534,115740431.79466668,14113053.95,82124934.007,0.1582491582491583,0.08018455414492931,0.137142857142857
sh.600784,,2026-02-27,7.38,0.545,61364412.6,1.2359,23.89231,1.528493,"UP_TREND,MACD_KDJ_RESONANCE",2,7.1865,6.968333333333334,6.7435833333333335,59.91220641825296,0.05369739180875488,0.04098119941753323,88.29348965534564,81.89031106363875,101.09984683875942,86445365.66983333,9086949.95,65324341.5235,0.12688442211055273,0.059076775890935185,0.13713405238828957
sz.003027,,2026-02-27,23.43,0.171,56091208.0,2.3001,37.574254,1.794164,"UP_TREND,MACD_KDJ_RESONANCE",2,22.796,21.763166666666667,20.892666666666667,62.039531498011904,0.316335494026287,0.2904723864180103,93.08089955237776,86.2476126596788,106.74747333777566,99826609.44566666,3093633.6,70502886.138,0.11419325011558017,0.07658965070953205,0.08271719038817005
sh.605167,,2026-02-27,17.92,1.1858,54940093.0,0.686,36.885526,4.072587,"UP_TREND,SMALL_GROWTH",2,17.853,14.916666666666666,12.872166666666667,57.11222561223883,0.449593934534569,0.62638740827644,67.38326650061884,52.63712745074766,96.87554460036121,205154167.975,7626212.8,137200836.932,0.09404388714733546,0.20134078212290518,0.7725024727992089
sh.600724,,2026-02-27,6.91,-0.7184,54205707.0,0.5455,45.635695,3.500483,"UP_TREND,SMALL_GROWTH",2,6.74514858,6.048842203333334,5.611062455,62.133929728601494,0.20095731290494,0.20762012989225104,65.46688937987075,67.60530428194127,61.19005957572972,112480080.28016667,13932636.4,94810123.859,0.10769230769230771,0.14236737671749955,0.34791426750281307
sz.002282,,2026-02-27,8.0,0.2506,54076536.37,1.3451,23.077581,1.16441,"UP_TREND,MACD_KDJ_RESONANCE",2,7.7844999999999995,7.565833333333333,7.474333333333334,63.03541453679674,0.08762413650944278,0.07501216432197673,86.53337916334684,77.60646900395132,104.3871994821379,50434506.59583333,7539732.45,58706220.04400001,0.0655307994757536,0.057385174578698184,0.08401084010840121
sz.002234,,2026-02-27,9.53,1.383,52888697.0,1.8498,-12.680991,1.839435,"UP_TREND,MACD_KDJ_RESONANCE",2,9.296,9.0315,8.974499999999999,61.757693392877556,0.08928482510567726,0.08145856403929574,84.30085496379883,74.29204371145443,104.31847746848763,55217047.34133334,6159351.45,57306866.1225,0.11518324607329856,0.05519570392515094,0.04153005464480852
sz.002871,,2026-02-27,21.47,1.465,52681395.09,1.6645,37.489651,4.874949,"UP_TREND,MACD_KDJ_RESONANCE",2,20.269,18.049833333333332,17.202177663083333,67.64974550503378,0.5605672201048364,0.5291591098763944,89.44510732051381,79.6042993570137,109.12672324751406,82223198.464,3193171.1,64924647.09200001,0.09154929577464785,0.18948466744845294,0.45855978260869557
sz.000715,,2026-02-27,6.5,0.7752,49252049.3,1.4125,30.935268,1.788091,"UP_TREND,MACD_KDJ_RESONANCE",2,6.4415000000000004,6.4205000000000005,6.171083333333333,53.690196900080004,0.018657840453184527,0.017112930163113996,61.40736696317558,54.82526610573143,74.5715686780639,159902353.4435,16073404.3,103794528.0865,0.10997067448680352,0.012382213223269156,0.06557377049180335
sz.002753,,2026-02-27,7.97,0.1256,47256368.0,2.4542,43.707207,1.484805,"UP_TREND,MACD_KDJ_RESONANCE",2,7.745,7.488666666666666,7.351333333333334,60.729031071962154,0.12059381849568052,0.10480893225801582,74.28548788068693,69.71209368635908,83.43227626934262,77025873.88283333,8514658.7,65853465.725999996,0.14162561576354674,0.06427490429983096,0.0050441361916770955
sh.601968,,2026-02-27,6.1,0.6601,46992434.0,0.6045,40.708915,1.704447,"UP_TREND,SMALL_GROWTH",2,6.009,5.608490999,5.427001633166667,58.15279605297564,0.09829486518632269,0.11024003091012068,71.15944563898842,68.38480717380745,76.70872256935036,99069598.072,14944397.85,89796248.20650001,0.07278481012658226,0.08763658550715991,0.21491517179454211
sh.600851,,2026-02-27,8.3,0.7282,44031507.97,0.722,64.11912,2.145471,"UP_TREND,SMALL_GROWTH",2,8.0375,7.454666666666666,7.119583333333334,63.87480043442014,0.23750219439552467,0.23664149492159406,37.06410555468953,43.76109772467965,23.670121214709297,101529166.79683332,14045604.75,112792471.82849999,0.09607577807848444,0.11339653013772155,0.22599704579025137
sh.603680,,2026-02-27,15.33,0.5906,40322080.04,0.3369,23.809946,2.145915,"UP_TREND,SMALL_GROWTH",2,15.235499999999998,14.528666666666668,13.243746351666667,52.00863427965119,-0.022989851352472,-0.009911098226952825,84.3164572711477,75.70263644619284,101.54409892105741,170062775.35066667,6304391.4,97562136.789,0.1790123456790123,0.05515532510439125,0.4103035878564858
sh.605177,,2026-02-27,22.94,-0.8214,39385346.31,1.5169,-12.059347,1.548219,"UP_TREND,MACD_KDJ_RESONANCE",2,22.0195,20.220000000000002,20.110583333333334,66.27353388030568,0.584772243065931,0.5275297113943265,85.34999070358589,81.19379968480715,93.66237274114337,47390991.157500006,2268415.9,50192564.549,0.13388916135360474,0.1345202769535112,0.13789682539682535
sh.603709,,2026-02-27,19.0,1.4415,33357078.7,1.4136,-38.84574,4.620807,"UP_TREND,SMALL_GROWTH",2,18.518,17.816166666666668,16.515083333333333,58.86138081739688,0.36604663852411434,0.3663217160159117,52.67965293335222,55.901697019891024,46.23556476027461,112924765.70416667,2799321.55,51723314.9185,0.31543624161073824,0.06644714070553892,0.2450851900393185
sh.600410,,2026-02-27,28.94,6.1239,17618719897.59,54.9825,53.197821,6.689905,UP_TREND,1,22.5515,20.032833333333333,19.969999999999995,74.57875311552411,1.660283528983463,1.0429718313720027,87.14792740776633,84.05797096667287,93.32784028995323,3617627276.8156667,237616196.6,5536488228.3405,0.18714168714168714,0.44462840170719753,0.48182283666154624
sz.002131,,2026-02-27,9.63,3.1049,10433742690.06,18.6055,133.315846,4.926785,UP_TREND,1,8.997000000000002,7.2115,6.332833333333332,60.571519581136876,0.36324493344012865,0.4099751964749813,82.406141074007,71.99521540175672,103.22799241850754,,1165203125.15,10481424157.949,0.23076923076923078,0.3353671219579839,0.7966417910447761
sz.000547,,2026-02-27,30.75,0.0325,9026578160.76,18.242,-30.650368,10.455836,UP_TREND,1,29.265500000000003,26.697499999999998,17.669666666666664,55.53191391486432,0.39030199615045547,0.423389161362326,63.21308318976455,50.72528130986154,88.18868694957058,10379215401.864,288619350.35,8581773747.1605,0.35300000000000004,0.15179323906732844,1.1808510638297873
sh.600487,,2026-02-27,47.5,7.1509,8447789590.72,7.6612,41.405175,3.807017,UP_TREND,1,37.382999999999996,28.006666666666664,24.5545,73.53495739440356,4.376825743942277,3.8238672359816093,92.18612658182866,85.60882173107505,105.34073628333587,3797268754.3533335,172447640.6,6343692106.6575,0.1069439287040475,0.6960247560104738,1.420998980632008
sh.603993,,2026-02-27,23.99,4.1685,8035386307.41,1.938,26.268254,6.606637,UP_TREND,1,23.492,20.927666666666667,17.886083333333335,56.19416848900789,0.3103798874866399,0.41425188797237855,82.99268831635459,73.89493181497133,101.1882013191211,5881378384.471666,341925064.6,8143631337.7185,0.18682944876063634,0.14632942038449892,0.5021916092673762
sh.600522,,2026-02-27,29.14,5.618,7964641463.16,8.1575,34.7076,2.715889,UP_TREND,1,23.296,19.657666666666664,18.290000000000003,77.23741840789715,2.0620182522561983,1.5833251445082877,92.60569469379628,89.52783021473888,98.76142365191106,2729431569.3818336,178500526.45,4136397063.092,0.08823529411764698,0.4823732894714532,0.8431372549019607
sz.002506,,2026-02-27,5.01,-0.3976,7127828411.03,24.0624,-51.535284,16.470971,UP_TREND,1,4.209999999999999,3.234666666666667,2.9448333333333334,67.23081102712334,0.5084540706969483,0.4664914208459462,54.628726576983,57.318816193850786,49.24854734324741,2250243540.502,1190159196.4,5235648659.032499,0.18060836501901145,0.5488458367683426,0.9570312499999998
sh.600589,,2026-02-27,13.04,3.9044,6743011410.91,35.1323,442.957452,27.223,UP_TREND,1,11.038,9.010666666666667,8.296916666666666,64.49032665773868,0.9728260776044984,0.8279425183822222,57.859566673717936,59.55859232875825,54.46151536363729,2010429907.9485002,275700197.05,3178734702.6285,0.17279411764705888,0.44717372003551326,0.7669376693766936
sh.603986,,2026-02-27,300.0,-3.0381,6629753921.01,3.3087,155.379506,11.560124,UP_TREND,1,298.92749999999995,253.96133333333333,226.32399999999998,54.33536425706309,11.0783996827127,12.00028286376612,54.28219417241925,62.441433039588134,37.96371643808149,8028628246.4725,29035814.6,8722741530.5095,0.14678077113198218,0.18128218993967593,0.5738117721120553
sz.000657,,2026-02-27,66.22,10.0,6175451949.62,6.5665,141.009041,15.282372,UP_TREND,1,51.085,36.34183333333333,28.345666666666666,79.56992243381006,5.969806667740535,4.966487659170132,90.97097767440852,85.51464283567896,101.88364735186764,3534896606.9988337,100576168.5,5138582446.226999,0.13064269319051258,0.8221425262897215,2.0086324398000905
sz.002156,,2026-02-27,52.01,-0.4974,6005337368.8,7.7511,80.086318,5.199458,UP_TREND,1,50.435500000000005,43.245999999999995,40.48891666666667,60.57148256428898,1.3835369515758202,1.5202154402193437,81.0250593965844,74.57767120561427,93.91983577852466,4073686237.2486663,119418654.95,6126453487.5625,0.1675541356052539,0.20265458077047604,0.4459271615234919
sz.002008,,2026-02-27,72.3,3.7005,5930940766.15,8.7117,65.807256,4.3866,UP_TREND,1,53.58,45.088499999999996,41.849666666666664,84.11660291442352,5.282578764233655,3.2350693147173537,96.80978894548532,94.88490428253792,100.65955827138015,1580044466.5175002,40115239.35,2214898563.3205004,0.11727238666167113,0.6035130909211883,0.9917355371900827
sz.002155,,2026-02-27,37.7,10.0088,5672997260.44,10.0444,48.747325,7.719891,UP_TREND,1,33.0185,25.575,23.710083333333333,69.0210614034674,2.6197469494345427,2.746195914496249,72.31574618778339,55.72390325888961,105.49943204557096,,,,0.12162162162162163,0.4740957966764421,0.6822846943328873
sh.600875,,2026-02-27,37.07,-0.7497,5474912069.26,6.5458,39.27968,2.883055,UP_TREND,1,29.282,25.58583333333333,23.043,76.15205657365232,2.764643713770809,1.8516983273989753,91.78292156867639,91.15882986848032,93.03110496906851,2159107640.761,101516674.25,3069609549.8085,0.10659898477157354,0.4488486467120478,0.812713936430318
sz.000630,,2026-02-27,7.93,4.4796,5159622421.34,5.9451,57.504552,2.943853,UP_TREND,1,7.579000000000001,6.309166666666667,5.6223471245,61.3084052637188,0.2999672309221504,0.32621357514760896,84.2721697380595,71.3616281645898,110.09325288499889,3448269623.295833,770128849.1,5889368154.4205,0.23286180631120781,0.2569013340377757,0.5891783567134268
sz.000426,,2026-02-27,55.19,5.8496,5009632042.68,5.2382,61.475345,10.700306,UP_TREND,1,55.06849999999999,44.5105,36.5235,56.84195098212049,0.9950318584305364,1.5619225781635746,87.90543292993354,77.32678915006962,109.06272048966136,3717615077.611167,93702508.05,5193014742.1495,0.3020348837209302,0.23993215084081276,0.7598852040816326
sz.002837,,2026-02-27,108.5,-4.5734,4939489941.47,5.3595,212.34661,31.981446,UP_TREND,1,104.638,96.29733333333334,85.08066666666666,54.510679165348975,3.071093184552666,2.6143931951195145,65.22741946050152,68.06489905572126,59.552460270062056,5289588882.955334,52415850.0,5520587427.1345005,0.14920494699646644,0.12671863533777317,0.4788060515196946
sz.000792,,2026-02-27,38.2,-2.0764,4837939894.52,2.3884,33.551912,4.923085,UP_TREND,1,34.3885,30.679,26.578083333333332,69.25786681859702,1.3774625022593128,0.9845557113618344,84.01600900802586,85.05841560383632,81.93119581640494,3214725791.4913335,102202223.75,3559204817.8650002,0.1208240534521159,0.24515140649956013,0.4613618974751339
sh.600392,,2026-02-27,33.57,6.7409,4802045158.13,8.3261,65.240658,4.422159,UP_TREND,1,27.8645,23.87683333333333,23.3573080475,70.52849825206344,2.0729980439886404,1.573190471441085,94.02465449104488,89.49153222676138,103.0908990196119,1987369884.8385,131385553.55,3681141559.5864997,0.18914418914418912,0.40596533599514184,0.6407624633431084
sh.600519,,2026-02-27,1455.02,-0.7632,4697692477.08,0.2568,20.239165,7.087869,LOW_VAL_BLUECHIP,1,1453.3515,1418.6350269173333,1428.0519209266668,50.618046623811686,20.053533916702918,23.61987149515345,7.081449295463953,15.423996448118054,-9.60364500984425,6379409075.212833,6780140.65,9785326226.2235,0.07305270971491792,0.02564787446545047,0.024329583806085964
sh.601869,,2026-02-27,231.31,-2.0703,4468564168.37,4.8812,334.432818,16.191965,UP_TREND,1,180.52100000000002,130.7241666666667,109.88041666666668,74.16373381656983,30.04460492144463,25.617032407984347,81.94088109654008,85.04615488804204,75.73033351353618,2476866489.7341666,20061481.45,3518725252.622,0.17854406130268197,0.7694509431436418,1.855679012345679
sz.000636,,2026-02-27,26.0,1.0494,4423640263.61,14.7383,100.159261,2.407361,UP_TREND,1,21.8945,18.561833333333333,17.288,72.53278408237978,1.6472252861114143,1.2437946076931086,87.95296351884492,86.44104487139643,90.97680081374193,1051862724.0205,83322586.95,1898943810.296,0.09612692487167517,0.4007237072487453,0.600985221674877
sz.002149,,2026-02-27,52.1,3.2706,4179396310.36,16.4523,285.202725,8.726116,UP_TREND,1,50.257,40.22566666666667,28.91108532033333,58.213964554673765,1.9510155368840287,2.551483450631962,44.30557748279705,35.29140137798405,62.33392969242304,3946970018.8405,94837863.05,4781635827.151999,0.30246076341794226,0.29519295308965243,2.1652490886998783
sz.002080,,2026-02-27,50.63,-4.2549,4133986849.39,4.9257,48.184552,4.331326,UP_TREND,1,43.7105,38.51016666666667,35.999166666666675,64.73107119897698,3.46043802159398,2.462633168247823,87.71326183076127,89.48353539326958,84.17271470574465,2317180358.987,62163841.25,2759291985.2135,0.12159329140461213,0.31471775851398553,0.5511642156862746
sh.601208,,2026-02-27,34.95,3.0062,4120124939.66,12.3256,155.000725,5.863519,UP_TREND,1,27.991000000000003,25.53078779333333,22.292038712666667,74.43056332332932,1.620367793051102,0.8573171027299131,93.76476115993671,87.24993091453773,106.79442165073468,2035438570.195,68320672.4,1947726971.006,0.13194915007724053,0.36893543132759277,0.8174746269621629
sh.603308,,2026-02-27,70.0,-4.1883,4099154278.13,8.3208,134.468393,9.684863,UP_TREND,1,58.3965,48.055166666666665,41.3105,70.11306838418409,5.793745377470344,4.56265826211027,81.73717993876522,85.89652258870592,73.41849463888383,1039010605.549,23660466.0,1427157399.921,0.08537137681159412,0.4566591868373502,0.9042437431991297
sh.601179,,2026-02-27,16.08,0.0622,3927888543.32,4.8045,68.349953,3.64304,UP_TREND,1,15.232,11.838500000000002,9.664090941000001,66.09142073690523,0.7805145040781323,0.8517486819226016,84.56771159521202,74.87230630523574,103.95852217516457,3707459954.9646664,306210367.3,4716687422.9545,0.10650154798761603,0.3582801875237569,0.9097387173396674
sz.002353,,2026-02-27,117.27,6.3191,3879116474.5,4.8595,42.328666,5.421147,UP_TREND,1,95.1465,80.029,65.51353327766667,74.57849170676556,7.680885099412919,5.956795473627686,92.37510790697387,89.96059107632456,97.20414156827246,1754165431.868,20871404.95,1980648223.8795,0.10412547779095829,0.4653438128678353,1.2461214326757326
sh.600176,,2026-02-27,27.04,-5.1228,3878339639.58,3.5571,31.106604,3.424201,UP_TREND,1,23.449,18.916833333333333,17.276859743333333,66.48956386997196,2.389734365065401,1.9936891810817943,82.71164023403965,86.81853602642067,74.49784864927761,1433684215.9006667,107461019.85,2605372353.9535,0.07568807339449551,0.42941471881305016,0.7812911725955205
sh.600584,,2026-02-27,48.16,-1.1494,3875995662.81,4.5688,57.955929,3.060025,UP_TREND,1,47.207499999999996,41.841166666666666,40.6242034465,57.8349208123572,0.9880344464030344,1.1419384033550553,72.35200177440188,72.21517411830892,72.62565708658781,3350743131.971667,83336667.85,3969606292.8605003,0.16251663181904577,0.15101953020749104,0.3562376795268938
sh.600343,,2026-02-27,37.5,3.7631,3875540874.92,16.1008,-112.245511,17.646741,MACD_KDJ_RESONANCE,1,34.88250000000001,36.632666666666665,25.967583333333334,54.07788658531178,-0.8550308748800362,-1.0786540728724212,61.511526919949276,45.35413377997928,93.82631319988926,3940066085.597,63908747.65,2258050415.2385,0.39052419354838713,0.023676500027298042,0.721763085399449
sz.002281,,2026-02-27,75.92,0.7832,3849787526.34,6.6138,66.838331,6.264016,UP_TREND,1,71.1365,69.35083333333334,66.26991666666666,58.82047537704036,0.8928520365760022,0.35245232101827406,87.68162449161852,82.35305387589193,98.33876572307167,2755071121.864667,35931664.15,2570732401.372,0.15503184713375798,0.0947236875307913,0.2889643463497453
sh.601231,,2026-02-27,47.63,9.9746,3846359430.69,3.7753,61.395631,5.546705,UP_TREND,1,37.008,30.481666666666666,25.774166666666662,73.239111029868,3.920998067109366,3.0160896221736695,81.6197984820516,82.41504381083577,80.02930782448328,1559196322.0603333,58811255.55,2176475708.65,0.11673653660109645,0.5625785991579639,1.2393041842971324
sz.002851,,2026-02-27,124.64,-0.7327,3682369754.46,6.3362,305.046239,11.564374,UP_TREND,1,122.518,98.73916666666668,88.20583333333333,59.989052212895345,4.56895425756052,5.484982446633856,60.69833161211586,56.521550417798736,69.05189400075011,2013858316.9215002,19227440.25,2377788914.587,0.181419744216123,0.26231569708069236,0.7451694203304395
sh.603256,,2026-02-27,79.79,-6.7438,3638185074.5,5.2443,456.149693,44.216605,UP_TREND,1,61.499,44.713499999999996,39.975833333333334,73.84090919364321,10.292811482398022,8.026737544546723,90.21642438151846,93.0596564156258,84.52996031330383,1291455217.8201668,32425609.95,1974230124.0485,0.10428769017980626,0.7844722511098441,1.49968671679198
sz.000021,,2026-02-27,34.4,-0.836,3621583657.52,6.766,52.762737,4.24552,UP_TREND,1,30.5585,27.306833333333334,26.179083333333335,65.52049781919254,1.4240213567952615,0.9586077047551702,82.7518981902872,80.77879318219453,86.69810820647257,2870249272.9685,123148452.45,3838164027.6839995,0.16697303921568624,0.25975793604775355,0.47134302822925567
sh.603881,,2026-02-27,41.39,4.0211,3578128030.91,12.1635,202.32827,9.006455,UP_TREND,1,38.8495,34.63283333333333,34.415606628666666,59.69304701397504,1.6367243247014756,1.700726061057574,48.3642837443311,51.932607242498705,41.22763674799589,2229317348.6866665,90643889.65,3570214437.7545,0.19829248141007993,0.19510868780588764,0.13490540170002752
sz.002028,,2026-02-27,214.43,-5.6704,3558702242.43,2.7211,52.95656,11.586806,UP_TREND,1,201.8095,172.5831666666667,143.88158333333334,60.572459432313636,12.688348555341264,11.712021436820596,73.41572687854969,80.33499428839829,59.57719205885249,1697117255.9363332,10298861.25,2061591255.8130002,0.09628832705755781,0.24247343551273337,0.4922059846903273
sh.601872,,2026-02-27,16.24,4.1026,3524536219.26,2.7169,26.027477,3.215854,UP_TREND,1,12.303999999999998,10.326500000000001,9.346327702083332,76.67718048064329,1.2065630378882446,0.8153686689297649,95.51603817784792,93.36275561959174,99.82260329436028,1190209912.3363333,137483734.2,1743241820.837,0.15113871635610773,0.5726528833583495,0.8350282485875704
sh.600183,,2026-02-27,69.11,-5.3288,3522573212.86,2.1065,59.751261,10.807763,UP_TREND,1,67.85749999999999,66.3205,61.29239946791667,52.58672496073122,0.21091636325759566,-0.22054683651059362,65.04700645714203,68.47501958631615,58.190980198793795,2846912830.497167,43462840.05,2975154739.5360003,0.1540526033279656,0.042060901229634906,0.24882544271774476
sh.600703,,2026-02-27,16.7,3.2138,3471343258.25,4.2434,883.725955,2.356925,UP_TREND,1,16.1165,14.728166666666668,14.611333333333334,60.84387813837727,0.2506782581277722,0.2890276232913951,73.45176809682687,63.72961660324938,92.89607108398184,1785430045.394,150272532.2,2435390712.439,0.09177215189873424,0.1338817911258472,0.29357087529047243
sz.002340,,2026-02-27,9.93,3.3299,3461195613.88,6.943,41.35933,2.45533,UP_TREND,1,9.216,8.448,8.206999999999999,62.783928497395024,0.2607674588025972,0.18864865412869455,90.8256854017229,85.64688459659199,101.18328701198467,2062934455.0029998,304555129.0,2853424182.5950003,0.13863404689092773,0.17542613636363624,0.3100263852242744
sz.002916,,2026-02-27,285.46,-1.613,3456989718.94,1.8413,71.610224,12.014586,UP_TREND,1,246.067,227.77833333333334,215.16091666666665,68.05399160143412,10.638804351910665,5.97737834383947,91.45911043712886,86.60733492685834,101.16266145766988,2466296245.2633333,11189631.7,2771340002.7300005,0.15319548872180452,0.25323596771715184,0.42104739147749903
sh.601390,,2026-02-27,6.3,2.439,3352140421.77,2.6199,6.269279,0.492788,LOW_VAL_BLUECHIP,1,5.6995000000000005,5.513884640666666,5.532257074666666,66.88768807845835,0.15269422049325065,0.0759811506585018,76.57417303828143,70.91090816199231,87.90070279085967,1538909141.3558335,613190234.45,3545182287.1549997,0.08828522920203728,0.14257014982422378,0.1731523307017353
sz.002714,,2026-02-27,46.9,3.922,3345129695.52,1.8863,12.130895,3.547014,MACD_KDJ_RESONANCE,1,45.8185,47.88483333333333,49.77627725425,53.304453650445794,-0.5734413222010062,-0.6877487815606123,53.32012831160445,36.95068054383081,86.05902384715174,1783740593.557,46540114.25,2135860266.1079998,0.13273647333592836,-0.020566706925296496,-0.05879991972707199
sz.000063,,2026-02-27,38.65,0.2074,3306058613.05,2.1389,31.656127,2.466284,MACD_KDJ_RESONANCE,1,38.082,39.179833333333335,41.87525,52.81134615192746,-0.29984115344990414,-0.47014777118070605,88.61500288502438,82.90243620300032,100.04013624907248,5627346869.634833,88700635.75,3396888014.217,0.22742980561555065,-0.013523113506523354,-0.03035624686402416
sz.000981,,2026-02-27,4.96,0.813,3125120219.45,6.6094,732.179449,29.457369,UP_TREND,1,4.785500000000001,4.217,3.8688333333333333,57.37833984368366,0.08719015182296452,0.10028726089128055,75.43992363917928,65.00819278644389,96.30338534465008,3977932866.115166,669500974.1,3223014885.4024997,0.1940035273368606,0.1761916054066872,0.5121951219512195
sh.600893,,2026-02-27,57.14,-4.256,2897564682.35,1.8901,629.145119,3.827813,UP_TREND,1,51.032,43.56766666666667,41.30016666666666,65.99606036824846,3.6970244889570694,2.961029288165153,81.86461067521279,84.59234053861042,76.40915094841753,2130487384.1790001,59284666.05,3043986107.0455,0.10496145483297098,0.3115230713908632,0.5314928973465558
sh.600988,,2026-02-27,39.92,2.9662,2871754501.85,4.3802,27.920518,6.059061,UP_TREND,1,39.904999999999994,34.6565,31.961666666666666,56.88984731258971,0.8603345889424006,1.097753063055835,86.24093242192413,77.350332860235,104.02213154530239,2504300461.236833,95564174.5,3871305811.1584997,0.23374999999999999,0.15187627140651827,0.30159765242908376
sz.002498,,2026-02-27,8.26,-1.432,2859104594.32,10.4018,46.391692,3.195754,UP_TREND,1,6.2844999999999995,4.764666666666667,4.232083333333333,78.23984084175487,0.8316296894231607,0.6020906459853592,88.18363930465367,90.42372847914984,83.70346095566134,814350342.3696667,271860951.35,1746534702.8595002,0.16855753646677474,0.7335945151811949,1.3267605633802817
sz.000878,,2026-02-27,25.6,5.9164,2808850422.83,5.5875,44.715794,3.776154,UP_TREND,1,24.2855,20.977666666666668,18.8645,60.7784675282424,0.5673053871717286,0.6133184991871359,82.04041466496666,68.57688227215152,108.96747945059695,2141741601.6173332,113879745.5,2813789366.509,0.24058364438411944,0.22034544674495105,0.5686274509803921
sh.600172,,2026-02-27,9.71,3.6286,2798445191.32,23.7925,-12.958386,14.182691,UP_TREND,1,7.8325000000000005,6.723833333333333,6.266583333333333,73.55421398507579,0.7141742240062641,0.5445046469159983,88.29760324509266,84.89414801569342,95.10451370389114,1001091198.204,226857401.2,1779049261.2294998,0.19258202567760338,0.44411669930347286,0.5437201907790143
sz.000559,,2026-02-27,20.07,3.2407,2793465150.12,4.2754,66.027851,7.078829,UP_TREND,1,18.567500000000003,16.074833333333334,13.51375,61.43965882320937,0.7393878926129283,0.6892130697633121,73.02862353727275,72.39307699549467,74.29971662082892,3318689680.878667,174763634.4,3290004337.4280005,0.18581907090464553,0.24853549544318754,0.7022900763358779
sh.603920,,2026-02-27,67.54,2.0242,2783039056.19,5.8143,59.570586,7.290626,UP_TREND,1,65.458,53.193090402833334,47.14934750141666,62.61693213568745,2.310354239465717,2.9458885461802446,64.60553112726704,47.327993854004035,99.16060567379304,1791841501.6185,35146684.8,2294754964.3555,0.12153367289190722,0.2697137821569864,0.7751491818656495
sh.600839,,2026-02-27,10.34,4.5501,2722261136.34,5.7454,34.922754,3.086897,MACD_KDJ_RESONANCE,1,9.937999999999999,9.622000000000002,10.03525,60.54720707172005,0.015896503015955687,-0.0027350207597430973,82.83649464850896,76.13626753462651,96.23694887627386,1422860173.9676666,135107925.75,1371702460.6445,0.13339382940108882,0.074620660985242,0.08045977011494254
sz.002491,,2026-02-27,10.59,1.0496,2604524171.9,20.9915,3479.701222,5.250591,UP_TREND,1,8.7775,6.953833333333334,6.216333333333334,67.77510684054987,0.99084435720283,0.9030379029762423,77.11500388806473,73.4553710869204,84.43426949035342,962213712.2113334,198440240.95,1784756496.834,0.17877094972067042,0.5229010377968986,0.8944543828264759
sz.002466,,2026-02-27,56.6,0.9993,2464614413.65,2.9751,-47.73136,2.277431,MACD_KDJ_RESONANCE,1,54.6465,55.356,52.227999999999994,55.721191073708965,-0.8222001652761435,-1.274996701526031,83.78418485047047,78.63709414747535,94.0783662564607,3258598247.3954997,48880152.7,2725050939.3055,0.21273885350318472,0.022472722017486735,0.054003724394785735
sh.603618,,2026-02-27,18.15,10.0,2410461784.95,20.6217,-61.951655,4.626748,UP_TREND,1,12.6485,9.7115,9.079833333333333,77.00665490555659,2.0954466886765566,1.6753128699435265,92.45773918168472,87.4993615020912,102.37449454087175,645305405.3383334,104456394.85,1461224008.7955003,0.09987593052109188,0.868918292745714,1.2352216748768474
sh.603533,,2026-02-27,30.03,-0.1994,2406117490.88,18.135,-100.968067,5.70118,UP_TREND,1,27.443,23.884500000000003,22.095333333333333,56.797078700015696,2.14106772024963,1.8357470773244335,47.592528623930974,58.1314730933444,26.51463968510413,750137929.3833333,30592767.1,884825241.2105,0.20494247976139748,0.2573007599070527,0.2778723404255319
sh.603259,,2026-02-27,98.01,0.0,2312395367.04,0.9504,19.505119,4.121857,LOW_VAL_BLUECHIP,1,98.12100000000001,95.655,98.46236810041667,48.775873755235494,0.7908243582927241,0.9170847699762704,23.338850033284878,36.6331135425851,-3.24967698531556,3765967835.4351664,36055023.55,3542945785.3145,0.10898661567877621,0.024619727144425285,0.039232318948149825
sz.002738,,2026-02-27,91.0,3.8931,2285571142.53,3.6291,158.038116,5.465157,UP_TREND,1,87.295,78.53433333333334,64.54541666666667,57.582577976139326,1.6236889352621375,1.4488454656376484,74.10073129823725,74.20266841124436,73.89685707222304,2125336080.9056666,25163659.85,2198833627.9725,0.18000000000000005,0.1587288786645331,0.47775251705099064
sh.600019,,2026-02-27,7.2,1.983,2267434068.71,1.4541,16.614806,0.767837,MACD_KDJ_RESONANCE,1,7.1385000000000005,7.197666666666667,7.178432612166666,52.47833188538377,-0.04028589826297324,-0.043201892194107215,46.771714124141155,37.29828241405965,65.71857754430415,877026735.4443334,182843066.8,1308635990.2795,0.07114093959731546,0.0003241791321262344,0.005586592178770999
sz.001309,,2026-02-27,255.95,-0.2066,2238093534.16,5.5018,-591.08294,23.696631,UP_TREND,1,254.594,237.68216666666666,210.63649999999998,53.54339807759419,0.26123843371175326,0.319461874556627,84.71994947866216,77.77222310917493,98.61540221763661,3138193172.2890005,9724780.85,2506233814.5175,0.18918166312784998,0.07685824136294062,0.1578304532706052
sz.002624,,2026-02-27,21.59,1.1715,2233606465.01,5.5762,-179.588452,5.91342,UP_TREND,1,19.664499999999997,17.27783333333333,17.130499999999998,64.42396285506577,1.1079088618264272,1.0149889388804114,53.28990304996981,58.70208697259771,42.465535204714,1065042194.8496666,90301527.4,1849141775.0095,0.08099688473520252,0.24957797563351902,0.38220230473751604
sh.601168,,2026-02-27,34.65,2.6667,2209749734.69,2.677,26.257602,4.669158,UP_TREND,1,33.676833525,28.997279705,25.31920964,59.30905228121756,0.9404468119059359,1.0544694736546598,79.08124485155513,74.03958225057514,89.16457005351509,1822936375.424333,78069862.6,2650559895.564,0.20000000000000004,0.19493967546291247,0.5263326173864258
sz.000070,,2026-02-27,17.87,-1.3797,2194377525.0,14.4877,-40.324326,10.670906,UP_TREND,1,14.7215,13.353333333333332,11.806000000000001,67.42140319549138,1.6516389802684852,1.2692587084591165,69.6679989067398,73.36477579832004,62.27444512357931,1785335883.0808334,110536181.4,1715033437.115,0.2457912457912458,0.3382426360459314,0.4126482213438736
sz.002361,,2026-02-27,14.09,-1.3305,2192987138.49,18.9725,385.452753,6.053712,UP_TREND,1,13.184000000000001,11.4435,8.989916666666666,54.7993501129525,0.4530569512799083,0.45129357911664914,41.29737074890247,43.32923354244909,37.23364516180925,2198310602.127333,205742561.05,2755750624.75,0.3841059602649007,0.23126665792808132,1.1878881987577636
sh.603629,,2026-02-27,58.52,10.0,2186401121.36,15.1497,81.732084,8.219463,UP_TREND,1,45.882999999999996,33.6695,29.471227238250002,73.74676533887056,6.8175211217039475,6.1656811622629375,69.17770916685357,70.19756104572639,67.13800540910796,862480382.4863334,42224963.75,1907984225.286,0.1127418278852568,0.7380715484340428,1.2361482613679784
sz.002240,,2026-02-27,42.61,0.8282,2169515547.41,5.6595,-42.75194,3.714009,UP_TREND,1,38.561499999999995,35.374,28.974749999999997,61.556079636251106,1.7540434118571042,1.1329547509862685,75.64625805802356,80.3909906480896,66.15679287789149,2357261021.5078335,54432433.3,2122371652.0715,0.1853355624552185,0.20455701927969683,0.25397292525014725
sh.603501,,2026-02-27,123.0,0.3263,2134288398.02,1.4408,37.300017,5.645162,MACD_KDJ_RESONANCE,1,120.2005,123.7905,128.56637020366668,53.91861213837705,-1.644810201812291,-2.249332450788616,79.8386333919713,68.10967148265323,103.29655721060743,1942143563.4381666,16319099.55,1986355859.2470002,0.13275926619243741,-0.006385788893331856,0.050743208610968704
sz.002703,,2026-02-27,24.85,-1.1535,2092176775.47,14.076,109.425596,10.004136,UP_TREND,1,22.106,19.750999999999998,16.505083333333335,63.787851743882136,0.7798735201590432,0.422150695360591,80.36713388237685,80.96614897582414,79.16910369548228,1621393419.6469998,57995230.95,1323510958.2389998,0.27161383285302604,0.2581641435876667,1.004032258064516
sh.601890,,2026-02-27,13.69,2.7007,2087567234.76,15.8405,43.772227,3.547031,UP_TREND,1,11.518,10.809166666666666,10.427662274333333,76.62284610769059,0.6939595329135173,0.41021082712777296,85.91741181098716,86.5586496603955,84.63493611217046,640148132.3138334,72606386.45,890738245.6105001,0.07830783078307824,0.2665176162208003,0.23555956678700363
sh.600397,,2026-02-27,21.53,10.0153,2056080603.01,9.924,-51.06791,137.090006,UP_TREND,1,13.059000000000001,9.491166666666667,8.487833333333333,92.60944386937085,2.6147896809130167,1.6767949082094311,97.48816615217291,96.77009307761128,98.9243123012962,521706427.52833337,72489835.4,1033787527.519,0.09321266968325802,1.268425026779286,2.2970903522205206
sz.002413,,2026-02-27,14.87,-0.4685,2046321748.77,10.5923,-55.704111,5.859248,UP_TREND,1,14.329500000000001,12.396999999999998,9.007083333333334,55.41857837525219,0.3878709257693327,0.4346459679154287,43.25160525172228,41.4723300217687,46.81015571162945,3953899351.0471663,209163830.5,3025186718.618,0.37208147044212614,0.1994837460675971,1.1212553495007134
sz.002455,,2026-02-27,14.36,1.844,2012885175.95,27.8951,792.166954,4.896772,UP_TREND,1,11.2875,8.522166666666667,7.889583333333333,75.77481685474197,1.819723384049606,1.5745863432562044,71.79718134983668,76.55616468136142,62.279214686787185,618706634.4803333,124972603.35,1468784447.1290002,0.1851851851851852,0.685017503373555,0.7927590511860174
sh.603220,,2026-02-27,27.8,2.583,2004483655.53,16.8356,174.712651,7.489592,MACD_KDJ_RESONANCE,1,25.794,23.545166666666667,23.595666666666666,67.60331516393978,0.7504661953406213,0.6850864907742797,74.1305455436278,65.48085670173376,91.42992322741588,436083856.35683334,32615216.7,850239863.466,0.08322382829610156,0.18070941665309936,0.23226950354609932
sh.600021,,2026-02-27,21.85,4.4455,2000284472.29,3.295,23.377104,2.917424,MACD_KDJ_RESONANCE,1,21.3645,21.049333333333333,22.120166666666666,56.51834402776662,-0.20590791797829766,-0.2522121919237847,80.12869851842134,65.79620890813683,108.79367773899037,1898513347.8591664,66036925.55,1451798692.2925,0.2041666666666666,0.03803762589472348,-0.09185369908561913
sz.002734,,2026-02-27,22.48,9.9804,1994915868.45,20.9487,25.461202,2.991725,MACD_KDJ_RESONANCE,1,19.9635,17.639333333333337,18.260916666666667,71.50172984776633,0.7995210220821356,0.7317231930064488,81.27257868470116,67.01167884746715,109.79437835916917,523892196.00450003,47682865.85,954736919.3735001,0.09352941176470587,0.2744245814278694,0.36242424242424254
sh.600478,,2026-02-27,8.36,2.7027,1989025280.84,14.4639,73.586669,4.797301,MACD_KDJ_RESONANCE,1,7.266,7.030333333333333,6.876083333333333,75.52268526960013,0.16787159147306685,0.04730609545884243,89.57065807998384,86.1699238288353,96.37212658228094,328967577.9698333,52874000.9,396607576.517,0.11067708333333329,0.18913280546204536,0.22580645161290303
sz.002165,,2026-02-27,12.81,1.5055,1957410823.89,21.1507,188.891341,4.60725,UP_TREND,1,12.243500000000001,9.347166666666668,9.1575,60.839463309377635,0.8616087637544965,1.002591096263859,47.24460410988742,40.574155803961126,60.58550072174002,1142846053.547,225329071.85,2770291143.9575,0.19405099150141633,0.37046876950234453,0.5952677459526776
sz.000962,,2026-02-27,58.81,6.9273,1955648154.57,6.6706,111.868751,10.78923,UP_TREND,1,44.3475,35.895833333333336,31.010855884666668,76.50502740485278,4.538253224151141,3.2660141527141007,92.24678187850927,88.61681624459588,99.50671314633601,1000827753.1055,31408361.05,1400950287.0615,0.10088331008833108,0.6383517121300057,1.2251229663261447
sz.000737,,2026-02-27,18.0,3.8661,1946510094.46,5.7431,45.391292,5.14961,UP_TREND,1,17.405499999999996,15.821166666666667,15.181166666666666,57.80667181707575,0.27749723282673955,0.2932776036621192,82.021803158056,68.37627608680404,109.31285730055993,1662894261.1956666,142230739.3,2517790447.1195,0.2192513368983958,0.1377163504587735,0.30718954248366015
sz.002938,,2026-02-27,58.99,-4.8088,1945805533.59,1.4196,33.73297,4.186082,UP_TREND,1,58.635000000000005,53.665166666666664,52.95116666666666,53.565814346716714,1.1628313412111453,1.2765615095141987,57.60616100865627,53.841469765985295,65.13554349399823,1949446835.2571666,36765761.15,2173167894.11,0.13238095238095243,0.09922327021562727,0.30653377630121814
sh.600482,,2026-02-27,33.63,-1.5227,1942662510.76,2.5676,40.848971,1.88945,UP_TREND,1,29.01,24.124000000000002,22.933434717333334,75.01855986181894,2.4581547981279,1.9953876970201263,87.4883673240443,87.51649001776191,87.4321219366091,955951379.3755,50517194.9,1500014567.4194999,0.06872727272727275,0.39404742165478357,0.6137234597721191
sh.600026,,2026-02-27,20.58,0.6849,1929007044.05,2.7143,34.053387,3.005914,UP_TREND,1,16.8795,13.8625,13.03375,74.17135213610041,1.600658824483947,1.250757488512531,87.97727779370057,87.58685183313864,88.7581297148244,846282409.5186667,75754782.75,1308907899.916,0.12800620636152057,0.48458070333633874,0.6346306592533755
sz.002009,,2026-02-27,31.42,1.159,1902505043.65,17.0599,-97.317909,6.311259,UP_TREND,1,30.4685,22.667833333333338,19.94516666666667,56.8587023332273,2.686039783293353,2.9612941980966836,28.150066134631604,45.05543733177946,-5.6606762596641005,1605286014.5995,93952806.4,2886894085.4115,0.13409534429885694,0.3861051269419955,0.9170225747406955
sz.002465,,2026-02-27,17.66,0.6842,1892447316.6,4.3365,-142.784483,3.642977,UP_TREND,1,17.557499999999997,16.354333333333333,14.466416666666667,50.54657020490827,-0.09936839324370439,-0.020204577167261647,55.494421958549246,46.27856365592328,73.92613856380117,3581127711.836667,180479099.1,3210610811.8789997,0.3715251690458302,0.07983612905855741,0.45950413223140507
sh.600406,,2026-02-27,27.3,-0.5102,1878364527.39,0.8602,27.451536,4.454823,UP_TREND,1,25.9255,24.145833333333332,23.567254558833334,68.95903844687491,0.706791793618514,0.5971574202485077,86.5877008243902,84.95575550567686,89.85159146181687,1961579966.9636667,95047412.8,2460644692.2725,0.04304761904761901,0.1306298533218293,0.2302839116719242
sz.002897,,2026-02-27,68.75,5.8833,1841164488.91,14.913,82.272021,4.853782,UP_TREND,1,56.4495,51.841499999999996,49.15708333333334,75.1193141598608,2.9972236433959196,1.8492843655039115,91.62950915017996,87.85719089103793,99.174145668464,565165451.7325,14105887.0,811550650.468,0.08303378864126523,0.3261576150381451,0.49359113621551165
sz.002812,,2026-02-27,61.93,-0.8961,1835872122.67,3.6053,-56.00465,2.459946,UP_TREND,1,56.326,54.31633333333333,49.69075,61.66253058124301,3.0119323096943305,2.1305221385823225,59.643416513737094,70.82898786659769,37.27227380801591,,32318555.5,1848961451.2020001,0.19114724480578135,0.14017269206929783,0.13612181251146582
sz.002497,,2026-02-27,27.73,4.879,1815875776.34,6.32,73.220854,2.945594,UP_TREND,1,26.059499999999996,24.080666666666666,20.548166666666663,58.389043149286024,0.9286306513559559,0.7679022949782413,63.394035453474146,69.56457189462016,51.05296257118212,1284555468.9591668,52742521.05,1373094218.158,0.12380952380952381,0.15154619196589247,0.2696886446886446
sz.002335,,2026-02-27,62.65,1.7045,1813262415.46,6.4319,76.58922,5.106592,MACD_KDJ_RESONANCE,1,61.194,58.61833333333333,59.66383333333333,54.9555246437895,0.19474230139971382,0.1696593767236828,64.94667727729676,60.262722832213726,74.3145861674628,1703992857.1648333,27142421.85,1675550345.3915,0.1533132530120483,0.06877825481220312,0.20573518090839094
sz.002177,,2026-02-27,9.69,9.9886,1762929531.39,27.2402,734.812434,4.319935,UP_TREND,1,8.181999999999999,7.7876666666666665,7.689583333333333,68.86127855992103,0.27658554855441864,0.1366364486300768,82.38499062054365,74.48907338146552,98.17682509869991,860627648.2954999,95844364.1,814815938.474,0.25100806451612906,0.24427513589864303,0.4084302325581395
sh.600744,,2026-02-27,7.94,9.9723,1757915487.4,11.038,76.736615,11.333612,MACD_KDJ_RESONANCE,1,6.564,6.294833333333333,6.516166666666667,78.4093255507921,0.18940083554568332,0.07097453748434793,92.9704478458726,82.30213721146205,114.30706911469366,393202008.54733336,74028559.5,502174888.412,0.12027972027972032,0.26135190235378225,0.305921052631579
sh.601669,,2026-02-27,5.73,0.8803,1752235299.58,2.3476,9.21553,0.686428,MACD_KDJ_RESONANCE,1,5.643,5.4665,5.593833333333333,56.78269147943361,0.01431784697449423,0.012209319687393983,70.62748890885796,59.333858808923004,93.21474910872784,1319114818.5491667,283935489.3,1618428310.1004999,0.12959999999999994,0.048202689106375374,0.05137614678899083
sz.001339,,2026-02-27,61.06,3.2465,1734652031.36,23.872,88.686773,6.839397,MACD_KDJ_RESONANCE,1,55.458000000000006,52.94783333333333,55.31566666666666,67.2183381023322,0.9804835944951904,0.540855325159316,78.3908028895859,70.73406710219973,93.70427446435824,277492409.18633336,6932553.6,393502785.9015,0.12121212121212115,0.15321055000676775,0.15316336166194522
sh.600330,,2026-02-27,17.15,-2.3349,1714638945.32,8.1352,969.052651,2.637919,UP_TREND,1,15.624500000000001,13.168499999999998,11.786249999999999,59.12065627200791,1.2452462192894345,1.1653303298361597,56.06360427841082,63.0606285101595,42.06955581491346,1954325855.6281667,147676553.75,2348444099.597,0.20153417015341707,0.3023503056536432,0.8090717299578056
sz.002519,,2026-02-27,9.81,-4.4791,1707008058.49,15.4718,-12.745102,4.809482,UP_TREND,1,9.088,7.810833333333334,6.323833333333334,56.45519598328995,0.547029608527227,0.47936417301729806,63.18520455888482,71.55132539455681,46.45296288754082,1607400136.986167,205486348.5,1905751412.589,0.3182214472537053,0.25594793555958595,1.0352697095435683
sz.002842,,2026-02-27,41.56,10.0053,1701046480.41,15.4268,-2565.400403,12.173534,UP_TREND,1,30.786,19.8525,15.569833333333333,81.09595498447476,5.121735037572474,4.426614047461898,92.41581675952898,88.97544904310013,99.29655219238668,1045892559.7818333,61843650.4,1902320740.6379998,0.10298196948682381,1.093439113461781,2.788514129443938
sz.002756,,2026-02-27,64.9,10.0,1691799359.83,7.0126,57.913278,2.794116,UP_TREND,1,52.4895,51.01283333333333,45.86708722691666,73.82180452189196,1.7202874609243466,0.23877327876052443,95.32008464845873,90.64862810208419,104.66299774120779,865576854.8155,16838356.25,898200010.757,0.16817616764340257,0.2722288835815825,0.36890951276102113
sz.001896,,2026-02-27,13.34,9.9753,1683749704.47,8.3895,79.616028,5.903396,UP_TREND,1,7.722499999999999,6.335,6.033916666666666,94.78062950668753,1.4679996003170075,0.8020231281297772,99.76362865405437,98.86624216946278,101.55840162323753,291886764.3748333,57499255.55,511125633.316,0.07473309608540923,1.105761641673244,1.4254545454545453
sz.002222,,2026-02-27,71.11,-2.8154,1669129900.73,5.0662,124.419254,19.121862,UP_TREND,1,69.9335,63.94637780666666,54.575222161333336,53.44242703377321,1.7867741689329364,1.915033622003352,59.03586242216552,64.06557576802848,48.97643573043962,1660776738.2223332,19336438.35,1352633169.8899999,0.12026090844150837,0.11202545693818022,0.4920451746846959
sz.001203,,2026-02-27,40.6,-1.79,1655289816.99,3.1174,91.098938,9.714521,UP_TREND,1,32.56699999999999,30.070833333333333,23.365166666666667,73.96603936872917,2.571272696882289,1.4127589304746784,83.71207178153675,86.68279612785423,77.7706230889018,1280931532.9135,37563365.25,1244701141.1985002,0.19351763584366063,0.35014548981571303,0.3923182441700961
sz.002312,,2026-02-27,13.68,0.4405,1647785700.64,6.4082,47.395569,2.682121,UP_TREND,1,12.309,11.642500000000002,11.535166666666667,69.94782644946812,0.40564188642919596,0.21383272736846692,81.43758162126107,78.14412145490634,88.02450195397054,671692166.0665001,83573948.85,1068565115.9074999,0.12229617304492503,0.17500536826282986,0.1371571072319202
sz.000661,,2026-02-27,95.77,-2.7716,1627664753.53,4.2598,40.73621,1.698083,MACD_KDJ_RESONANCE,1,93.39,95.82216666666666,106.00408333333333,53.858581785583546,-0.8783992478787752,-1.6777696715726396,51.97468354669135,48.85211091909668,58.219828801880695,700543724.042,8393701.0,802818217.3185,0.15631939750893115,-0.0005444112618340213,-0.03710034184596822
sh.601727,,2026-02-27,9.1,-0.2193,1607255449.96,1.4027,169.20439,2.618788,MACD_KDJ_RESONANCE,1,8.849,8.795333333333334,8.900416666666667,57.21531608119338,0.014682088655623815,-0.021212034561437797,85.50740531114378,81.75129724616288,93.01962144110561,1626762331.3720002,144968809.65,1289847056.8065,0.09177215189873428,0.03463958159630098,0.05691056910569103
sz.002176,,2026-02-27,10.9,2.0599,1599800543.59,8.6792,-53.15996,5.477808,MACD_KDJ_RESONANCE,1,9.706,9.795666666666667,10.019333333333332,67.97772516129984,0.08656278156169428,-0.10461756845203243,81.94928203409874,80.3209983747274,85.20584935284143,740440410.8103334,78187133.35,789595426.994,0.1651119402985076,0.11273692449042083,0.056201550387597
sh.600590,,2026-02-27,15.18,0.6631,1591694746.75,12.3297,-17.451796,4.048519,UP_TREND,1,12.325,10.387333333333334,10.067000000000002,73.34995636372348,1.1245053350603964,0.848668893593971,84.82106610828264,84.18276539262172,86.09766753960446,602352276.676,97661784.8,1210012324.089,0.10661764705882354,0.4613952891342017,0.6904231625835189
sz.002378,,2026-02-27,40.6,9.9973,1590186223.67,3.3429,226.270306,21.781774,UP_TREND,1,26.7845,18.918499999999998,15.969500000000002,90.06618208635142,4.55989394190096,3.2830023035481606,98.10918118706203,95.31711620022136,103.69331116074335,1536315569.4043334,89769130.3,2364350919.8905,0.12792127921279223,1.1460475196236493,2.316993464052288
sz.000807,,2026-02-27,31.2,0.6776,1574343755.06,1.4509,21.683796,3.347616,LOW_VAL_BLUECHIP,1,32.385000000000005,30.604166666666668,26.026957002166668,46.71987673849072,-0.290499797501667,-0.016691127954678107,42.516513586186804,35.70405731699052,56.14142612457937,1984809368.3518333,73178961.15,2410049535.755,0.1837837837837838,0.019469026548672552,0.3254035683942227
sz.002471,,2026-02-27,9.3,-0.4283,1564384385.83,12.4694,-321.708917,7.29616,UP_TREND,1,9.048,7.132166666666666,5.968416666666667,56.131884427458964,0.4806145366485719,0.5763322985127226,21.675438028401814,24.90886001978817,15.208594045629098,2150951287.0759997,336837985.1,3054979663.7335,0.21792035398230078,0.3039515808660298,1.2355769230769234
sh.600391,,2026-02-27,52.3,-1.6917,1551436264.62,8.8054,385.621731,9.835556,UP_TREND,1,51.815,40.15,33.84741666666666,56.95088251233187,2.294616951170944,2.9327414190824546,52.82272711621657,44.76990844380088,68.92836446104793,1191122089.5278332,30700178.45,1604737399.8135,0.15933098591549286,0.3026151930261518,0.9059766763848394
sh.600331,,2026-02-27,19.91,2.576,1545737471.44,3.8879,-1649.738039,16.527716,UP_TREND,1,16.7415,13.616166666666665,12.168333333333333,76.4946612503479,1.516372005886364,1.2679745237615454,92.56371496093124,89.73772975240695,98.21568537797981,1025320863.6553333,90623459.05,1483882714.2455,0.10024600246002464,0.46223239531439364,0.8418131359851988
sz.000581,,2026-02-27,25.4,2.049,1545359518.87,7.6771,16.005472,1.223949,MACD_KDJ_RESONANCE,1,21.7155,20.87316666666667,21.256054488833335,77.69083031668495,0.7325250787019719,0.2945265332910376,86.154990670086,80.02126546951334,98.42244107123128,293303048.746,21084610.45,481202276.57649994,0.07200720072007191,0.21687333817740462,0.2662013958125624
sz.002130,,2026-02-27,28.53,-0.6961,1544788522.02,4.7616,39.375927,6.469371,UP_TREND,1,28.5115,27.641666666666666,27.47325,51.693641773917435,-0.09970096853856703,-0.08984034010641452,76.67943757692076,69.06059907923878,91.91711457228473,2416579699.7131667,96495459.6,2807012623.325,0.19046190761847642,0.03213747362074182,0.1504032258064516
sh.603466,,2026-02-27,11.89,-6.0079,1494004299.04,20.9151,205.710543,3.356891,UP_TREND,1,10.327499999999999,9.900666666666668,9.84225,61.48711736496631,0.710464080190711,0.4091183115346425,63.41574736778267,72.08336949428175,46.080503114784506,414553085.9946667,71254472.8,825393920.097,0.17231897341888183,0.2009292303548582,0.14436958614051965
sh.600644,,2026-02-27,12.95,7.202,1464410483.74,19.8453,320.02216,3.542432,SMALL_GROWTH,1,11.3375,10.705333333333334,11.031083333333333,74.73171694263186,0.32466673940184165,0.198848590171655,86.71622926115033,83.85517312013141,92.43834154318819,271380517.8175,29445611.55,342586154.46500003,0.0915141430948419,0.20967741935483852,0.2524177949709865
sh.600797,,2026-02-27,11.2,4.7708,1447420833.26,12.628,667.32556,3.296233,MACD_KDJ_RESONANCE,1,10.683,10.496166666666666,10.696083333333332,59.109386184705855,0.07026404584142298,0.043829933267199805,65.92354571484398,62.378720364729624,73.0131964150727,689332601.2075,64552995.3,693920752.6895001,0.14986619090098138,0.06705622687647872,-0.007092198581560294
sz.002429,,2026-02-27,10.69,1.616,1445964829.57,3.0221,39.340172,2.949717,UP_TREND,1,10.3045,8.443666666666667,7.333583333333334,59.219874591297675,0.5457857562473194,0.6062214994984761,31.074867379671566,38.99325178897054,15.238098561073627,1214424236.7876666,160160040.55,1690976268.578,0.14285714285714277,0.26603766136354645,0.7076677316293929
sh.605117,,2026-02-27,104.5,6.2748,1445486711.1,1.5521,30.960832,10.176627,UP_TREND,1,92.151,88.18149999999999,81.21309015833334,69.40478384119743,3.296394396766374,2.1327908206413446,88.78619768946037,83.28861547184076,99.78136212469957,872721413.1175,10815707.75,997433413.357,0.11807101218865926,0.18505582236636964,0.32261739020377167
sz.002112,,2026-02-27,24.71,0.9808,1416257206.19,22.0324,88.163891,8.346014,UP_TREND,1,23.659,17.920166666666667,15.826083333333335,58.827176905158765,1.5960269924213932,1.8257285026261878,48.29923272296925,52.695929749786515,39.505838669334736,1082737733.1651666,77128388.7,1836917352.6445,0.17946577629382307,0.3788934254703733,0.8249630723781389
sh.600895,,2026-02-27,41.3,0.7809,1409618031.46,2.226,58.788913,4.793521,MACD_KDJ_RESONANCE,1,41.3365,41.91316666666667,41.73201105966667,47.45515186383694,-0.6109648123897742,-0.6470603962854772,74.83034575229209,62.144706683260026,100.20162389035622,2109223445.3945,23760322.3,991455041.643,0.15860328144720234,-0.014629452161015521,0.025832091405861846
sz.000738,,2026-02-27,27.86,-2.7574,1405616364.62,3.815,70.150225,2.923611,UP_TREND,1,26.7195,22.834,21.091416666666664,57.56525417283806,1.4050940499374889,1.4148713434960036,50.14564216985675,57.23707999152738,35.96276652651548,1190211675.214,70331479.25,1890186597.5955002,0.1395255327704062,0.22011036174126297,0.4368231046931408
sh.605289,,2026-02-27,123.9,5.7348,1387734433.45,10.584,-457.176502,10.550089,UP_TREND,1,82.12899999999999,73.27583333333334,68.10383333333333,86.4325912305525,10.75878143091046,5.543259490551024,96.07648687348225,94.61039236115647,99.00867589813379,365903750.7446667,7536429.95,661746250.196,0.17039390088945358,0.6908712513220594,0.9311097256857856
sh.600372,,2026-02-27,16.14,-1.1635,1377000166.31,1.7472,94.37863,2.037869,UP_TREND,1,15.872499999999999,14.328527799000002,13.294668313833334,56.8736097340548,0.3437500059930976,0.36743418075129614,75.37984649172783,73.81047776284709,78.51858394948931,1570586184.4763334,99616367.8,1594298285.5945,0.13014527845036322,0.126424167675232,0.30162163038889944
sz.002237,,2026-02-27,18.9,5.1753,1343332483.47,6.0951,42.644489,2.736481,UP_TREND,1,18.452,15.275,14.513583333333335,60.132776583025006,0.5410710809671713,0.6732805469546682,80.73872108184906,67.60036419218623,107.01543486117473,965799367.2176666,87559502.15,1656738280.1565,0.26361655773420484,0.2373158756137479,0.48003132341425214
sh.605090,,2026-02-27,48.99,6.5463,1343114807.97,3.9707,24.862357,3.293728,UP_TREND,1,46.313,42.161500000000004,37.429958029999995,62.20215707216473,0.272969079937198,0.3027332586338693,73.31844068992524,58.25804755715747,103.43922695546078,1105106274.221,18821878.75,891012497.6899999,0.17777353446629743,0.16196055643181562,0.48364627498485757
sh.600516,,2026-02-27,6.31,5.8725,1321853776.52,5.2824,596.343422,1.568897,MACD_KDJ_RESONANCE,1,5.83,5.8790000000000004,5.742666666666667,63.061440087015434,0.029097983677768724,-0.02345017952482788,80.31086240405077,72.31393254350223,96.30472212514783,462788745.7463333,85368355.85,502218941.9755001,0.15132605304212166,0.07331178771899971,-0.030721966205837226
sz.002115,,2026-02-27,15.24,2.0764,1321482761.76,11.5527,-50.669514,5.958281,UP_TREND,1,15.080499999999997,13.602833333333333,12.566916666666666,52.74289732735564,0.13867601807611685,0.23219791057404088,39.13048024394716,33.096203439615635,51.199033852610214,1853227707.3531663,137180136.7,2088204385.457,0.31444614599285353,0.12035482803827646,0.4137291280148423
sh.603588,,2026-02-27,13.05,8.0298,1302189263.65,6.6942,35.060776,2.075364,UP_TREND,1,10.608,8.725666666666665,7.975,84.81274625010298,0.8023496767389506,0.6131743805768994,95.49143376720048,92.30555745398021,101.863186393641,420849884.1243333,55064484.75,589831526.1274999,0.11415525114155252,0.4955877296863662,0.8616262482168333
sz.002167,,2026-02-27,15.58,10.0282,1293734434.77,11.2286,46.992625,6.892616,MACD_KDJ_RESONANCE,1,13.705000000000002,12.981166666666667,13.337,67.17363109678845,0.25655828895186694,0.08478270685077617,92.6079567942521,86.33507454692682,105.15372128890266,477999834.0521667,50655553.8,709352740.8575,0.1747508305647841,0.20020029016395546,0.2646103896103895
sh.605111,,2026-02-27,47.67,-2.5353,1287529567.89,6.5954,45.318025,4.645354,UP_TREND,1,45.754000000000005,38.842666666666666,37.553416666666664,63.12544283216012,2.215959048762926,2.2104314652694885,80.67874952914758,80.79103040403216,80.45418777937843,762536834.6216666,28696102.1,1311674525.007,0.10872704765834529,0.22725868460799137,0.37100949094046576
sh.605376,,2026-02-27,111.26,-3.9206,1284813459.06,4.3675,189.02076,17.669508,UP_TREND,1,99.71000000000001,73.5425,63.11533333333333,64.96482065079206,11.390626860213018,10.925301158157398,71.02526815438111,78.6797589275359,55.71628660807153,754530117.7296666,14018869.6,1387926969.344,0.11734768067471271,0.5128667097256687,1.2836617405582924
sz.002126,,2026-02-27,48.75,2.6964,1279234890.4,3.3175,48.442213,6.115816,UP_TREND,1,43.0295,38.8495,37.95008333333333,67.11306135750758,2.4608967653316185,2.0611071205106546,74.12615187673273,71.06373589186387,80.25098384647046,1043781974.7048334,32385889.2,1406967240.526,0.13743961352657,0.25484240466415264,0.4547896150402866
sz.000826,,2026-02-27,2.81,1.444,1263393479.71,30.4118,-1.524001,95.567345,SMALL_GROWTH,1,2.2855,2.2673333333333336,2.2909166666666665,79.0301872354773,0.09855901202161599,0.03033923413519852,83.8685239611525,87.08354085124878,77.43849018095995,144956750.05366668,76754310.2,188219731.098,0.1476793248945148,0.2393413701852396,0.22707423580786035
sh.603738,,2026-02-27,21.78,10.0,1261529956.97,15.5935,220.103543,4.769897,UP_TREND,1,17.069499999999998,16.42,15.821083333333336,87.54969872871577,0.8982322065651083,0.3884260592090829,96.04828387950548,92.28059512781027,103.58366138289591,335570784.76350003,19035503.85,343010143.7975,0.11641443538998836,0.3264311814859926,0.38197969543147225
sh.600346,,2026-02-27,25.7,1.6212,1250074570.93,0.688,25.986598,2.799206,UP_TREND,1,25.258,22.546333333333333,20.098953113333334,57.8535221350005,0.4813825817218209,0.5829907211796777,63.63890203837866,62.31535736803437,66.28599137906724,849589901.9763333,47744539.1,1212938708.501,0.10246821241585634,0.13987492423010384,0.39370932754880683
sh.603067,,2026-02-27,40.8,-3.3175,1249197873.01,4.3295,55.921413,8.348804,UP_TREND,1,36.6155,33.01566666666666,27.285999999999998,61.46997731888431,1.5614539513694297,1.05663918320241,76.19345546760104,78.725092977577,71.13018044764911,996025200.7055,23818181.1,877561096.1295,0.16116847141777885,0.23577695437519575,0.45299145299145294
sz.002415,,2026-02-27,31.44,-0.3802,1249090104.64,0.4412,20.308577,3.675579,LOW_VAL_BLUECHIP,1,32.11,30.805166666666665,31.08803823366667,45.37342366423765,0.21346449346550145,0.3754019458350986,23.81206505618347,34.435791995761164,2.564611177028084,1599935819.2010002,59248474.3,1899537657.043,0.0618051013734466,0.020608014889277326,0.048349449816605716
sh.600031,,2026-02-27,23.15,-0.8565,1236986757.48,0.6282,25.823394,2.899532,UP_TREND,1,23.0955,21.915333333333333,21.722948758333338,52.31130633999186,0.41140722811787,0.4447817351868607,32.64458655350421,49.61271986203616,-1.2916800635596815,1485082535.4685,74844045.15,1723735577.434,0.0724511930585684,0.05633802816901401,0.13258317025440292
sz.002639,,2026-02-27,21.19,0.8088,1226178749.91,8.9373,393.729641,6.532318,UP_TREND,1,20.834,19.804166666666667,15.79375,52.52331581402826,-0.048202054522818116,-0.0362505391961539,61.57339901402783,52.991181021936825,78.73783499820985,3346820460.661667,90563339.55,1922982091.2199998,0.2793848407176858,0.06997685672207021,0.48389355742296924
sz.002099,,2026-02-27,8.1,-8.2673,1210490506.32,9.268,-39.144147,2.560724,UP_TREND,1,7.331,6.656000000000001,6.350083333333333,58.8096981583858,0.4599959984351738,0.3790563296247569,54.46193858279148,57.99972512188006,47.38636550461433,320303617.838,82159204.4,637378852.9565,0.1527027027027028,0.2169471153846152,0.3001605136436596
sz.002218,,2026-02-27,6.81,3.0257,1206642740.36,12.8799,-74.52377,2.371571,UP_TREND,1,6.744,5.177833333333334,4.4959999999999996,56.482623695226906,0.4307637820687642,0.5426351220021334,19.840415894557967,23.69540769185174,12.130432299970423,979077783.4338334,264285069.05,1830295550.6510003,0.1695979899497487,0.31522193967875856,0.7551546391752577
sz.000534,,2026-02-27,41.85,7.4179,1174192804.4,5.8522,95.2437,13.603714,UP_TREND,1,32.1645,25.67033333333333,21.599833333333333,75.38523678761561,3.4420864807059033,2.667999882304411,95.69402067724052,91.13702772003376,104.80800659165402,617405441.7791667,25225564.65,801667830.2375,0.1545307443365696,0.6302865824362758,1.017839922854388
sz.000791,,2026-02-27,7.71,7.8322,1170650374.9,7.8927,13.589787,1.714133,MACD_KDJ_RESONANCE,1,6.821,6.696,6.737166666666667,74.41199158799267,0.1053506146869605,0.026394178195879685,80.25636044883362,69.60584405133758,101.55739324382569,152034490.13216668,33346836.7,233288189.535,0.07000000000000003,0.15143369175627241,0.18433179723502313
sh.603186,,2026-02-27,81.48,0.9165,1155118869.92,9.2517,-453.40136,8.713332,UP_TREND,1,71.9815,56.932500000000005,49.60425,74.79696487446208,5.94005485764221,5.450277436476352,81.569086771533,79.6334446727375,85.44037096912399,621279971.113,12115623.85,880109601.9645001,0.10328332246140465,0.4311684890001317,0.8957654723127038
sz.000762,,2026-02-27,31.44,3.7624,1154658008.48,7.1939,-343.341566,5.561052,MACD_KDJ_RESONANCE,1,27.95,27.239166666666666,25.969833333333334,68.45899393456335,0.47280045475807597,0.01062523568220744,92.10439290333197,85.21038987082383,105.89239896834823,735501501.1408333,26661272.7,763849409.2575,0.15780785737867276,0.1542203322421758,0.17094972067039094
sz.002169,,2026-02-27,15.47,-5.9574,1121788063.81,9.4771,-51.175746,4.589268,UP_TREND,1,13.673000000000002,11.248,9.532499999999999,68.56810410977658,1.1255364957352079,0.9243361114369009,82.93440832548274,87.6733130844333,73.4565988075816,636278087.7721666,59404108.8,812890874.185,0.08496732026143798,0.37535561877667156,0.9987080103359174
sh.600685,,2026-02-27,37.41,-0.1335,1116595418.49,3.6115,62.569879,2.943066,UP_TREND,1,33.855,31.129833333333334,29.239969500583335,73.82807552747258,1.5938005944126417,1.1796353108122657,85.93981624032179,85.45686128096956,86.90572615902627,930547801.4848332,24872342.65,854027562.4760001,0.10851693521867808,0.2017410950909897,0.13466787989080986
sz.002617,,2026-02-27,9.37,0.1068,1109807419.54,6.2908,66.704429,2.821619,MACD_KDJ_RESONANCE,1,8.957,8.447166666666666,8.679916666666667,60.03331705348595,0.1418257833026999,0.1115387406068313,81.0742071601237,72.07127548928085,99.08007050180942,877121431.295,118807368.1,1077233347.9175,0.1304791029561673,0.10924767673578906,0.14547677261613678
sh.601618,,2026-02-27,3.21,1.5823,1107085487.32,1.9457,17.121413,0.63711,MACD_KDJ_RESONANCE,1,3.117,3.0883333333333334,3.305083333333333,59.2958255196729,0.00897942830309928,-0.0031163716211624042,68.80966329460384,59.11250201926964,88.20398584527223,800628363.3693333,325732982.1,1033339733.8269999,0.1415929203539823,0.039395574743658957,0.0
sz.000519,,2026-02-27,20.28,1.3493,1094923536.71,3.9165,-86.644307,2.764646,MACD_KDJ_RESONANCE,1,19.136,18.561833333333333,18.67716666666667,64.9457464633014,0.2602269845392229,0.12350824650924241,91.64020169199162,83.5611953310939,107.7982144137871,731268447.2873333,45950002.95,890106556.437,0.08875739644970407,0.09256449165402136,0.0535064935064935
sh.600345,,2026-02-27,44.58,2.4592,1094822637.09,11.9122,106.847842,4.173649,UP_TREND,1,38.596000000000004,34.030833333333334,30.574166666666667,63.66361749645641,2.567951988740397,2.126285381668152,76.24948470091852,74.49392684306484,79.76060041662586,847904522.2241666,26184613.15,1021166282.4484999,0.2370176274416388,0.30998849082939484,0.7434493547125536
sz.000723,,2026-02-27,5.24,4.3825,1091171172.89,4.7944,-18.838895,1.739696,MACD_KDJ_RESONANCE,1,4.957,4.873333333333333,4.9375,59.86905561998909,0.05095053592348897,0.027838608651596753,79.95123586959909,69.56552594620528,100.7226557163867,502045462.33066666,145055647.45,722304375.4024999,0.11003861003860993,0.07523939808481539,0.05010020040080154
sh.601611,,2026-02-27,16.38,1.2361,1078893722.1,2.1974,28.775547,2.26861,UP_TREND,1,15.848500000000001,14.572833333333334,12.713483256333332,57.12565409124567,0.10829365611413166,0.11708680284704523,81.3957988996348,67.2298834353248,109.7276298282548,1412852785.3858333,60026568.15,963676820.4315001,0.2402206619859579,0.1240092866864142,0.3904923599320882
sz.003816,,2026-02-27,3.95,0.7653,1078511119.3,0.6936,21.217462,1.61778,MACD_KDJ_RESONANCE,1,3.8880000000000003,3.853833333333333,3.8581666666666665,59.19142079916096,0.013834317002248575,0.009826405284941992,73.51156762148307,67.24623169221604,86.04223948001712,522071206.2758333,160685054.6,625066979.2075,0.028423772609819202,0.02495350949271291,0.04497354497354511
sz.000688,,2026-02-27,37.39,4.8808,1062543161.83,2.4373,155.018274,13.278972,UP_TREND,1,30.470499999999998,27.260499999999997,22.248916666666666,72.03600992586368,2.1912838915530024,1.3469484407642254,89.92957501783437,87.96270541364117,93.86331422622072,861125104.6730001,30500397.9,934353810.6445001,0.1930095886173832,0.3715815924139325,0.46800157047506885
sh.600979,,2026-02-27,5.13,1.9881,1062347407.16,16.8015,44.077716,1.394163,MACD_KDJ_RESONANCE,1,4.6215,4.581666666666666,4.753083333333333,74.55709175676648,0.06746028385102054,0.016316447978279462,75.99247016271849,68.59314542455277,90.79111963904992,108337443.78383334,35340442.35,169565165.4335,0.0738396624472575,0.11967988359403425,0.07547169811320753
sz.002323,,2026-02-27,2.42,-2.4194,1061870324.18,20.3905,-26.003971,14.678154,SMALL_GROWTH,1,2.016,1.8018333333333334,1.8168333333333335,66.19188382514201,0.18937092010046586,0.13911690312313585,66.32586382936202,67.35055204095222,64.27648740618162,221554053.14533332,221937427.0,489078151.12649995,0.14503816793893126,0.3430764961613171,0.3908045977011494
sh.603002,,2026-02-27,11.54,-5.3322,1056070876.5,8.064,340.767641,3.799449,UP_TREND,1,9.6755,8.223166666666666,7.897916666666665,73.88060604549256,0.8270661909439472,0.5989227076319206,84.17408152006607,86.161796146779,80.19865226664021,370241634.25100005,63005186.55,624544305.3594999,0.07128099173553715,0.4033523176391902,0.6748911465892597
sh.603867,,2026-02-27,38.05,4.3037,1052528054.27,12.8058,35.715187,3.387111,SMALL_GROWTH,1,31.179000000000002,27.799833333333332,29.040416666666665,81.32058880693631,2.0406503003823886,1.4542948092402557,88.68066045645878,86.75297016447871,92.53604104041892,212223712.75116667,10452803.4,337584043.021,0.1366906474820144,0.3687132416861012,0.3633106413471874
sz.002409,,2026-02-27,95.97,-2.4298,1039994220.61,3.4065,49.703595,5.848923,UP_TREND,1,92.321,82.86550000000001,76.79858501066666,59.08428698614719,2.0999529664601795,1.9597593216618514,75.5662794916773,76.0080732642427,74.68269194654653,1268973815.269833,12300464.95,1140495227.083,0.11350035500557863,0.15814180811073353,0.3914745541539799
sh.603138,,2026-02-27,22.8,2.4259,1034458036.44,15.7822,-70.406899,8.734895,UP_TREND,1,19.241500000000002,16.339333333333332,16.200416666666666,69.00380399503001,1.6798864514916723,1.3049950577654825,76.46053428721982,76.16642481910004,77.04875322345936,302178331.70750004,31413419.0,628660317.5265,0.10871905274488697,0.39540576930923343,0.4624759461193073
sh.603619,,2026-02-27,36.35,0.3312,1013417625.36,6.0213,32.907164,3.864646,UP_TREND,1,33.40050000000001,26.668666666666663,23.556449302083333,62.13138671453673,2.5198316658276454,2.390269160842119,69.15730360233931,72.63083514489652,62.21024051722489,599360341.8546666,36058705.65,1210567013.9535,0.19264824255433333,0.3630227732920033,0.5776909722222223
sh.601096,,2026-02-27,6.26,-7.1217,1012084315.03,9.7993,50.04698,3.653019,UP_TREND,1,5.813000000000001,4.825,4.609624018,63.53266698350396,0.40082908823241503,0.37454028127475775,57.43857070674503,61.74305863269845,48.829594854838206,379182413.224,125781779.45,732636948.65,0.07121661721068255,0.2974093264248703,0.508433734939759
sh.600256,,2026-02-27,5.88,2.2609,1010265647.76,2.7073,18.910826,1.577654,LOW_VAL_BLUECHIP,1,5.5535,5.196166666666667,5.203333333333334,64.56182215242156,0.14661417323065162,0.12110782862000934,77.52603486970541,71.5287413140419,89.52062198103243,593432460.5541667,201962113.85,1128086114.4635,0.07853403141361259,0.13160342560220673,0.16435643564356428
sz.002922,,2026-02-27,46.36,-2.8703,1007569070.84,5.7375,75.24125,5.189999,UP_TREND,1,42.566,36.322243854166665,30.181651062500002,63.53561151191419,2.5762481960617336,2.3335865030391623,78.26524192531032,80.8602268801152,73.07527201570056,853668219.3974999,19281735.2,821488285.1689999,0.09488224637681154,0.27635286482120414,0.7011100632980081
sz.002283,,2026-02-27,11.14,0.7233,1005597091.16,9.0496,36.91633,2.108343,UP_TREND,1,8.3615,6.918166666666667,6.743069132083333,89.65174294031934,1.018508413658644,0.7147076265604443,93.62335275265795,92.86685275604384,95.13635274588614,290602391.87466663,82472491.9,695323647.9725001,0.048465266558966186,0.6102531981016166,0.8382838283828384
sh.600633,,2026-02-27,14.34,2.1368,1005289175.01,5.4597,31.81304,1.782526,LOW_VAL_BLUECHIP,1,15.267499999999998,14.126666666666667,14.070857947,45.094438684012474,-0.025735178067305853,0.20679368562799244,12.2913376282518,17.3173933151378,2.239226254479803,649026983.4308333,65258169.35,1007515263.7795,0.19263944795859697,0.015101462954223654,0.052090975788701366
sh.603650,,2026-02-27,60.22,-2.7612,1005067564.87,2.7164,64.833217,10.808987,UP_TREND,1,58.3235,52.05916666666667,45.753166666666665,57.851808768588654,1.7032872226757831,1.6252008140174488,76.95871564075637,80.18769813331676,70.50075065563558,1382967116.5148332,18265279.55,1073370211.407,0.15692068429237943,0.15676073698195947,0.4186101295641931
sz.002054,,2026-02-27,11.53,0.0,1003485047.01,22.1869,62.215176,2.192686,UP_TREND,1,9.8955,8.4695,7.939083333333333,71.25541943989083,0.7533387385364811,0.6318238493484596,78.32192385993316,76.67200328403092,81.62176501173764,310590302.0263333,61944770.45,634531092.8230001,0.09052631578947362,0.3613554519156974,0.5071895424836599
sz.002179,,2026-02-27,35.55,-0.8645,983247043.14,1.3184,35.461699,3.170065,MACD_KDJ_RESONANCE,1,35.043,35.11266666666667,36.75366666666667,51.9860887612599,-0.19242310955876007,-0.30605734904945836,78.6308107578507,73.65727667293154,88.577878927689,1514349725.9186666,32706016.3,1154606412.7865,0.16239526860522416,0.012455144392336859,0.012820512820512775
sh.600186,,2026-02-27,6.47,2.6984,977520236.9,8.5203,39.963022,6.083138,UP_TREND,1,6.1899999999999995,5.972666666666667,5.932,58.155594830757536,0.08555342678999,0.06296612430655796,67.34785375199732,65.3171301157796,71.40930102443275,491602463.6526667,106445885.85,665501167.563,0.09457364341085275,0.08326822189976557,0.1871559633027522
sh.600585,,2026-02-27,25.56,-0.1952,977376851.4,0.9568,15.388297,0.711461,LOW_VAL_BLUECHIP,1,24.7905,23.251666666666665,23.376972903166667,59.514265538472245,0.6377515428272531,0.6059606881878321,49.47056830953393,54.216809636543886,39.978085655514036,866942004.4966666,51024126.25,1270113017.1955,0.05434782608695658,0.09927603756003145,0.11567001309471836
sh.601336,,2026-02-27,75.6,0.6122,972161834.3,0.6174,6.140648,2.346457,LOW_VAL_BLUECHIP,1,79.7005,74.92951710333334,69.75144240066666,40.98587287611866,-0.45709024248368735,0.4649485794225576,10.755828218731768,10.348799938347806,11.569884779499695,1584566661.3663332,19737552.3,1581927428.8825002,0.11610398776614521,0.008948181205305383,0.15911825675502667
sh.600160,,2026-02-27,41.6,0.702,962341199.57,0.8577,28.365084,5.496053,UP_TREND,1,39.552991368,37.494588796,36.75651564066666,64.99342522381932,0.8179117171605412,0.6312549554926306,84.64146149205673,83.16654261014432,87.59129925588155,948929885.0585,27797519.8,1102091525.0259998,0.07867682827840777,0.10949343187457417,0.24950697338307926
sz.002138,,2026-02-27,41.8,-2.7455,962251223.36,3.0436,34.494453,5.176877,UP_TREND,1,39.423,37.23383333333334,36.5375,62.922568861509504,1.0943341338286388,0.7268151377051192,78.74137932349977,79.54050591368684,77.14312614312564,768111812.2493333,22988085.35,914715691.484,0.07970112079701111,0.12263487956741836,0.18246110325318243
sz.002493,,2026-02-27,15.6,2.1611,945349009.7,0.6512,211.658095,3.566538,UP_TREND,1,14.510499999999999,11.986333333333333,10.957333333333334,69.43462379766972,0.8014564889277409,0.8135898258028149,80.21806261842903,75.43320327488375,89.78778130551959,707082099.6015,68880389.1,996447111.7140001,0.07796610169491527,0.301482243666398,0.6490486257928116
sz.000880,,2026-02-27,37.78,0.7467,942243939.94,11.148,71.438793,8.517307,MACD_KDJ_RESONANCE,1,35.6005,30.853833333333334,31.083821965166667,60.31088199692046,1.2891237935867608,1.2765873942280135,87.34898873315021,78.26519383850592,105.51657852243875,826320544.2796667,35401924.6,1274924734.8515,0.16339869281045752,0.2244831814523316,0.4203007518796993
sz.002555,,2026-02-27,24.5,0.8646,935280483.98,2.3981,17.370261,4.027278,LOW_VAL_BLUECHIP,1,25.754499999999997,24.400666666666666,22.688468895333333,40.89276289597977,-0.30831465953161796,-0.0443853272392576,14.599903746445637,19.007374172988676,5.7849628933595625,1897485979.7173333,65243826.2,1692164119.0184999,0.18871075484301944,0.004070927023851922,0.1353104726598704
sz.001267,,2026-02-27,30.5,-0.7161,931512483.68,5.137,263.85042,15.136433,UP_TREND,1,27.967000000000002,23.739333333333335,20.489333333333335,64.71590681336934,1.6849471452744709,1.5176325387915848,82.90595801977722,80.31852788808803,88.0808182831556,1129113109.497,44885883.65,1251099499.98,0.13927958833619208,0.2847875537083322,0.6869469026548674
sh.600151,,2026-02-27,15.45,0.1946,920913467.3,4.1567,-79.765268,4.775051,MACD_KDJ_RESONANCE,1,15.413499999999999,15.894666666666668,12.087166666666667,47.668153783027556,-0.3862019650267108,-0.38920810934183037,43.104837242728024,34.77328502651534,59.767941675153395,3266413960.1453333,93097307.4,1456774441.55,0.35936814392277316,-0.027975840952940256,0.7109634551495017
sz.002920,,2026-02-27,124.04,-0.8315,918548143.74,1.3249,31.030628,5.055771,MACD_KDJ_RESONANCE,1,123.598,122.53566666666667,123.83291666666666,49.462707253074385,-0.8434600114842965,-1.140290349280127,73.23478077910369,71.54977097136307,76.60480039458491,1366598894.3930001,8603637.5,1069579358.3465,0.1465927099841521,0.012276697668978098,0.1337172104926425
sz.002364,,2026-02-27,34.68,-2.2548,900950286.38,4.6543,203.118381,8.079249,UP_TREND,1,32.427499999999995,28.737166666666667,27.79641666666667,59.45824178967537,1.3979796249426997,1.176118311543794,82.67069246088163,83.9820557749265,80.04796583279187,1170142991.2401667,38348141.0,1244160975.7385,0.1554478037649744,0.20679955690366136,0.435430463576159
sz.002358,,2026-02-27,8.97,-1.9672,900325548.98,10.8149,81.903916,2.484569,UP_TREND,1,7.8180000000000005,6.4735000000000005,5.890166666666667,69.719582565732,0.6317417827998435,0.5284992511041022,84.4684511501262,85.75799714220122,81.88935916597615,519001805.63949996,124587555.65,979499452.867,0.1306017925736235,0.3856491851394146,0.6829268292682928
sh.605060,,2026-02-27,69.58,-4.6849,893641030.62,5.5478,76.438216,6.921161,UP_TREND,1,51.834,42.163666666666664,36.119166666666665,76.71085165005056,7.7680960764507105,5.613726682878945,89.30586664077757,91.51293921267748,84.89172149697771,297067302.95199996,9423977.5,499017230.638,0.15571600481347772,0.6502359851689055,1.0404692082111437
sh.600426,,2026-02-27,38.6,4.9198,885658489.77,1.1097,25.391795,2.506123,UP_TREND,1,36.809000000000005,32.940333333333335,29.557556055833334,62.94173477246993,0.8331275736310602,0.9177249873902626,78.25442814466263,67.090928630644,100.58142717269988,721672989.7363334,27406153.45,1006714593.952,0.10783553141970524,0.17181570718774353,0.4092734574662287
sz.002405,,2026-02-27,10.92,0.0,885457272.98,3.4595,-19.668539,3.147132,UP_TREND,1,10.7635,9.740666666666666,9.461749999999999,57.79430829281693,0.20568993445561645,0.22932397093944135,80.90651026275832,76.84478346216113,89.02996386395267,916967324.5838333,98039521.65,1059334055.2705,0.09697508896797151,0.12107316405447954,0.2907801418439715
sz.000545,,2026-02-27,3.52,5.0746,872637586.68,25.0941,-8.225263,3.808326,SMALL_GROWTH,1,3.0604999999999998,3.009666666666667,3.0141666666666667,65.77098555268307,0.08179794473469926,0.024529526299199245,78.48225604477366,74.83158483104879,85.78359847222342,187041602.27699998,74977309.0,238944955.55100003,0.12772585669781936,0.1695647358511463,0.2179930795847751
sz.002297,,2026-02-27,14.14,-0.3524,868625507.32,10.6595,-398.240782,3.851411,UP_TREND,1,12.77,11.6135,10.22025,68.16535012551714,0.5220933883860273,0.3973498839940266,82.02298573182706,82.04573982024257,81.97747755499603,790535737.6553333,61333485.95,790758819.9894999,0.12033511043412033,0.21754854264433643,0.5436681222707425
sh.603612,,2026-02-27,35.57,1.1949,865384045.88,4.9113,24.969607,3.157716,UP_TREND,1,30.678999999999995,26.5425,26.194973200666666,72.18944367150783,2.0005162576206494,1.5854631454593895,88.36226310790323,86.15769122309757,92.77140687751455,635914573.5351666,34293826.8,1043366041.9185002,0.11036789297658854,0.3401149100499199,0.523340471092077
sh.600871,,2026-02-27,3.21,0.3125,861708549.54,1.9831,97.438376,6.37434,UP_TREND,1,3.0235,2.5051666666666668,2.359666666666667,61.55241991693448,0.18544955604620172,0.18433402236786137,66.75361878261744,70.48566598618811,59.289524375476105,747548212.6691667,480143254.45,1461429462.994,0.15542521994134903,0.281351872796221,0.4078947368421053
sh.600905,,2026-02-27,4.16,1.4634,847184208.71,0.7166,22.303766,1.33294,MACD_KDJ_RESONANCE,1,4.112,4.135833333333333,4.2085,59.57663023567497,-0.0070820318811026794,-0.012033637715463529,75.26069557428997,61.45860710624595,102.864872510378,416318490.64516664,127499401.65,524843821.068,0.028571428571428595,0.005843239975821035,-0.004784688995215225
sh.600765,,2026-02-27,21.53,-0.4163,845884381.91,2.5294,143.86189,2.365792,UP_TREND,1,19.9125,18.633333333333333,17.443833333333334,63.91535012693943,0.5580121566358791,0.3449049671598557,84.43710218845126,82.20067728571593,88.90995199392194,1184802919.958,51944092.55,1044392231.8050001,0.1257170172084131,0.15545617173524162,0.32655576093653726
sz.002655,,2026-02-27,17.12,10.0257,845167684.57,14.2473,70.879391,8.458031,SMALL_GROWTH,1,13.848999999999998,13.134333333333334,13.143666666666666,81.93294447096618,0.8273840163803143,0.4618342577653828,92.86211152411123,89.30609512636178,99.9741443196101,283900021.3118333,27294446.75,396565336.02000004,0.10978342046303216,0.30345405172195017,0.41721854304635775
sh.600862,,2026-02-27,27.09,0.4449,843758293.77,2.2381,36.043884,5.0604,UP_TREND,1,25.810000000000002,24.0285,23.56766666666667,61.45566329491381,0.614335281396567,0.5272851735231833,81.93927381909461,82.43081890283382,80.95618365161619,968215559.3465,35174012.2,908556107.3205,0.15136298421807745,0.1274111992009488,0.26647966339410933
sz.002532,,2026-02-27,17.67,0.1133,834596677.23,1.1427,17.35931,2.815919,LOW_VAL_BLUECHIP,1,18.2927027375,16.352428033333332,14.103166073,49.20198429279934,0.04542951090339642,0.23059521999764027,52.976238492891156,52.18157071166317,54.56557405534713,1028788526.84,69216168.35,1281848544.9194999,0.16915475375969605,0.08057347593769482,0.3935818928994461
sh.600475,,2026-02-27,22.23,6.0592,831703484.74,3.9986,37.460642,2.444617,UP_TREND,1,20.9215,19.8215,18.666256222583332,58.62729439306577,0.11375180091366133,0.12012796188239674,59.57938964949868,43.95217792245751,90.83381310358101,460014249.60583335,22400272.8,471934171.39400005,0.20448065173116087,0.1215094720379386,0.30381231671554243
sz.000833,,2026-02-27,22.87,-3.339,826945955.27,7.9631,36.860687,4.699629,UP_TREND,1,21.545,20.435333333333336,18.18616666666667,57.12108710774997,0.7537350440185726,0.4351125062926091,75.62405407948035,79.43929335812615,67.99357552218873,863771685.8211668,41499405.1,922111869.7305,0.1841201716738197,0.11914005154471008,0.14349999999999996
sz.002636,,2026-02-27,27.25,0.8512,806827962.93,4.1095,179.452619,5.694693,UP_TREND,1,25.478,19.7405,16.899833333333333,69.33375043376613,1.7616463038050085,1.7877879030169495,82.44594079342991,78.66917668676801,89.99946900675371,730353663.8948333,43172461.1,1108226613.8115,0.12331838565022424,0.3804108305260758,0.8251841929002011
sh.600101,,2026-02-27,11.07,4.7304,802034345.57,13.3226,32.981239,1.954128,SMALL_GROWTH,1,10.1403130475,9.620107023166668,9.654488917333333,75.87469587269351,0.23497897451502148,0.16732010798072666,83.05423745032343,81.4820461397248,86.19862007152068,178603100.2713333,22103242.15,227618484.896,0.051773729626078645,0.15071484894521148,0.23349110464547085
sh.603516,,2026-02-27,164.36,0.8839,792601727.68,2.3962,6614.344661,23.998678,MACD_KDJ_RESONANCE,1,168.7165,195.0955,177.62566666666666,41.39871862923381,-11.856925105323796,-13.002940332489393,42.87984369692808,39.31326917532194,50.01299274014035,1437898310.1416667,7314203.4,1225224554.9009998,0.40697362881310517,-0.15754079412390332,-0.06246078375449193
sh.600050,,2026-02-27,4.92,0.8197,791176530.15,0.5254,16.254024,0.894671,MACD_KDJ_RESONANCE,1,4.9345,5.137166666666667,5.2906663583333335,44.69786914352655,-0.07587231455965604,-0.08651079354138375,74.52234729317125,61.92336540901135,99.72031106149103,1133303354.562,235627748.8,1171998082.3785,0.12568306010928967,-0.04227362683710234,-0.09558823529411775
sz.002019,,2026-02-27,13.34,1.8321,790428605.13,7.1782,39.832287,1.837449,MACD_KDJ_RESONANCE,1,12.3625,12.365,13.096166666666667,69.54476449687735,0.07666340903432456,-0.036743604221123535,76.69677163741358,71.5302973041418,87.02972030395713,166092843.17749998,16460561.6,209239078.03149998,0.09139784946236555,0.07885159725030322,0.08720456397718013
sz.002881,,2026-02-27,49.18,5.1754,781607243.69,8.7995,81.793794,7.656543,MACD_KDJ_RESONANCE,1,46.62949999999999,45.75266666666667,46.58433333333333,60.53929533254815,0.42774678664058996,0.3024280410245522,64.300701682019,58.76677025603572,75.36856453398555,422665441.6591667,6513192.0,305988210.515,0.14056147144240075,0.0749100234594704,0.20273905600391284
sz.002270,,2026-02-27,33.6,-5.1651,774218170.49,2.557,42.428617,9.5835,UP_TREND,1,32.0075,28.282833333333333,25.266064189833333,58.115668478442416,1.4862277719848223,1.3703800145287344,73.10310755809911,75.96172855226013,67.38586556977708,438626186.1858333,19359152.75,624083585.9535,0.12923976608187138,0.18799978785718086,0.38328530259366
sz.000533,,2026-02-27,11.68,-1.1844,767285247.38,9.6935,78.126899,8.511839,UP_TREND,1,10.5335,9.279833333333332,8.421416666666667,62.06286035019136,0.7017984030861655,0.6289055327434636,78.48534204096275,80.23324191695886,74.98954228897054,721268269.4726666,91975757.2,1001341928.9955,0.13697219361483007,0.25864329459940016,0.4545454545454546
sh.603011,,2026-02-27,25.71,2.3895,761398453.98,5.9891,-90.155099,6.053137,UP_TREND,1,25.417,24.509166666666665,22.557666666666666,50.55142733485375,0.03674939722935022,0.12410925291663628,25.89570956605739,28.409389781408542,20.86834913535509,1323728436.4783335,31371891.5,800044913.0355,0.27741330834114336,0.04899527387712088,0.22896749521988524
sh.601126,,2026-02-27,44.79,-0.2005,761222323.96,2.0796,46.047646,7.890715,UP_TREND,1,39.6135,34.04683333333334,28.578583333333334,67.14894454908315,2.3762272627293015,1.947957854108615,92.08460401231025,88.25693035143337,99.73995133406402,1044421293.1183333,25743562.1,1015149902.0375,0.12092793682132294,0.3155408481454465,0.6933837429111531
sz.000543,,2026-02-27,8.62,4.3584,759002258.06,3.9173,8.186514,1.137441,MACD_KDJ_RESONANCE,1,8.107000000000001,8.245166666666666,7.961333333333333,63.27480204605169,-0.022077962479363222,-0.07744517229422736,77.32440718930438,68.6624689677164,94.64828363248031,314797891.54716665,37189057.7,302971685.362,0.1156462585034014,0.04546097713812136,0.10654685494223348
sz.002402,,2026-02-27,36.41,-0.6006,750242989.91,2.5447,55.025391,6.407704,MACD_KDJ_RESONANCE,1,37.1435,40.491166666666665,43.63008333333333,40.64889362425325,-0.9951902544868219,-1.1350542879958427,58.07289702702221,55.47765370468297,63.26338367170068,2234312693.1175,29623594.25,1110653768.8465,0.327405466117559,-0.10079153066306645,-0.2334736842105264
sz.000859,,2026-02-27,11.89,-1.1638,747505997.61,7.0157,-181.070383,3.908282,UP_TREND,1,11.017500000000002,10.762166666666667,8.744416666666668,56.10088445181087,0.2342071137824142,0.0907177025522822,81.33788336111732,84.02355593928726,75.96653820477744,1608147848.7521667,80786541.15,908500451.6779999,0.28148148148148155,0.10479612221826451,0.30515916575192104
sz.000830,,2026-02-27,18.69,2.9185,729593096.5,2.0887,24.094988,1.867948,UP_TREND,1,18.381,16.916166666666665,15.566666666666666,56.020716892591444,0.1331060092259868,0.1705014636836408,78.84079335647732,70.74319103416488,95.0359980011022,568377837.833,39051986.2,719093703.2759999,0.16511968734733753,0.10486024217464562,0.28807718814610617
sz.002975,,2026-02-27,81.57,-5.9278,728503119.52,8.4179,103.41471,5.823202,UP_TREND,1,81.0085,78.80746385566667,70.94556957233334,51.51637015462925,0.9058667249337731,0.5078798080121341,64.2520234786655,65.68174305969521,61.392584316606104,496960024.92316663,6304903.3,514858924.4990001,0.1674698795180723,0.03505424498106957,0.06048961519737106
sh.603626,,2026-02-27,27.79,0.4337,725068790.31,4.7031,-43.11661,7.228924,UP_TREND,1,24.3595,19.291333333333334,16.604333333333336,69.71597706248558,2.04047821072108,1.8946797121402401,74.09247826604991,76.9215968262735,68.43424114560273,1124289931.0478334,39915967.05,965560299.3165001,0.16398846312319737,0.4405432491274146,1.3451476793248944
sz.002539,,2026-02-27,15.96,-0.6845,720918253.94,5.1432,23.790435,2.082294,UP_TREND,1,14.872499999999999,12.713166666666668,11.804583333333333,64.93539056155718,0.8304387265229423,0.7512167132917191,63.85294246046371,70.35548118467463,50.847865012041865,384658306.13683337,39434090.15,591144171.026,0.12442698100851345,0.25539139212627315,0.46691176470588225
sh.600740,,2026-02-27,5.02,6.3559,714648977.36,5.6383,-324.560051,0.84476,SMALL_GROWTH,1,4.563999999999999,4.128,4.134833333333334,64.06900543666482,0.18948770043828844,0.17166163703178966,71.6540962924208,64.37443926764217,86.21341034197806,253425911.4505,125771554.45,585838042.317,0.08230452674897126,0.2160852713178294,0.25187032418952615
sh.600313,,2026-02-27,8.0,2.8278,711124610.51,8.3072,173.66032,4.709145,UP_TREND,1,7.641500000000001,6.964833333333333,6.7259166666666665,60.56364473318186,0.20857967602836158,0.21741258271012265,74.86319101720915,58.19095722925609,108.20765859311526,500902374.927,128330979.6,1008245313.4689999,0.18346545866364666,0.14862762928043272,0.19047619047619047
sz.002248,,2026-02-27,14.86,4.1345,709480823.54,15.7345,203.608077,47.97578,UP_TREND,1,12.870000000000001,12.206333333333333,11.779,76.77411754899539,0.5734369493774398,0.34100353282488244,96.4570418162856,93.92520170241683,101.52072204402313,288595411.60483336,24992312.95,334046620.258,0.11620294599018002,0.21740080286190233,0.29442508710801385
sz.002271,,2026-02-27,18.0,-0.717,709442630.36,2.0516,-119.62921,2.064202,UP_TREND,1,17.575499999999998,15.044666666666666,13.773,58.365181798380576,0.7379050439841883,0.8206383914161419,56.56705307636793,55.17076834211984,59.359622544864095,726080371.2571666,60546948.0,1063951738.0710001,0.09470752089136486,0.19643727566801084,0.3605442176870748
sz.002017,,2026-02-27,23.52,2.6178,700445570.14,5.1669,74.46824,7.717154,MACD_KDJ_RESONANCE,1,23.0845,22.693666666666665,23.822916666666668,53.5284205205822,-0.17402890785474412,-0.1819055932880815,63.95569563781729,50.198060063458726,91.47096678653443,702832661.15,21025851.1,491694208.52650005,0.21423562412342215,0.03641250862942669,0.09141531322505791
sz.002961,,2026-02-27,25.65,6.9195,691124732.72,5.7388,24.613723,4.084985,MACD_KDJ_RESONANCE,1,24.366,25.73683333333333,23.985332385083336,58.47562418989406,-0.3380314617509832,-0.49878878894045475,68.97729984588251,51.2390604884904,104.45377856066675,454591629.7011667,9466158.65,233132912.3085,0.22806441012159057,-0.0033738934471346793,0.19580419580419584
sh.601609,,2026-02-27,12.05,2.728,685578379.08,3.3093,27.315135,2.095481,MACD_KDJ_RESONANCE,1,11.68,11.035833333333333,11.3375,59.18908463791387,0.10418374034675537,0.0877110422723337,84.49370405804879,75.33665292311058,102.80780632792522,492960653.36733335,59303183.05,704876162.758,0.119746233148295,0.09189760628256449,0.1860236220472442
sh.600170,,2026-02-27,2.99,1.0135,669125919.37,2.533,13.104353,0.841842,LOW_VAL_BLUECHIP,1,2.9690000000000003,2.8245,2.847,54.16707954842776,0.02108276722114555,0.02830021704398708,66.35348630716358,55.441760801024856,88.17693731944104,772446216.3456666,355705846.05,1065563292.0270001,0.11006289308176102,0.05859444149406978,0.07942238267148016
sz.001208,,2026-02-27,23.3,-0.8511,668979075.55,10.8587,129.374831,5.140814,UP_TREND,1,22.8535,21.072166666666668,16.7425,51.95128164066257,0.0011570466199408713,0.06191039716924553,44.87904753415819,38.44805942357904,57.74102375531649,1440945163.2991667,38193296.65,883745932.4629999,0.30595813204508854,0.10572398028995589,1.026086956521739
sh.601969,,2026-02-27,12.37,4.5647,664919294.77,2.749,52.327393,3.509924,UP_TREND,1,12.159,11.595333333333334,10.517429695666667,56.166483800421794,0.05880408334842713,0.11101400236394898,37.37441336133097,30.983048414763587,50.15714325446575,,,,0.15624999999999997,0.06680848617259794,0.07099567099567095
sh.600722,,2026-02-27,9.38,-2.7979,663968825.07,10.366,128.420462,5.16793,UP_TREND,1,8.6765,7.054666666666666,6.868666666666667,59.120041795121566,0.7269436513136665,0.6980717927583104,54.67827670090052,64.09241649535097,35.84999711199961,351197542.92333335,91422492.8,800456217.2125,0.14410058027079306,0.3296163296163299,0.4912559618441972
sh.601016,,2026-02-27,3.31,2.795,662970361.16,3.4056,23.694685,1.219335,MACD_KDJ_RESONANCE,1,3.1614999999999998,3.065166666666667,3.0916266119166664,65.02825467440263,0.03634239078438206,0.025134903345525313,89.17680063569208,81.7430739726947,104.04425396168682,229749645.3155,110348339.6,349965471.03499997,0.06769230769230775,0.07987602631722024,0.11073825503355716
sh.603530,,2026-02-27,60.17,10.0,660393540.89,2.6013,69.79479,15.911064,UP_TREND,1,48.375,44.6785,40.79083333333334,81.65101586017644,2.423370843661054,1.449356671403505,93.9356649926302,87.61367738942084,106.57964019904887,303473686.29766667,5487503.95,270416920.2285,0.09555690809494828,0.3467327685575836,0.50124750499002
sz.002213,,2026-02-27,28.39,4.0689,657875555.08,11.5087,-228.906451,12.052185,MACD_KDJ_RESONANCE,1,27.048000000000002,27.393166666666666,24.995166666666666,56.83822434111044,-0.2359748380076958,-0.4111698612128761,87.84131789191662,81.18155846004034,101.16083675566918,831073088.2933333,17808487.7,490002025.79850006,0.19609079445145017,0.03638985391733951,-0.06519591702337835
sz.002141,,2026-02-27,4.31,-2.0455,656451105.23,14.7571,-61.558934,5.352164,MACD_KDJ_RESONANCE,1,4.019,3.8943333333333334,3.9170000000000003,64.32567203228294,0.07417798667792663,0.039588406291122855,75.37307966544665,66.36353164655894,93.39217570322208,137378018.39033332,47153678.25,195151455.36550003,0.1601830663615561,0.10673628348882991,0.06419753086419755
sh.600637,,2026-02-27,11.49,1.4122,653667400.37,1.6973,78.578827,1.29384,LOW_VAL_BLUECHIP,1,11.564499999999999,10.983833333333333,10.157446243166667,49.292750813798335,-0.03876664920099415,0.023201999990311303,27.109843868444806,26.331269988042507,28.666991629249395,1303954589.687333,88693989.05,1038516649.5155001,0.2774528914879793,0.046082879383336106,0.17364657814096018
sh.603163,,2026-02-27,145.74,1.8662,652144759.2,4.4795,107.196207,13.093982,UP_TREND,1,113.671,84.51433333333334,64.73677564883333,76.20255444236857,14.328749698933493,11.684613996330615,92.02204044411135,90.95587066261166,94.15438000711077,424079419.0058334,4627738.05,514691022.8535,0.20158286778398518,0.7244412190437124,1.854289071680376
sz.002757,,2026-02-27,23.59,1.3316,649757045.53,9.7983,-23.988808,3.491711,UP_TREND,1,22.436,19.95633333333333,18.967998426,56.65609627867943,0.7876252962794688,0.7993148581272665,39.76682138794119,43.79477946356143,31.71090523670071,705874237.8950001,40372489.45,912701439.5684999,0.26629629629629636,0.1820808765805344,0.3580886586067933
sz.002970,,2026-02-27,82.04,-0.834,639267843.94,6.295,43.108968,7.704122,UP_TREND,1,69.311,57.01716666666666,51.96761116533333,74.16569660556019,6.652393633366984,5.879256174107974,79.48694599049426,78.31653268229866,81.82777260688547,447990827.9321667,9933125.55,685576720.6565,0.07229647630619684,0.4388649032601295,0.7059679767103348
sz.000987,,2026-02-27,9.64,2.0106,639084036.38,1.3288,13.4895,1.528084,LOW_VAL_BLUECHIP,1,9.983999999999998,8.889999999999999,8.301549789583333,49.756544418067776,-0.03064339074041733,0.08248530574663739,39.5091967660762,26.51954491270056,65.48850047282748,967817262.0316666,92135929.15,966934543.5705,0.20273738237810088,0.08436445444319474,0.34075104311543813
sz.002145,,2026-02-27,5.54,2.403,636929075.77,3.0933,48.654371,1.747368,MACD_KDJ_RESONANCE,1,5.223999999999999,5.046166666666667,5.2405,63.51507844778982,0.07396550315024797,0.03791809740105125,83.5684602993102,76.65465033820159,97.39608022152743,350163006.2021667,95728746.9,505075240.641,0.09854014598540146,0.09786306437229575,0.1260162601626016
sh.601118,,2026-02-27,7.68,1.992,632733377.12,1.9258,113.834494,3.390089,UP_TREND,1,7.144500000000001,6.282666666666667,5.913749999999999,61.7697965125843,0.34932639065130644,0.3087567969012536,70.12660834205451,69.19502316994786,71.98977868626781,666128311.7561666,130257549.5,940825742.2850001,0.14285714285714288,0.22241086587436332,0.3426573426573427
sz.002432,,2026-02-27,44.39,1.4165,626664260.65,3.2296,10.925691,0.930193,UP_TREND,1,42.5065,41.57533333333333,40.871833333333335,60.934020566123564,0.6148825469990697,0.35307294190551036,59.63901395982066,59.78158813634623,59.35386560676952,415147647.1321667,13987031.2,604707712.505,0.07344247385175073,0.06770039927521121,0.061707725424539506
sh.600246,,2026-02-27,12.43,1.0569,625898455.86,2.6922,-66.936394,4.603101,MACD_KDJ_RESONANCE,1,12.2245,12.591833333333334,12.525,53.19500201951123,-0.19321932975091016,-0.23371882356147008,72.8498044525559,56.71751192334175,105.1143895109842,1287238590.7273333,59898228.8,751761830.0565,0.19501779359430604,-0.012852245503037762,0.07805724197745012
sh.603876,,2026-02-27,20.41,-0.9704,617495735.48,3.2494,49.483571,2.593909,UP_TREND,1,18.0195,15.566,13.715911475833334,69.20427394821164,1.249624696294152,1.054380854751861,75.3316512004906,78.62566446719988,68.74362466707203,567910345.9024999,40126697.2,727501465.745,0.11751824817518244,0.31119105743286646,0.5007352941176471
sh.600699,,2026-02-27,27.99,0.1073,615765687.32,1.6277,38.10189,3.030495,MACD_KDJ_RESONANCE,1,28.333,28.835500000000003,29.029583333333335,44.75835401013181,-0.45714389501842234,-0.4829213895527964,55.56942890561041,54.68065622830376,57.3469742602237,1524315457.3985,32168807.05,924012954.4875,0.16814429837970038,-0.029321496072549635,0.062239089184060514
sh.603191,,2026-02-27,25.4,-0.7813,615206017.4,7.4139,91.374762,3.378505,UP_TREND,1,21.716,17.749499999999998,16.870583333333332,70.80177866026206,1.9211829225503791,1.6091031320392672,88.87570901409151,89.0602540300796,88.50661898211533,353153644.7776667,30048386.55,654551549.2565,0.08305804624823036,0.43102622609087593,0.7185385656292287
sz.000811,,2026-02-27,20.41,-0.9223,613721218.94,3.0845,34.7923,3.29572,UP_TREND,1,17.598000000000003,16.758166666666668,15.300333333333333,70.51719059834898,0.8238854030761722,0.47385921788290325,92.37601849538484,90.36546728115286,96.39712092384877,697009606.671,33733695.85,596209787.7105,0.16044776119402993,0.21791365403932406,0.5129725722757599
sz.000617,,2026-02-27,9.09,1.0,597964457.64,0.5214,26.681692,1.095822,MACD_KDJ_RESONANCE,1,8.974,9.194509744,9.864105440666666,50.61925814774912,-0.09158311189912105,-0.12155958249406199,78.44153148459912,66.80481063437007,101.71497318505723,873111291.4183334,60236441.4,542541258.2584999,0.12774451097804385,-0.01136653795687137,-0.0035986115851477374
sh.603980,,2026-02-27,8.07,-2.0631,597704998.02,10.7647,96.572513,1.40661,UP_TREND,1,7.082499999999999,5.8455,5.700500000000001,66.6009077276889,0.7274233664654481,0.6475201144790078,60.615807007191805,67.21994583819935,47.40752934517673,,,,0.10779816513761471,0.3805491403643828,0.5255198487712667
sh.600505,,2026-02-27,15.39,3.7062,597086760.21,10.6757,357.297265,4.599561,SMALL_GROWTH,1,14.084,13.514000000000001,13.552250000000003,74.39629948002181,0.2933946672036676,0.17267851769855427,78.53460789931336,75.9095006669615,83.78482236401706,131230187.37249999,11691755.4,167998691.51799998,0.057044673539518906,0.13881900251590928,0.22142857142857153
sh.605006,,2026-02-27,10.61,-4.4144,586180695.5,9.2157,553.331526,2.537401,SMALL_GROWTH,1,8.834,7.8308333333333335,7.849,69.67222884259495,0.802399203824681,0.5581747853052949,81.20146605032124,83.94603734275354,75.71232346545665,149329796.12483332,34224914.3,326394111.3005,0.07450980392156861,0.35490050015962527,0.4337837837837837
sz.002339,,2026-02-27,12.08,-1.7886,571700573.34,10.0721,131.226176,3.533573,UP_TREND,1,12.0785,10.100333333333333,9.125833333333333,55.031526223278526,0.5018823026576644,0.6147109042605557,33.32849307959694,36.05237968611401,27.8807198665628,582216320.7070001,70278613.5,849887471.831,0.11454102355808286,0.1960001320088447,0.5408163265306123
sz.002236,,2026-02-27,19.26,0.0,571581878.94,1.4079,16.423286,1.656143,MACD_KDJ_RESONANCE,1,19.152499999999996,19.23992341666667,19.301805587833332,50.75478743626546,-0.12836929247090723,-0.1672099409294121,87.95696559743712,84.22006979962671,95.4307571930579,859381043.3104999,47223941.75,910847487.7045,0.12076372315035788,0.0010434856157452987,0.032988240245192424
sh.603663,,2026-02-27,47.83,4.8904,571064020.41,2.8744,263.629014,15.312535,UP_TREND,1,43.01,37.73416666666667,33.359833333333334,69.54816730588826,2.306547146411198,2.116034349418159,84.4852881369867,78.59252465062904,96.270815109702,477118033.3255001,13712657.95,588410642.1345,0.11896162528216696,0.2675515116715619,0.5276269562440115
sh.603331,,2026-02-27,18.22,-3.0335,570820579.72,15.4891,51.637919,2.776734,UP_TREND,1,17.225,14.144333333333332,12.7205,57.172336199399965,1.4121645645223992,1.3387473031116772,41.16795634431192,58.27359074052011,6.956687551895527,304242580.76633334,37510491.85,658359401.5825,0.14460093896713624,0.2881483750854288,0.5912663755458516
sz.002064,,2026-02-27,12.41,-0.8786,569998592.67,0.9349,36.947018,2.285106,UP_TREND,1,12.400500000000001,11.24,10.053776508833334,53.12900010306721,0.16763686178931536,0.20898114972168977,61.89246179650493,65.90387894416423,53.86962750118633,512446185.4941666,54684493.35,676954116.2735001,0.16860465116279072,0.10409252669039137,0.3533260632497275
sh.600754,,2026-02-27,28.28,5.9176,567813658.33,2.2331,54.685311,1.903599,UP_TREND,1,27.2075,26.085333333333335,24.836499999999997,59.19541489573344,0.31286446020277836,0.35470723387494135,56.36798269161023,45.487610560217284,78.12872695439613,335816291.2831667,12508097.35,342511570.1885,0.10828025477707008,0.08413412390104269,0.09020817270624515
sz.000983,,2026-02-27,7.34,2.6573,561722712.85,1.3612,24.569481,1.13535,MACD_KDJ_RESONANCE,1,7.05,6.806333333333334,6.990009237500001,59.4396700388038,0.09027537625989268,0.07082784748525871,82.1388134864392,72.77163343612166,100.87317358707429,405866737.0815,93067857.5,657635573.258,0.08618331053351572,0.07840736568881912,0.08740740740740738
sz.002250,,2026-02-27,18.84,3.8017,561182956.73,3.3548,43.869206,2.54678,UP_TREND,1,17.785,15.152166666666666,13.452166666666667,67.77624037067956,0.5779405102726862,0.6395867994111913,70.32392889012954,59.416811823185675,92.13816302401726,609899472.9764999,32608078.6,583840097.7195001,0.10826666666666673,0.2433865343790218,0.5557390586292321
sz.002286,,2026-02-27,11.12,-4.2205,560990265.8,13.8066,29.370007,1.921713,SMALL_GROWTH,1,10.372499999999999,9.633000000000001,9.8865,64.03662677835541,0.3453664888105745,0.27199879984065223,72.81445471836884,75.21944300552688,68.00447814405274,142796704.52966666,20085674.95,209457093.9105,0.06176470588235285,0.15436520294819878,0.24384787472035785
sz.002510,,2026-02-27,8.11,-3.1063,558792966.47,6.8239,144.647415,3.293984,UP_TREND,1,7.708499999999999,7.469166666666666,7.159666666666667,57.21019095072972,0.20331010739446764,0.1256639751976576,49.107085655937055,58.31573200715238,30.689792953506412,,,,0.11887254901960781,0.08579716612741262,0.2671874999999999
sh.600509,,2026-02-27,9.07,2.2548,557088762.94,4.5154,96.79862,1.603417,MACD_KDJ_RESONANCE,1,8.566500000000001,8.627,8.431166666666666,63.47996806761995,0.01131559004283389,-0.04727485387916645,82.2952178592115,70.33401516889236,106.21762323984979,374270401.7775,35219047.85,304763573.80499995,0.11278195488721812,0.05135041149878283,0.06580493537015286
sz.002534,,2026-02-27,20.92,2.2983,554876065.26,3.2491,90.660858,3.279742,UP_TREND,1,18.7215,17.354333333333333,16.630916666666668,65.35393915432826,0.7059284292709904,0.5274121115729965,86.10672205695225,78.43162413969537,101.45691789146599,325522585.23866665,23144402.35,437432884.0165,0.10348468848996836,0.2054626126039607,0.4049697783747481
sz.002245,,2026-02-27,17.52,0.0,554726688.65,2.9326,28.110709,2.730103,MACD_KDJ_RESONANCE,1,17.312,17.1535,17.724,52.62921170581075,-0.08975054948053796,-0.15785152422250961,79.29350825909401,79.28609620215057,79.30833237298089,805581762.196,46557978.9,827808433.7770001,0.16734486266531023,0.021365902002506765,0.08955223880597019
sh.603936,,2026-02-27,13.44,-0.0743,552927435.07,6.6265,-34.329086,1.93717,UP_TREND,1,12.4255,12.0565,12.049249999999999,65.2637190054312,0.20182846063894466,0.057179759908246496,92.73425101198634,89.37432298094124,99.45410707407657,448769996.2156667,31223212.95,393072589.7025,0.1287650602409638,0.11475137892423182,0.26912181303116145
sh.603225,,2026-02-27,21.23,-0.1881,550016794.67,1.673,27.283936,1.905963,UP_TREND,1,21.0535,19.353166666666667,17.68275,52.85746918819176,0.3896275427694036,0.42702840113186324,51.88038341697032,58.49957619890367,38.64199785310362,325091895.0211667,20006011.5,422427736.78599995,0.11837655016910925,0.09697810005253227,0.28510895883777243
sh.600552,,2026-02-27,15.04,1.2795,548074215.7,3.8755,90.490272,3.341932,UP_TREND,1,14.873000000000001,13.101666666666665,12.70775,57.10269066423679,0.2756941912755906,0.3672093663309256,50.65290843683216,40.17547158192886,71.60778214663878,564758774.3840001,47318513.15,713491402.0625,0.09215686274509804,0.14794555400076326,0.3309734513274334
sh.601015,,2026-02-27,4.97,2.4742,547909213.09,5.444,-8.041925,1.800319,UP_TREND,1,4.600499999999999,4.111166666666667,4.051166666666666,60.29247938358793,0.22958235807103122,0.22189338609659331,52.310485238363256,49.40197856985913,58.12749857537152,329688698.53866667,133999567.65,631516775.6565,0.16397228637413394,0.208902582397535,0.22716049382716053
sh.600398,,2026-02-27,6.48,4.0128,539639508.13,1.7543,14.726341,1.727849,MACD_KDJ_RESONANCE,1,6.2005,6.185666666666666,6.3574166666666665,61.75953179068276,0.02671760685709934,0.006840458923209489,73.41008110036472,61.87769642614212,96.47485044880992,222486429.14283332,43726308.4,271764218.4745,0.048973143759873695,0.04758312227191919,0.0640394088669951
sz.002162,,2026-02-27,5.57,-3.9655,536996646.19,10.5403,-46.164321,6.236866,UP_TREND,1,5.2895,5.066333333333334,4.765416666666667,56.645885191405675,0.15492673398029932,0.12987948715491332,68.32982081797257,69.75421012043947,65.48104221303879,247492240.39650002,35886079.45,191966159.3105,0.15999999999999998,0.09941443516020798,0.17510548523206748
sh.600545,,2026-02-27,3.42,0.2933,534659751.82,8.7283,-24.779886,1.913604,SMALL_GROWTH,1,2.799,2.698,2.842833333333333,72.11416127176824,0.18499086164510015,0.09612644965685813,81.96030749170924,82.16000145725843,81.56091956061087,125249365.61616667,86764702.55,264136159.1645,0.12186379928315406,0.267605633802817,0.25735294117647056
sz.001979,,2026-02-27,9.91,-0.9,533868082.39,0.6405,22.706945,0.900366,LOW_VAL_BLUECHIP,1,10.3225,9.491833333333336,9.537916666666666,47.113344185318866,0.1607768223690691,0.2671776943745509,12.029024467909307,17.45974533432412,1.1675827350796837,650202007.6166667,74343721.3,770145882.5685,0.10094637223974753,0.04405541605941932,0.031217481789802326
sz.002356,,2026-02-27,4.22,9.8958,532619622.44,9.9376,138.495013,8.908344,MACD_KDJ_RESONANCE,1,4.0095,4.105666666666667,3.85425,57.977031961986285,-0.04096373344866233,-0.04933569730447554,60.08865552346981,39.671040652488145,100.92388526543314,336519110.4593333,50091150.35,203121285.8025,0.18895966029723996,0.02784769018429789,0.029268292682926855
sh.601799,,2026-02-27,152.61,0.3023,530814165.98,1.2225,27.731886,3.93837,UP_TREND,1,142.72750000000002,130.58016666666668,128.21581433025,66.5159394468094,6.696369934554866,6.265947838603067,64.84204357215222,65.65244547036477,63.22123977572713,447550686.036,6100542.75,863168738.511,0.0795918367346939,0.16870734580672653,0.2366096750668505
sz.000593,,2026-02-27,15.74,9.993,527072395.19,9.8684,3791.208558,6.455818,UP_TREND,1,15.0575,13.278333333333332,10.68175,56.73766990568089,0.2146672801769718,0.2486288384958602,63.432055083962766,56.84739500160025,76.60137524868779,425018555.8036667,23208468.45,355943813.80899996,0.26269315673289184,0.18538973264716962,0.44403669724770634
sh.603155,,2026-02-27,20.5,-0.2433,523008238.37,7.9016,68.752475,2.981133,UP_TREND,1,18.0875,18.005499999999998,17.19727866025,74.37554788534352,0.6035812879760769,0.2251217706825216,78.0519045627285,81.64827993022007,70.85915382774533,159998099.89916667,8140404.25,155354879.748,0.16044399596367304,0.13854100136069558,0.13762486126526086
sz.002531,,2026-02-27,10.12,-2.5048,520232613.32,2.8538,-1039.801527,2.024001,SMALL_GROWTH,1,8.761500000000002,7.562166666666667,7.5840000000000005,74.71457287596817,0.7223984524860629,0.604342232522538,80.73368226710434,84.10994792862545,73.98115094406214,283916907.5511667,60748700.2,532188576.241,0.06911142454160793,0.3382408040023801,0.45402298850574696
sh.600540,,2026-02-27,5.38,-5.7793,517302464.36,16.6835,-13.476912,7.170925,MACD_KDJ_RESONANCE,1,4.9885,4.7815,4.824416666666666,62.977841513654404,0.1333291990021177,0.07576464303892762,74.2347475759268,69.52199276824254,83.66025719129533,80092970.9215,24515683.4,124559817.53599998,0.0879345603271983,0.1251699257555159,0.12552301255230125
sz.000703,,2026-02-27,12.84,2.6379,514144974.86,1.1244,197.582219,1.98539,UP_TREND,1,12.322500000000002,10.311833333333334,8.517583333333333,62.789189615191425,0.5848120039190334,0.6607196464503446,40.865060680463834,48.678356218671034,25.238469604049428,489876837.0096666,40430590.55,495780726.8495,0.10414201183431941,0.24517140502012236,0.8474820143884891
sz.002348,,2026-02-27,8.08,5.0715,511144436.0,7.0861,-220.377817,17.190185,UP_TREND,1,6.5105,6.159833333333333,5.172333333333333,83.1020025714925,0.38755216651002034,0.20255696755960076,94.60281677174453,92.40056194919693,99.00732641683973,,28600438.0,192347298.441,0.15066469719350067,0.3117238020509212,0.6798336798336799
sz.002545,,2026-02-27,27.24,3.1818,511127006.3,1.6543,36.596437,3.588493,UP_TREND,1,26.9015,21.826666666666664,18.045416666666664,60.08857313223532,0.9746385326663152,1.2319391626758212,63.82177578840995,59.09485261349466,73.27562213824054,443308583.2911666,22663326.0,614543439.008,0.15113520840393088,0.24801466096518032,0.6311377245508982
sz.002208,,2026-02-27,15.56,0.8425,507855282.76,4.0796,-67.954279,1.944238,UP_TREND,1,14.649499999999998,12.984000000000002,11.48,59.174415345393065,0.6012417559139092,0.534637090752308,56.680156059774106,62.59457760783513,44.85131296365206,883381731.7898333,54763791.95,808225961.8045,0.1702127659574468,0.19839802834257525,0.39676840215439846
sh.600775,,2026-02-27,14.83,1.7147,506281961.38,5.1189,-75.439842,4.481765,UP_TREND,1,14.468,13.528833333333333,12.645166666666666,54.82490202056377,0.0933844075068393,0.10050389481056869,83.76532914492049,78.64456816682821,94.00685110110504,816975789.0536667,40134822.35,584069021.661,0.2896622313203684,0.09617730033385485,0.34940855323020936
sh.600598,,2026-02-27,16.08,1.5152,501878057.86,1.7637,26.067615,3.486758,UP_TREND,1,15.825999999999999,15.297666666666665,14.988166666666668,57.24409169820229,0.06810884319849286,0.06947801033046686,76.91280235362656,61.35826798273378,108.02187109541214,492541681.9718333,49139587.5,793000579.3675001,0.1297142857142857,0.05114069683829792,0.07774798927613924
sz.002606,,2026-02-27,13.17,-0.7536,499370172.98,9.0017,33.825315,3.178106,UP_TREND,1,11.809,10.044500000000001,9.566769054583334,69.94722514878681,0.7477645610095749,0.654597724649706,83.19945801006233,79.7536569329793,90.0910601642284,290556613.78183335,46562201.6,551675329.626,0.07475884244372988,0.31116531435113726,0.47811447811447816
sh.605196,,2026-02-27,47.13,-2.6843,497748534.0,2.0598,80.593737,7.296148,UP_TREND,1,44.018,38.11116666666667,33.022,62.84538661539466,2.3449015732863714,2.1649893673530487,70.78549641063769,73.6454259007017,65.0656374305097,483630647.7074999,12772437.45,557916443.5274999,0.16595517609391663,0.23664542763057206,0.429481346678799
sh.600258,,2026-02-27,17.46,5.3076,497424953.46,2.581,23.269653,1.61789,UP_TREND,1,17.0705,16.64483333333333,15.83175,56.689969866502956,-0.05861762913270141,0.0011111280088478889,52.251951666153815,34.23063175425427,88.29459148995291,321218882.03816664,19012761.6,325765101.33599997,0.09632516703786194,0.048974156144549585,0.11779769526248418
sh.603897,,2026-02-27,30.64,10.018,495795922.78,8.0883,24.127819,2.630301,UP_TREND,1,27.058999999999997,26.793499999999998,26.34398626825,73.96823923317899,0.37508814308427674,0.062328820007797076,96.13174090081397,92.60199904990685,103.19122460262821,134742203.44116667,4581069.7,125673261.39450002,0.11011699931176873,0.14356093828727134,0.17936874518860657
sz.002733,,2026-02-27,22.14,0.6364,494228772.32,6.1226,100.373824,3.095848,MACD_KDJ_RESONANCE,1,20.422,20.361333333333334,20.984666666666666,66.65448749974146,0.1776544543155829,-0.053548963408381146,82.06966493072039,66.83266197059108,112.54367085097903,218320871.25433332,9771262.1,203757687.399,0.10499999999999994,0.08735511754305536,0.09279368213228034
sz.002255,,2026-02-27,13.18,-0.1515,493935738.88,5.9014,24.016681,2.473617,MACD_KDJ_RESONANCE,1,12.4545,12.683833333333334,11.270076506666667,58.75176250168639,-0.018163679567562596,-0.1305505672587906,88.8993125611355,81.88117932342224,102.93557903656202,912392801.7921668,28226723.25,354792321.05799997,0.1997336884154461,0.039118037396685956,-0.010510510510510551
sh.603088,,2026-02-27,13.54,-0.6603,489390896.18,8.3633,55.854881,6.214218,SMALL_GROWTH,1,11.9315,10.986333333333334,11.068000000000001,74.57843785511137,0.6055693678538052,0.40319918137579075,81.34295361346707,81.67791536008343,80.67303012023436,189369610.32983333,20720348.45,256753085.20450002,0.11668036154478224,0.2324403046208925,0.32615083251713983
sz.002207,,2026-02-27,11.29,-1.8261,487854140.24,16.5739,-91.098794,83.51665,UP_TREND,1,10.361,8.758999999999999,8.470916666666666,61.70827660962032,0.6590998835075901,0.5962428619330049,69.76833942490917,70.69675036529972,67.91151754412806,328976594.48349994,52755281.85,548628916.9255,0.18317972350230413,0.2889599269322982,0.3972772277227721
sz.002249,,2026-02-27,10.89,0.647,487532236.41,2.4268,25.277894,2.737952,MACD_KDJ_RESONANCE,1,10.842,10.817666666666668,10.667224072000002,50.95588904281212,-0.032429762930421546,-0.03390377229824362,63.82864703763392,58.20046082103669,75.08501947082839,1126744763.8393333,65999291.15,724015954.95,0.12207357859531778,0.0066865929189905415,0.08466135458167345
sh.603393,,2026-02-27,34.07,5.8732,486871000.91,3.4114,12.908877,1.606981,SMALL_GROWTH,1,30.256,28.34016666666667,28.7835,72.75785391735207,0.964388149891203,0.6056763288146434,91.21874565942608,85.50589310223256,102.6444507738131,205794150.3,11983912.1,365572378.1615,0.09615384615384606,0.20218065054898515,0.247985347985348
sh.601918,,2026-02-27,7.74,2.7888,484862484.04,2.4414,9.712788,1.220138,UP_TREND,1,7.270281152,6.9706801705000005,6.859076493416667,65.09695421946252,0.17046361951691047,0.1324817135788822,86.54086629297035,82.2914981546149,95.03960256968125,362599453.6245,70602343.95,515095770.0095,0.06267806267806275,0.11036510221136964,0.13281301133920653
sz.002120,,2026-02-27,7.12,2.5937,483466230.28,2.4153,16.70063,1.014149,MACD_KDJ_RESONANCE,1,6.935,6.9165,7.235,60.81758702896625,0.002716763068328909,-0.009863623297162071,64.57646520309937,52.92017355939332,87.8890484905115,173980381.89183334,29158801.05,202808099.486,0.04513399153737663,0.029422395720378747,0.009929078014184523
sz.002296,,2026-02-27,15.13,3.9148,481506273.7,9.3571,19.47395,2.453811,UP_TREND,1,13.6655,12.053666666666665,11.622083333333332,73.81663126984445,0.6373040386345945,0.5561389469483633,90.4864991440605,84.49159409740662,102.47630923736824,289969134.72999996,29153167.45,399791561.15250003,0.0775924583031181,0.2552197118442523,0.4260131950989634
sz.000778,,2026-02-27,5.24,1.7476,480355710.03,2.357,54.164422,0.793101,UP_TREND,1,4.96,4.436166666666667,4.221916666666667,67.59816921568992,0.17494919151126354,0.1751779479332851,72.49976984675983,64.7702708307454,87.9587678787887,336502867.79433334,104466506.0,517692916.0415,0.06370656370656372,0.1811999849720103,0.3232323232323233
sz.002544,,2026-02-27,31.85,0.0314,480140253.96,2.2132,2064.680334,5.801134,MACD_KDJ_RESONANCE,1,31.794,32.279833333333336,29.132083333333338,48.584172494443635,-0.4232289096711952,-0.4574805164608645,64.08071688216344,52.30473922344275,87.63267219960483,1252821525.053,16815144.7,541673028.9395001,0.2500611695620259,-0.013315847355676147,0.2041587901701325
sh.603103,,2026-02-27,26.37,0.19,477598518.45,2.8622,181.312788,12.174469,SMALL_GROWTH,1,28.773999999999994,20.952333333333332,18.6299901095,48.39593682565707,2.4973420667941326,3.518972442758182,7.074485749994887,15.729029678272411,-10.23460210656016,278428018.26166666,19977261.1,609574645.058,0.3486760702796337,0.2585710422069143,0.5847355769230769
sh.603031,,2026-02-27,56.79,-2.8068,476965660.75,4.0053,75.999518,4.807974,UP_TREND,1,54.8627730415,48.21133767516667,43.75609915308334,55.00960965026518,2.1407880146383675,2.2963515168952213,41.64599563109235,46.093226552790746,32.75153378769555,524721067.42316663,9666840.8,538554509.9484999,0.1276306856754923,0.1779386911567098,0.549536399405254
sz.000893,,2026-02-27,56.5,0.6054,472665403.52,1.0321,29.082539,3.998736,UP_TREND,1,55.975,51.048,45.149499999999996,56.11501112907727,0.9583444413998734,1.0921712453632186,64.80175890549066,66.40251245969716,61.60025179707765,595262562.0415,12340331.95,693244374.2365,0.13095634788403876,0.10680144178028517,0.36111780293905094
sh.603260,,2026-02-27,51.3,0.1953,472470462.9,0.78,-1712.960016,1.894647,MACD_KDJ_RESONANCE,1,50.548,52.60766666666667,52.44949999999999,50.813192629581174,-0.5571530357069463,-0.9015980007661479,61.38818063143119,60.35202068640211,63.46050052148934,655319409.8753333,11091627.35,567248141.206,0.17429269996507155,-0.02485696001216553,-0.10031567870922498
sh.600783,,2026-02-27,24.1,-0.207,472272590.28,2.6253,103.943612,3.787947,UP_TREND,1,23.925500000000003,21.933833333333332,17.900666666666666,50.241869699621354,-0.1789958389474542,-0.07102022964170603,61.82588559306011,51.32676191500661,82.82413294916712,888776644.1835,30938727.95,754285131.114,0.4219066937119675,0.09875914682796005,0.678272980501393
sh.605178,,2026-02-27,69.01,-4.1395,470461258.5,6.8856,-28.243509,5.594196,MACD_KDJ_RESONANCE,1,66.83250000000001,60.15516666666667,52.04783333333333,56.162720272926535,1.9828975418957526,1.7645355529296831,60.696945658405575,60.61404224808662,60.86275247904348,398756242.27383333,4512092.05,307496582.94949996,0.18441767068273088,0.1471998803095329,0.1320538057742784
sh.600409,,2026-02-27,8.67,-0.3448,464996875.32,2.5842,79.209305,1.287307,UP_TREND,1,7.8265,6.819333333333333,6.3429166666666665,66.60496654540813,0.44494861714813894,0.37452193456036786,81.8919808605219,81.38547319655936,82.90499618844697,386481091.42450005,67172669.65,527920439.61849993,0.10243902439024379,0.27138527715319194,0.46949152542372863
sz.002595,,2026-02-27,96.5,-1.0155,464799520.66,0.6074,32.398533,6.779392,UP_TREND,1,89.187,83.35866666666666,72.61483333333332,63.52417006542783,3.568301612471984,2.8363783041689175,80.98647303922236,78.47933293799716,86.00075324167278,369812485.42516667,5271219.6,471974333.88,0.08039460256264887,0.1576480749852045,0.4650068316380749
sh.600416,,2026-02-27,14.89,-0.3347,463264814.52,2.3439,77.998672,2.274449,MACD_KDJ_RESONANCE,1,14.722999999999999,14.711,14.977,50.52161375531269,-0.14161981965475867,-0.19100295144836768,53.074265831642116,51.519109923179585,56.18457764856717,568142532.6855,29670099.65,441535040.897,0.19288174512055115,0.012167765617565163,0.0750902527075814
sz.002785,,2026-02-27,47.88,4.291,461584625.58,5.0771,-197.76758,12.226505,UP_TREND,1,45.658,39.576499999999996,36.704416666666674,63.68349262768398,1.9452938559692257,2.170604778346951,60.60467522566899,53.921965690065235,73.97009429687651,405095019.01299995,12951733.4,586645879.869,0.13151750972762646,0.20980885121220938,0.2993215739484396
sh.601808,,2026-02-27,16.87,-0.0592,459247128.95,0.9215,20.631591,1.750891,UP_TREND,1,16.191499999999998,14.902833333333332,14.502999999999998,60.59542872331641,0.46264005989391777,0.3986350634354592,73.9782384450551,74.61660473337002,72.70150586842524,328102843.8353333,35274378.8,577279464.2394999,0.10168506682161534,0.13199950792354942,0.19138418079096042
sh.603958,,2026-02-27,21.66,4.3855,458085227.5,9.7105,-64.690564,6.900856,SMALL_GROWTH,1,18.8685,15.653666666666668,16.02675,69.87438661549535,1.5036268923909653,1.5158478305187015,53.53470578190313,43.24219440799447,74.11972852972043,155148196.01483333,17063703.05,322468005.01750004,0.2407519708914493,0.3837013692212685,0.3403465346534653
sh.600339,,2026-02-27,4.24,1.1933,457876686.11,1.9427,44.956792,0.883608,UP_TREND,1,3.9869999999999997,3.5934999999999997,3.5823586655833335,62.455626621634714,0.15441666916077823,0.1381216998303664,74.19604505619054,72.09927497099177,78.38958522658808,288816178.80766666,145029634.9,587614871.4944999,0.10697674418604651,0.17990816752469763,0.2619047619047621
sh.600850,,2026-02-27,28.61,1.9964,457365422.86,2.3621,38.674114,4.002656,MACD_KDJ_RESONANCE,1,28.090000000000003,28.53533333333333,28.161723722416664,51.76110986029572,-0.3101675477100727,-0.39501065161054955,78.31432073442565,72.89973442534787,89.1434933525812,535746322.3029999,12511837.6,355233582.623,0.23459581684567563,0.0026166390206294743,0.09073579870377424
sz.002041,,2026-02-27,11.11,2.302,456662129.97,4.7076,187.887517,2.698433,UP_TREND,1,10.6565,9.928833333333333,9.743583333333333,63.454709335900276,0.2162478011219502,0.2299386501736979,63.34466559999133,44.891369241165165,100.25125831764365,229638982.48316666,45863199.85,499541123.15749997,0.1194158075601375,0.11896328873818662,0.14536082474226797
sh.600761,,2026-02-27,22.22,-1.8118,454726829.0,2.3004,15.680732,1.83633,LOW_VAL_BLUECHIP,1,22.414499999999997,21.284666666666666,20.94459678,50.55933364174191,0.27149437872526505,0.29727877960840915,55.89940546542499,65.47308139291721,36.752053610440555,483175166.3143333,26959472.15,607494051.292,0.11779661016949157,0.04394399724371212,0.16031331592689302
sz.002299,,2026-02-27,19.3,3.3191,448775393.87,1.9265,15.989668,2.112154,SMALL_GROWTH,1,17.7055,16.728123892833334,16.766492159416668,73.09854731707426,0.5656108981556791,0.4532610264129273,88.12546883747922,82.98985166114562,98.39670319014641,236573364.29183334,18553905.9,328264273.177,0.04100106496272628,0.1537456395973078,0.21656149003019176
sz.002416,,2026-02-27,14.32,0.2099,448543301.29,2.5736,45.080953,3.047429,UP_TREND,1,13.383000000000001,12.758999999999999,12.486083333333335,66.34494816794088,0.28052086613064375,0.18793872813005233,84.7618463164699,79.60353447270829,95.07847000399312,337412541.5738334,26602989.65,359363131.4865,0.09149855907780989,0.12234501136452725,0.2074198988195617
sz.002925,,2026-02-27,23.53,3.3831,447760718.36,2.6493,70.493033,3.89986,UP_TREND,1,21.044500000000003,19.603166666666667,19.245166666666666,73.71138663789613,0.7580772438673513,0.5488773729649168,90.99075570646738,87.63790227140521,97.69646257659173,433559912.4946667,14514386.75,306463442.70800006,0.16468842729970318,0.2003162754316905,0.2964187327823693
sz.002366,,2026-02-27,7.94,1.4049,444267219.25,3.0451,-227.9945,3.618963,MACD_KDJ_RESONANCE,1,7.699499999999999,7.680833333333334,7.8029166666666665,55.23143094771615,-0.03321444098253412,-0.06743782165545706,89.1052680856772,80.55344404363956,106.20891616975246,674611182.8511666,51655441.4,401152365.486,0.19284940411700977,0.033741998481067625,0.08321964529331516
sz.002654,,2026-02-27,15.27,-0.4563,442817133.72,3.4514,225.635157,8.247684,MACD_KDJ_RESONANCE,1,14.837,14.543,14.764166666666666,55.92858035063648,0.0025303880290206138,-0.1055745490604318,76.55260563451759,72.41609621737885,84.82562446879507,762067795.7068334,49491279.75,741512934.6705,0.15747549019607845,0.049989685759471936,0.11459854014598547
sh.600641,,2026-02-27,19.39,-0.3085,442512719.84,2.4731,114.292568,2.213808,MACD_KDJ_RESONANCE,1,18.5785,17.938833333333335,18.025833333333335,57.66618306946491,0.15952867546563,0.022323838443182014,85.33192217370271,78.69185601620512,98.61205448869788,569887849.4683334,31862401.45,600311136.98,0.1564027370478983,0.08089526446350082,0.14395280235988217
sh.600121,,2026-02-27,4.8,5.4945,442336724.53,7.7072,-51.9651,3.815516,MACD_KDJ_RESONANCE,1,4.430999999999999,4.422666666666666,4.547083333333333,62.163483545517536,0.03278401063470682,-0.0032591351011896346,82.4672749559867,71.94744230841938,103.50694025112134,237317714.17366666,59177514.35,263365063.887,0.13124999999999998,0.08531805848658425,0.0738255033557047
sz.002957,,2026-02-27,28.29,-1.6,441516768.7,3.7577,53.656195,3.709644,UP_TREND,1,26.609499999999997,23.09416666666667,21.471666666666668,59.10651536926183,1.5975467741110982,1.61578125650765,34.9028814982172,45.59031181510541,13.528020864440776,455343924.25616664,27754028.25,764174110.0585,0.10825396825396826,0.2249846642370006,0.4650440186431901
sz.000301,,2026-02-27,13.02,0.3082,440988819.89,0.5145,-114.562191,2.575337,UP_TREND,1,12.769499999999999,11.099,10.367416666666665,58.795724399002786,0.48615648566650904,0.5319738501514106,50.763195789710885,55.33960056574496,41.61038623764273,345528850.43633336,42030903.4,534362353.56149995,0.07866868381240551,0.17307865573475079,0.34922279792746114
sz.003018,,2026-02-27,26.57,10.0207,437890264.41,17.8696,58.223766,4.335748,UP_TREND,1,20.392500000000002,19.049,15.770083333333332,75.12506659594305,1.8588057218751644,1.2625914097688484,89.56207183267722,84.80993726213671,99.0663409737582,317281540.80799997,15568763.45,338631624.05149996,0.3632702376157873,0.39482387526904295,0.7242050616482802
sh.601001,,2026-02-27,16.95,2.9769,437313722.31,1.5463,14.670455,1.509038,UP_TREND,1,15.638499999999999,14.625833333333333,14.599583333333333,69.86379156688342,0.5682209833002361,0.4640524527739947,79.35683717588803,77.81307137852451,82.44436877061509,338827502.84233326,30231503.3,472801351.22300005,0.10054719562243494,0.15890832431200508,0.2133142448103078
sz.002095,,2026-02-27,19.7,-1.5,435780220.98,8.8502,-463.680673,5.621332,MACD_KDJ_RESONANCE,1,18.691,18.627,19.385166666666667,60.83273858692258,0.07896557656399139,-0.03703402860673702,72.2126779286436,57.56012353094063,101.51778672404956,128719232.95799999,6242317.3,118367615.504,0.16017526777020444,0.057604552531271835,-0.04089581304771173
sh.603318,,2026-02-27,8.02,10.0137,433640392.82,12.1313,-547.661004,2.592059,MACD_KDJ_RESONANCE,1,7.147,6.895833333333333,6.900666666666667,75.52372114449183,0.13220505089742485,0.07279700264234498,88.53125437768855,79.80578944534658,105.98218424237248,78991439.7995,11297863.35,82294570.85749999,0.06705539358600582,0.16302114803625378,0.19701492537313414
sh.601018,,2026-02-27,4.27,3.3898,427627543.49,0.5167,16.074871,1.043225,UP_TREND,1,4.0125,3.7983333333333333,3.7564947613333333,78.51945838453558,0.11394420511335168,0.10395223355624691,73.63447865882526,68.04135170889198,84.82073255869182,256873527.06083333,85972482.4,343090278.3865,0.044736842105263144,0.12417727073277751,0.1698630136986301
sh.603290,,2026-02-27,108.82,-1.0097,421871117.12,1.623,55.899171,3.768458,MACD_KDJ_RESONANCE,1,107.31649999999999,101.47,103.55775,55.84445480858439,1.239368892315241,1.1269083632422339,77.02151481730274,74.95631962188232,81.1519052081436,510401340.5611667,6142168.7,664095329.6340001,0.10765487879051178,0.07243520252291313,0.15852230384328747
sz.002150,,2026-02-27,27.5,0.2187,416106977.47,4.246,40.267487,4.900043,UP_TREND,1,26.190999999999995,22.400833333333335,20.305416666666666,60.04377078657286,1.5561191404629682,1.5812048138266597,52.90609903863917,61.855801986816914,35.006693142283666,508888471.5076667,26520181.15,687618761.51,0.11650485436893203,0.22763290056173502,0.4160659114315137
sz.002533,,2026-02-27,15.36,-0.7752,412856966.93,4.2313,18.604484,2.61652,UP_TREND,1,14.223500000000001,13.143666666666666,12.656166666666667,65.65140847908475,0.4844981554639176,0.38557202472060786,77.42354487694547,78.67579976766385,74.91903509550872,300507878.23516667,26790957.3,383810693.962,0.07810320781032072,0.1686236717303644,0.3218588640275388
sz.002667,,2026-02-27,21.23,5.1511,411270918.02,8.3879,-26.579305,15.751311,UP_TREND,1,20.1495,16.376833333333334,14.562166666666666,62.1911667926607,1.1851911412956575,1.2963441173346213,72.11091715902073,69.15384682271318,78.02505783163582,,24892064.4,497851727.76850003,0.22544378698224846,0.296343411933524,0.2562130177514794
sz.002553,,2026-02-27,28.47,0.8144,410896226.24,5.7835,29.203901,6.872278,MACD_KDJ_RESONANCE,1,27.933,27.189666666666668,28.569416666666665,56.57389695434917,0.1265787941739589,0.040675537091161666,86.90076132087644,80.7124097630527,99.27746443652393,396476352.06066674,15260481.5,433651736.9985,0.12183908045977014,0.047088967622503475,0.03791469194312791
sz.002735,,2026-02-27,18.43,1.8232,409432804.09,7.9734,-110.542629,4.068547,UP_TREND,1,18.2315,17.71916666666667,16.872583333333335,50.995954903576695,-0.11221100476813817,-0.11537513883462257,36.80564489157297,42.32796987742737,25.76099491986416,751635867.1313332,19631400.2,362008276.95,0.26096302665520205,0.040116634529464124,0.2369127516778522
sz.000709,,2026-02-27,2.67,1.9084,407535560.45,1.4853,28.69904,0.534421,MACD_KDJ_RESONANCE,1,2.5134999999999996,2.3960000000000004,2.4459166666666667,63.41315949147742,0.04191329936441868,0.028203431726526243,86.74642935839955,76.90074347020814,106.43780113478238,273228979.2036667,153314565.05,385931031.8755,0.09266409266409258,0.11435726210350561,0.15086206896551735
sh.600619,,2026-02-27,18.99,1.28,407528052.44,2.7549,306.643151,3.328439,MACD_KDJ_RESONANCE,1,18.8485,20.2505,21.415583333333334,46.49781173636184,-0.460294008984814,-0.5674215277954124,88.96130231408956,77.33307912251769,112.21774869723333,573569894.496,17849062.0,339739421.53,0.20456540825285338,-0.062245376657366513,-0.12001853568118626
sh.601399,,2026-02-27,5.27,-0.3781,404054603.56,1.0665,79.388886,2.568811,UP_TREND,1,5.218500000000001,5.078500000000001,4.27625,51.39366281193873,-0.024271926315058145,-0.024101601331349587,85.74227406292874,75.9559290870801,105.31496401462604,1598678374.0678334,121767653.85,642662826.3915,0.22464898595943844,0.037707984641133896,0.6018237082066868
sh.600984,,2026-02-27,5.05,-1.9417,403372028.13,6.2842,-4.880611,1.904273,UP_TREND,1,4.378,4.2855,4.071416666666667,67.74281729285883,0.23222560104544687,0.13509965270410523,81.60205880719002,81.44256943770992,81.92103754615022,265389695.9883333,68961970.75,312344527.03700006,0.21711899791231734,0.1783922529459807,0.17441860465116288
sh.603257,,2026-02-27,66.43,10.0017,402322854.72,25.0858,48.010155,3.261796,MACD_KDJ_RESONANCE,1,60.415000000000006,59.232,62.302,67.13286911498264,0.25215985678481445,-0.31326474066791965,88.54308515809593,79.50698896639452,106.61527754149876,113388464.50866668,2469684.25,155010740.9295,0.1571726811810319,0.12152215018908707,0.13014630826811846
sh.601388,,2026-02-27,4.29,2.3866,399953002.2,4.2729,243.451699,2.062393,UP_TREND,1,4.034000000000001,3.3689999999999998,3.170666666666667,64.77812237921096,0.19921570627972995,0.20706488809819013,90.75657917533749,82.18179683894687,107.90614384811875,312692508.2251667,142852209.8,580215094.1475,0.1691973969631237,0.27337488869100635,0.4844290657439445
sh.600693,,2026-02-27,13.51,0.8209,399204029.98,3.4174,255.008097,3.325697,OVERSOLD_REBOUND,1,14.627,15.381166666666667,11.133716449416669,40.75049165203091,-0.6491622024372301,-0.4892246533658271,8.08100788161105,8.072634728765095,8.09775418730296,2040560004.5380003,67045337.8,1006620444.6259998,0.39351005484460694,-0.1216531039041252,0.5369738339021617
sz.002562,,2026-02-27,7.8,-0.128,398368251.0,7.2702,81.247574,2.422434,MACD_KDJ_RESONANCE,1,7.3795,6.846166666666666,6.969416666666666,61.63104527881847,0.22960230736904386,0.2024959739634548,72.00808316182668,67.33140962678465,81.36143023191073,361029724.54300004,87157497.2,650042398.3479999,0.0675675675675676,0.13932370913163084,0.1836115326251897
sh.600967,,2026-02-27,17.35,-0.1726,398109708.18,1.3477,56.563367,2.488794,MACD_KDJ_RESONANCE,1,17.151500000000002,17.2325,18.33675,50.4310038994921,-0.1278229405095317,-0.18546586580672458,70.14859080199867,68.9737810653786,72.49821027523879,689857857.722,24783367.65,428633965.311,0.19479882237487728,0.006818511533439597,-0.018665158371040658
sz.000062,,2026-02-27,25.3,1.8519,398109376.24,1.5144,85.970887,3.848333,MACD_KDJ_RESONANCE,1,24.9795,24.962833345166665,26.6321627045,54.34316301119665,-0.12582117087065114,-0.15764082376606686,83.1038776809572,71.94998767734262,105.41165768818635,277218653.63416666,12355668.05,311979329.19449997,0.08266051518646682,0.013506746216315202,-0.01930009657374465
sh.603616,,2026-02-27,7.72,-2.5253,396450306.6,13.2645,-16.759903,12.035002,UP_TREND,1,7.140000000000001,6.009166666666667,5.805166666666667,58.74763638845531,0.5043073140339995,0.5084656908496257,42.12097300314015,42.280086202417294,41.80274660458586,,,,0.2587719298245614,0.2847039245597003,0.3310344827586207
sh.601616,,2026-02-27,5.5,-0.5425,395819397.0,8.4686,245.582103,1.929379,UP_TREND,1,5.2545,4.503833333333334,4.306,61.02368229227125,0.20084911956395413,0.20619456025973004,81.88282493256303,75.55838208658389,94.53171062452128,332861039.6278333,105451435.6,564362718.752,0.19540229885057464,0.22118195611146052,0.38190954773869357
sz.002268,,2026-02-27,20.12,1.0547,392961915.77,2.3095,107.625091,3.161337,UP_TREND,1,19.8405,19.535833333333336,18.59675,52.27293754224641,0.005819870304481611,-0.015395505272711123,39.380625032837656,43.22483522143892,31.692204655635123,561146212.9163333,17110043.55,341151159.15999997,0.1978114478114479,0.02990231625645179,0.1596541786743515
sh.601678,,2026-02-27,5.61,1.0811,392785269.55,3.4307,51.899629,1.009584,UP_TREND,1,5.4145,4.781166666666667,4.558491607083334,62.813439505570166,0.1872341264558237,0.19203062849951227,71.56147623245938,71.2425423259273,72.19934404552356,346649907.0161667,111965420.85,608567188.43,0.10858143607705781,0.17335378394394674,0.28965517241379324
sh.600038,,2026-02-27,38.75,-0.692,388836419.07,1.5005,55.609495,1.841382,UP_TREND,1,37.739999999999995,36.651833333333336,36.60633333333333,59.09989547111056,0.40257941269789654,0.2840672851528425,82.67799701184435,81.53232742553749,84.96933618445809,387782271.2683333,10194282.65,385682321.877,0.08194622279129311,0.0572458858356335,0.07340720221606634
sz.001376,,2026-02-27,20.9,3.9801,388314565.13,8.8312,55.208801,8.234753,UP_TREND,1,20.894,17.368333333333332,15.039650107833333,54.96672580589112,0.4836958900070307,0.7067799513635993,71.61933567286371,59.649627121910285,95.55875277477057,401759577.469,21816069.0,461239886.995,0.21982055464926592,0.20333941080510498,0.6315378610460576
sh.603500,,2026-02-27,13.68,0.0,388096201.39,8.4905,31.093458,4.487964,UP_TREND,1,13.518,12.439166666666667,12.114083333333333,60.65797090437968,0.20637914740654217,0.24115223653679752,67.73081172372571,66.686972224189,69.81849072279911,83774661.50033334,7332660.6,99541655.01650001,0.05781584582441117,0.09975212701815495,0.23913043478260887
sz.000923,,2026-02-27,24.5,1.2815,386813025.69,2.5312,30.388858,1.557424,UP_TREND,1,24.258000000000003,21.866333333333333,19.44891666666667,55.23212893673806,0.2959759144341696,0.3859155803111314,72.5715222427643,63.770743573441464,90.17307958140998,410642989.45899993,22702334.9,553356709.6495,0.133989401968206,0.12044390920593306,0.39362912400455086
sz.002628,,2026-02-27,5.27,10.0209,386601098.66,10.0331,-39.968612,1.392658,MACD_KDJ_RESONANCE,1,4.656,4.361833333333334,4.577333333333333,73.19188799816125,0.12819793364695986,0.08186036251006475,93.62680936184647,85.89735989148828,109.08570830256284,96097600.00966668,32656548.45,154510435.1565,0.11836734693877551,0.2082075579840279,0.1869369369369367
sh.603042,,2026-02-27,19.52,-0.4589,383576289.91,12.4172,-230.18567,3.633442,UP_TREND,1,18.300500000000003,17.6435,16.715166666666665,58.284920719322784,0.5739643421803393,0.46520543135542813,59.43444056042378,61.69421664852544,54.91488838422046,299531091.1213333,19079933.35,358464328.49350005,0.10606889010388178,0.10635644855045778,0.1759036144578312
sz.001696,,2026-02-27,21.2,-1.1194,382324024.93,2.025,29.321689,4.427246,MACD_KDJ_RESONANCE,1,20.954,21.56533333333333,22.73825,50.102257009508236,-0.22983340400756802,-0.33093284262693384,69.42690761376936,64.7167319016403,78.84725903802749,519406577.4661667,22626805.8,475958676.616,0.13634408602150544,-0.01694076913564979,-0.01257568700512346
sh.600152,,2026-02-27,8.95,-2.7174,379790441.26,8.0208,-53.455624,2.780977,UP_TREND,1,8.0655,7.569,7.297499999999999,66.36198286757707,0.3113466374146103,0.20050616436313043,74.6469311164852,75.23998512995496,73.4608230895457,227112988.41066667,29732894.7,245957710.946,0.17929292929292928,0.18245474963667574,0.18857901726427606
sz.002078,,2026-02-27,17.26,-0.9185,379566968.45,0.7928,15.350661,1.599561,UP_TREND,1,16.6465,15.775151126666666,15.178886351666666,64.54577258099778,0.38748927700680014,0.3317270320822969,75.32759724882888,76.10101836964492,73.7807550071968,396680863.9148333,27128493.55,452153928.092,0.06828978622327793,0.09412580972510076,0.20095519216695568
sz.002549,,2026-02-27,21.24,-0.2349,379277301.9,2.5885,245.686662,7.141791,MACD_KDJ_RESONANCE,1,21.383499999999998,21.715333333333334,21.813750000000002,47.3843630956978,-0.32627006897839195,-0.3653483184050762,75.49830012110445,68.34290305779032,89.8090942477327,1283316941.6243331,28581479.6,622852707.9635,0.14613778705636743,-0.021889294814723903,-0.12303881090008262
sh.603938,,2026-02-27,27.41,-3.3839,378878754.6,3.6321,135.531333,4.221292,UP_TREND,1,26.3955,22.44816666666667,19.615416666666665,58.80364010940407,0.8781471382254011,0.9043223999561636,64.20220607054114,69.26141479957428,54.08378861247485,395238245.66600007,13192784.55,352884466.225,0.13854166666666673,0.22103512536287284,0.5442253521126761
sh.600794,,2026-02-27,4.04,-2.1792,378632701.21,7.8122,57.225495,1.845687,MACD_KDJ_RESONANCE,1,3.857,3.8666666666666667,4.069583333333333,60.03908684519577,0.010229037432975208,-0.01802775613708799,68.73968255150004,62.75390372070189,80.71124021309633,74883104.9535,24966417.55,99049033.536,0.07711442786069643,0.04482758620689653,0.025380710659898442
sh.600782,,2026-02-27,4.24,2.4155,378205642.55,2.8564,13.894241,0.510377,MACD_KDJ_RESONANCE,1,3.9899999999999998,3.895166666666667,4.009083333333333,62.08102675862138,0.04979080194498442,0.02168217816401062,82.13293831526323,73.68345995113194,99.03189504352582,278047761.9648333,98259321.2,392754936.356,0.09489051094890513,0.08852851824911223,0.08997429305912608
sh.600292,,2026-02-27,15.21,-1.5534,372616409.71,3.1514,18398.050429,12.790319,UP_TREND,1,14.336499999999997,13.437000000000001,13.286833333333332,62.0546623776249,0.6176283727611889,0.4805591804362789,62.21910165451989,68.98293165707484,48.691441649409995,259986223.56083333,25522610.75,378830938.53400004,0.06888720666161999,0.131949095780308,0.19014084507042273
sz.002125,,2026-02-27,15.12,2.6477,371485309.08,3.9443,41.71183,3.119166,MACD_KDJ_RESONANCE,1,14.246499999999997,14.162666666666667,14.443916666666667,61.79064115533532,0.04765013714738764,-0.0872463648342188,90.75137371710215,83.73946392086715,104.77519330957213,345563029.9028333,25160183.9,365102292.268,0.12850619699934773,0.06759555639239312,0.08387096774193559
sh.603093,,2026-02-27,19.66,10.0168,370640643.08,3.1805,31.280839,3.210819,MACD_KDJ_RESONANCE,1,18.403,19.023333333333333,19.939916666666665,63.46609356108032,-0.1970502440751396,-0.30501906456428307,65.78795060789857,46.14911780561194,105.06561621247184,135297636.315,6190599.7,115393944.10599999,0.13290828837665525,0.03346767128088324,0.04463336875664181
sz.002075,,2026-02-27,5.87,1.2069,369765689.15,2.8783,44.667797,1.956968,MACD_KDJ_RESONANCE,1,5.729,5.7555,5.770429669333334,56.71573985828099,-0.01581022522187414,-0.039807839457773025,78.93495215822267,67.42887114610969,101.94711418244864,297487192.883,65873109.45,383087234.11,0.12959999999999994,0.019894014420988704,0.033450704225352235
sh.603985,,2026-02-27,18.03,0.67,369644760.14,4.6714,-26567.620911,2.46807,SMALL_GROWTH,1,16.6855,15.594,15.972416666666668,64.42756692052488,0.4694633159156858,0.34121917618674036,81.75786001842317,77.08671236279687,91.10015532967577,186516638.9375,16151240.55,273181729.04700005,0.11019929660023442,0.15621392843401316,0.2529534398888118
sz.000012,,2026-02-27,5.03,-0.1984,369087954.2,3.7519,-41.826014,1.165738,MACD_KDJ_RESONANCE,1,4.7305,4.6081666666666665,4.679166666666666,61.5203299376207,0.10317682590010424,0.062268201709949594,69.26257327353616,68.29917567016444,71.1893684802796,125142860.24216667,43655545.85,210091050.2825,0.07322175732217584,0.09154038120727703,0.08639308855291583
sz.000958,,2026-02-27,6.65,2.3077,366890966.54,1.0323,128.734445,5.695951,MACD_KDJ_RESONANCE,1,6.5409999999999995,6.659000000000001,6.623026531916667,55.117145589324466,-0.04005762592248807,-0.05177613367040586,74.05873723504506,59.43107803841597,103.31405562830325,288798647.10333335,29163561.75,191556694.7195,0.10724233983286903,-0.001351554287430612,-0.01041666666666663
sz.001287,,2026-02-27,24.64,-1.0044,366489783.38,3.4083,54.149356,3.481325,MACD_KDJ_RESONANCE,1,24.56,23.454166666666666,23.34541666666667,53.409519898201175,0.07650132580564772,0.05375135521031908,82.13961283302493,79.81229297126184,86.7942525565511,616122418.3885,28490354.95,711869829.063,0.13804841149773078,0.050559602060756825,0.10542844324809342
sz.002448,,2026-02-27,16.86,-1.9767,365737180.11,4.7518,33.419576,2.661094,UP_TREND,1,14.591999999999999,13.073833333333333,11.984,70.25533241988806,0.9286857129135075,0.6459781466365921,90.98156386664715,91.29322732442526,90.35823695109093,324174803.7676667,26284340.65,386763966.996,0.12534626038781155,0.28959881697538337,0.6072449952335557
sh.603690,,2026-02-27,29.15,-0.6814,365441829.23,3.2901,-132.0055,2.220369,MACD_KDJ_RESONANCE,1,28.607999999999997,30.020833333333332,30.158,49.09915908365658,-0.5985524265929811,-0.8001180550889937,90.46926644390481,86.47996143632662,98.4478764590612,667226773.9916667,16579945.4,480087609.912,0.21467783877492053,-0.02900763358778624,0.020301015050752547
sz.002579,,2026-02-27,12.55,-0.1591,362785607.77,5.0044,241.468426,3.178217,MACD_KDJ_RESONANCE,1,11.980500000000001,11.960333333333333,12.020583333333333,60.02067555322646,0.03644808600239635,-0.06256326070198366,92.8859657843542,86.88136353150331,104.89517029005597,433753884.4711667,31363214.95,383726838.5605,0.13439635535307515,0.04930185892254957,0.12556053811659185
sh.605020,,2026-02-27,30.14,-0.2977,362780662.77,2.3964,26.816848,2.725351,SMALL_GROWTH,1,28.569499999999998,27.18433333333333,27.45975,64.485552194773,0.6026542830933188,0.40675424480444866,87.37381156395014,86.143086658988,89.83526137387443,264992045.5375,12909083.25,370985908.0995,0.08384043272481397,0.10872684021433932,0.21044176706827322
sh.600163,,2026-02-27,6.4,3.3926,361025368.88,2.9956,21.365156,1.752824,UP_TREND,1,5.985,5.858333333333333,5.607083333333334,65.40333716120672,0.11612486890587004,0.08146867754189609,86.20609423425428,80.85878530149552,96.9007120997718,293800480.84433335,36326457.0,217980597.26,0.17629179331306993,0.09246088193456625,0.17863720073664835
sh.600763,,2026-02-27,50.57,-0.5115,360635471.97,1.5802,43.738402,5.207398,MACD_KDJ_RESONANCE,1,48.3775,44.092666666666666,44.26808333333334,61.093698554220694,1.625424107249124,1.5532992433441128,70.71421303074962,67.79108908320158,76.56046092584569,431599942.21583337,13371216.1,648432652.9425,0.076151121605667,0.146902735148702,0.205482717520858
sh.600353,,2026-02-27,19.25,-0.722,360254819.02,2.2677,130.192685,8.546418,UP_TREND,1,18.401500000000002,17.0525,17.002000000000002,61.27830648075534,0.5519322703664145,0.506430518894009,76.65248982090077,78.92563794134408,72.10619358001415,585144316.0821667,36541732.35,669094876.498,0.09053975623911785,0.12886673508283253,0.31399317406143346
sz.002831,,2026-02-27,31.65,1.1182,358166952.37,2.1935,19.747328,2.530806,UP_TREND,1,29.7885,28.999166666666667,27.956852326,62.2573482172931,0.9353522854661556,0.7729331614220268,56.152297010942306,58.58769545867448,51.281500115477954,189536058.03816664,8583186.1,256594172.64100003,0.12047012732615076,0.09141067272048042,0.06243705941591138
sz.002681,,2026-02-27,6.47,1.8898,350921380.18,3.5551,-268.221253,5.096612,MACD_KDJ_RESONANCE,1,6.437,6.713666666666667,6.946666666666667,49.03157911408064,-0.09199241124645763,-0.10723998705274268,69.44859252278252,60.51692787276792,87.31192182281171,390282407.3558333,35956214.05,233347964.179,0.17592592592592582,-0.036294126408817906,-0.04992657856093974
sz.002157,,2026-02-27,3.21,1.5823,350788523.74,1.5181,-390.681736,2.52915,MACD_KDJ_RESONANCE,1,3.2225,3.2718333333333334,3.14,49.18954673453045,-0.032310781667376,-0.03275022367067485,64.13667241575246,51.695951493709366,89.01811425983864,712498380.137,142432450.45,462620164.0245001,0.17426273458445038,-0.018898680658142708,0.08445945945945943
sh.600008,,2026-02-27,3.18,0.6329,347263780.18,1.4913,13.683093,1.117554,MACD_KDJ_RESONANCE,1,3.083,3.0224086239999997,3.0943588410000005,66.44515662197827,0.023289668671287345,0.015131431400816377,82.38186341066393,68.49763351846681,110.15032319505815,214820023.75016668,89861407.05,277491469.81350005,0.025806451612903247,0.052140989391248116,0.07061154836558892
sz.002258,,2026-02-27,16.75,1.8237,344203954.12,2.5747,28.003853,1.71922,UP_TREND,1,16.6565,14.706333333333333,13.606872923583333,56.594651381877284,0.35705464503446294,0.46054782718689735,54.68586901473097,50.45655676232357,63.14449351954576,368628572.40616673,30141315.65,503849445.125,0.10898876404494388,0.13896507173780015,0.30757220921155337
sz.002444,,2026-02-27,35.71,-0.2235,339054691.24,0.8316,16.90406,2.254993,LOW_VAL_BLUECHIP,1,36.3,35.68233333333333,33.35627176816667,46.800649578133545,0.04614213310883741,0.11238505989466019,28.861362237976522,39.19332015724836,8.197446399432849,472882057.97333336,10626264.55,385975691.11399996,0.1196382428940569,0.0007753603557316691,0.19391507856904044
sz.002570,,2026-02-27,6.23,1.6313,333652575.03,4.9989,48.954638,3.911753,MACD_KDJ_RESONANCE,1,6.143,6.185333333333333,6.356583333333333,55.175143207399366,-0.015990381821415767,-0.025359443100676803,72.98325182628264,56.645000067702796,105.65975534344233,257315325.30283335,25184787.9,154815612.021,0.06923076923076926,0.00722138391894811,0.02298850574712663
sh.603070,,2026-02-27,16.92,6.2147,333018741.97,5.0507,73.3533,3.150143,MACD_KDJ_RESONANCE,1,14.861,13.776833333333334,13.842416666666667,79.16115583258347,0.47627019617882915,0.33627554030292484,85.18809835761364,81.78959764092048,91.98509979099998,62127060.871,5779714.5,87965648.7705,0.0816062176165803,0.22814870374178886,0.2995391705069126
sh.600179,,2026-02-27,4.99,1.6293,331879797.15,1.7291,18.969954,1.846407,LOW_VAL_BLUECHIP,1,5.003500000000001,4.852,4.405166666666667,50.194246842222334,-0.01982728949536483,-0.01248321746066288,32.91225898597915,34.04083601812649,30.65510492168447,592620300.4183333,77865621.35,391692708.4525,0.25648854961832057,0.028441879637262968,0.2537688442211057
sz.002290,,2026-02-27,63.86,-2.845,329537754.0,2.0744,101.450655,16.700669,UP_TREND,1,59.958000000000006,51.14783333333333,44.658750000000005,62.63684677167715,2.83330132319751,2.6193330764217544,78.67085538942507,80.67228882539253,74.66798851749016,350538909.0726667,6350868.1,380538185.4125,0.11118041478247304,0.2485377353879441,0.6433350488934637
sh.600354,,2026-02-27,7.05,2.026,329423138.43,8.9246,53.836802,5.400786,UP_TREND,1,6.9895,6.743333333333333,6.5955,55.471127943556816,0.018419725922155017,0.034716195960002305,71.06335630996816,52.90899574439948,107.3720774411055,266264180.95233333,59873991.1,427513066.08849996,0.1603535353535353,0.04547701433514573,0.0879629629629628
sh.600642,,2026-02-27,8.56,1.5421,327926745.64,0.7843,10.530476,1.140592,MACD_KDJ_RESONANCE,1,8.3485,8.1685,8.136083333333334,66.48328978327851,0.07608616574333027,0.06847904510257952,83.4662949069405,75.29388160027818,99.81112152026515,191129446.1183333,23084543.45,193074621.4105,0.08578143360752051,0.0479280161596376,0.016627078384798155
sz.000795,,2026-02-27,10.94,2.4345,326821399.16,2.6545,51.442653,4.772384,MACD_KDJ_RESONANCE,1,10.374,10.164333333333333,10.487446711666667,60.950755984788344,0.1048781092593547,0.03371378407535164,86.87846426926723,81.53243106721777,97.57053067336614,209044288.20616668,30722232.75,321534417.311,0.1045871559633028,0.07631259633358467,0.08964143426294835
sz.000048,,2026-02-27,19.06,8.4804,326653118.5,3.3344,24.660181,2.392487,SMALL_GROWTH,1,18.1905,15.766333333333334,16.1424549585,65.10363832266576,0.41835155880462693,0.4964571034986686,63.65311208658236,48.511414667396465,93.93650692495416,275589710.406,14901694.9,274195074.7295,0.1670454545454546,0.20890505084674094,0.3441466854724964
sh.600227,,2026-02-27,2.88,0.6993,326437926.85,8.8757,-23.778261,2.031095,UP_TREND,1,2.62,2.582333333333333,2.542083333333333,63.90741028527125,0.07416481150620902,0.03535069601988046,69.3012396212661,70.0716754809986,67.76036790180109,155741287.3195,59447159.85,161530948.877,0.19865319865319875,0.11527042726216608,0.1707317073170731
sh.601555,,2026-02-27,9.29,0.0,323734021.58,0.7009,13.304913,1.091349,LOW_VAL_BLUECHIP,1,9.4225,9.181000000000001,9.343720408333333,47.61805952579178,0.017746539918686466,0.04727891954108036,20.401699326735333,26.42288368794084,8.35933060432432,478701100.14666665,61368586.05,580230662.682,0.049473684210526385,0.011872345060450762,0.04499437570303688
sz.002183,,2026-02-27,5.23,0.5769,323229139.38,2.3854,170.239418,1.46728,LOW_VAL_BLUECHIP,1,5.444999999999999,5.067499999999999,5.093500000000001,48.71703111244476,-0.01820290767501298,0.022707502510786473,49.36857565349442,40.49161658789545,67.12249378469235,498471175.02566665,163441098.9,929999576.817,0.1793214862681745,0.03206709422792331,0.07172131147541005
sz.002438,,2026-02-27,18.82,-2.6384,319893343.42,3.5949,31.692752,2.602348,UP_TREND,1,17.776500000000002,16.153833333333335,14.948749999999999,58.45826851942987,0.7938324892851156,0.7216063900940193,60.306746198102196,62.32926351158484,56.261711571136914,382811225.9023333,30338935.6,555589554.439,0.08002481389578169,0.16504854368932032,0.3717201166180757
sh.603298,,2026-02-27,29.68,-3.8549,319762448.13,0.8224,17.680511,3.413835,UP_TREND,1,28.7695,27.41916666666667,26.87920698783333,56.14824587103082,0.8251918717704676,0.6544742570166286,68.99842626291385,78.11574389258448,50.76379100357261,235829193.664,10661651.9,304835591.054,0.08005569091541945,0.08245448743275685,0.19581030679314382
sz.000786,,2026-02-27,27.99,-0.9204,318796980.33,0.6724,15.428459,1.775852,LOW_VAL_BLUECHIP,1,28.1085,26.195666666666668,25.451083333333333,52.821724545828566,0.4664643166182678,0.603748444178864,47.39939515155758,45.125429706179744,51.94732604231325,531441486.345,27756279.6,782006642.854,0.08460236886632826,0.06849733416468373,0.12364512244078685
sz.000902,,2026-02-27,18.3,1.6667,318453764.84,1.5246,14.571974,1.993949,UP_TREND,1,17.108,16.162,15.463083333333334,69.2798029562828,0.43306383271699644,0.31169151855444144,77.8751730544546,74.41667376034309,84.79217164267766,191657803.0036667,14421125.55,250335104.76150003,0.08043354249857387,0.1322856082168049,0.17912371134020622
sz.000905,,2026-02-27,12.74,1.5139,317202835.76,3.3847,45.964145,1.86262,MACD_KDJ_RESONANCE,1,12.6525,12.964333333333334,11.246608094166666,50.40331741473483,-0.17352999458230123,-0.19248862803266117,63.34011410240182,43.95628254935261,102.10777720850024,720190075.494,23686789.15,302974217.8595,0.23544145272385722,-0.017303885017869614,0.20302171860245521
sz.002811,,2026-02-27,16.95,-2.9765,316554012.5,6.5606,38.408767,3.717523,UP_TREND,1,15.459,15.055833333333334,13.853423333333334,62.75599288798461,0.3785583232338574,0.1166229314118876,78.0638247157014,78.988580377916,76.21431339127221,180706988.94566667,9609803.7,152411267.64249998,0.2355050806933653,0.1258094869098354,0.05871330418488441
sz.000798,,2026-02-27,11.93,-0.7488,316501999.75,7.2887,-65.353062,10.657973,UP_TREND,1,11.4595,11.435666666666666,10.09625,55.10698783004755,0.2663546111992172,0.19641242342240575,49.40268455192164,56.150929334399834,35.90619498696523,431915202.5891667,33073946.8,385162589.0635,0.2282527881040891,0.04322732969947829,-0.2014725568942436
sh.600166,,2026-02-27,3.2,-0.3115,315866663.6,1.2485,33.292304,1.649182,UP_TREND,1,3.148,2.9665000000000004,2.89025,56.231747675006,0.06233269803763308,0.06040147467529835,56.119069884400375,65.17946645797792,37.99827673724528,400562178.32766664,168134606.0,525163324.92249995,0.1219512195121951,0.0787122872071464,0.1636363636363638
sh.600855,,2026-02-27,20.19,0.2981,315303674.94,3.3487,-42.268521,6.177573,MACD_KDJ_RESONANCE,1,20.145999999999997,20.581000000000003,17.671,47.30236197599682,-0.3798401234144819,-0.3966133477224592,54.404532601137376,44.455332217933375,74.30293336754539,983254044.0323334,19089192.05,389314569.736,0.33446750595440633,-0.018998105048345648,0.1807017543859648
sh.601003,,2026-02-27,5.76,4.3478,315025464.81,2.1686,27.644715,1.635656,MACD_KDJ_RESONANCE,1,5.2195,5.078,5.24375,68.12321542939586,0.08681845454490578,0.03290913940802169,84.55198941892198,75.05069838856201,103.55457147964191,97785904.246,27987203.4,146616033.012,0.10575139146567708,0.13430484442693968,0.14970059880239517
sh.601908,,2026-02-27,4.11,1.7327,311567175.2,3.1509,-8.416621,1.127419,MACD_KDJ_RESONANCE,1,4.0280000000000005,3.9886666666666666,4.089333333333333,53.476702780564494,0.005463715399119273,-2.9741626259962737e-05,50.343108554093334,44.127286121367035,62.77475341954593,335790744.1528333,107758380.15,434651790.17750007,0.10747663551401879,0.03041952197894049,0.11081081081081079
sz.002057,,2026-02-27,11.75,3.0702,310891869.0,3.5533,37.412643,2.735657,MACD_KDJ_RESONANCE,1,10.912,10.490333333333334,10.697342017666667,68.86213255827148,0.18077510655191098,0.08617507016307598,92.53084001675622,86.73939104712588,104.1137379560169,169572477.80083334,20924911.2,230357687.883,0.09473684210526316,0.12007880270725413,0.17382617382617394
sh.601880,,2026-02-27,1.73,2.3669,308390447.01,0.9745,27.210338,1.009688,MACD_KDJ_RESONANCE,1,1.6629999999999998,1.6318333333333332,1.6811666666666667,61.576481194817724,0.014170402120550207,0.007555768315964436,70.20032846054801,61.71634064137878,87.16830409888647,183584741.44533333,145165928.05,242300794.3815,0.05847953216374261,0.06015728730466763,0.07453416149068315
sh.600298,,2026-02-27,43.99,3.0935,308113944.84,0.8182,25.663001,3.298421,UP_TREND,1,43.4025,43.092333333333336,41.55083333333333,53.164161122303895,-0.006487994815444154,0.026249261299421612,47.46658624761624,41.252068529885165,59.89562168307839,327764691.3028333,7542196.3,326371714.4145,0.09473684210526316,0.020831238348662184,0.08590471488521367
sz.002430,,2026-02-27,32.54,0.7742,308008670.95,0.9728,31.697752,3.292072,UP_TREND,1,31.5305,30.598166666666664,28.131366938,56.965874408867656,0.2535511032175002,0.13475581407337092,91.66789193868765,87.94367319768205,99.11632942069883,480143731.8488333,10667704.65,337070298.68999994,0.1360603423266608,0.0634624078784678,0.20966542750929373
sz.002036,,2026-02-27,11.22,-0.4437,304456465.33,2.591,-25.984426,5.523167,MACD_KDJ_RESONANCE,1,11.0945,11.243833333333333,10.986166666666668,51.526701143672035,-0.09979117164465912,-0.15144683189687513,82.12827280388359,76.15115057623447,94.08251725918183,,44490602.05,504252074.9915,0.18104118104118105,-0.0021196804174139494,0.1242484969939881
sz.002906,,2026-02-27,33.09,-0.5709,302768947.08,1.7365,23.220645,2.564069,MACD_KDJ_RESONANCE,1,32.046,31.467500000000005,31.505,59.67742049245469,0.12754250049535187,-0.05376640762772404,81.46798614795819,78.214469738987,87.97501896590055,296939505.63699996,8762090.4,282696232.5165,0.11439328120474958,0.051561134503853134,0.1533635413035901
sz.000027,,2026-02-27,7.02,1.8868,302749692.97,0.9108,18.109777,1.020091,MACD_KDJ_RESONANCE,1,6.7829999999999995,6.715,6.76,62.76500196675484,0.02223922321412619,0.000641822788462091,86.31547718891434,76.8929272361997,105.16057709434367,151169886.7406667,24807702.45,168691760.107,0.06241134751773043,0.045420699925539765,0.06363636363636371
sh.600968,,2026-02-27,4.58,0.6593,291964878.76,0.6284,12.186436,1.626897,UP_TREND,1,4.3995,4.044833333333333,3.987083333333333,59.910695947041575,0.13280248644059522,0.11888126058720061,72.21796432313701,72.33211983627722,71.9896532968566,303309819.19449997,122099455.85,541039908.7075,0.14723926380368094,0.13230870658041138,0.227882037533512
sh.600618,,2026-02-27,15.91,0.6325,281324303.51,2.3758,23.184335,2.0292,UP_TREND,1,15.7185,13.633000000000001,12.453416666666667,57.78117077587939,0.5249734920136557,0.6176218316085474,66.0586568351079,61.024666287835046,76.12663792965358,352271069.7911666,33452916.6,527404507.686,0.15819209039548018,0.167021198562312,0.33473154362416113
sz.002223,,2026-02-27,38.7,1.5482,277904275.22,0.7694,22.294541,2.869267,LOW_VAL_BLUECHIP,1,39.597,38.55296356616667,37.722004557666665,46.58969826393783,-0.30005066878342745,-0.12043953569671434,33.35004758066636,33.48650651755512,33.07712970688884,442077011.64383334,9656123.4,384189082.1885,0.16519823788546256,0.0038138814823140965,0.09096418160184028
sz.002355,,2026-02-27,7.28,-1.355,277644385.0,6.1606,-35.288508,3.978924,UP_TREND,1,6.856,6.4558333333333335,6.227916666666667,57.90268925578359,0.2482569234852905,0.20624858213521904,54.023035705327224,60.108149272334515,41.852808571312636,293595794.555,55444655.8,393156690.8335,0.13748191027496384,0.12766232089841223,0.24444444444444446
sh.600299,,2026-02-27,11.25,3.1164,276942848.88,0.9314,29.080578,2.048574,SMALL_GROWTH,1,9.862877233999999,9.287462383333333,9.429050517166667,75.37708760674349,0.4237827879292446,0.2844301486908067,85.9837022950963,80.8658254875489,96.21945591019107,98811358.4775,17853930.85,181105011.5115,0.055036344755970905,0.2113104242756889,0.24192941826988346
sh.600378,,2026-02-27,37.73,0.2391,276743838.07,0.6853,33.953231,2.704427,UP_TREND,1,37.004,33.81766666666667,32.10458333333333,58.3441924147324,0.55046615304623,0.574891391043147,80.85641525707035,76.73525869258333,89.0987283860444,310364929.2596667,9083125.5,338128851.3165,0.12934071464519376,0.11568903827388044,0.2802850356294537
sh.600569,,2026-02-27,2.72,2.2556,275690574.34,3.5375,-7.533633,2.863403,MACD_KDJ_RESONANCE,1,2.4895,2.3649999999999998,2.3630833333333334,66.09806929182704,0.056123189400980156,0.031015633479121806,85.1884358605312,78.33594597583291,98.89341562992777,79325434.33783333,47976393.5,120810917.296,0.10769230769230778,0.15010570824524327,0.17748917748917759
sh.603381,,2026-02-27,29.5,9.9925,274914261.02,6.8464,76.161791,1.956921,SMALL_GROWTH,1,25.5515,21.969499999999996,22.446583333333333,64.9626411064968,2.068445165259618,1.875875601325415,54.3247162074414,57.27925320335711,48.41564221560999,179309647.89266667,16540469.25,427587851.1415,0.14148527528809213,0.34277065932315276,0.41622659625540104
sz.000420,,2026-02-27,4.72,-0.2114,274137984.44,2.3597,-6737.738842,2.623919,UP_TREND,1,4.704,4.3934999999999995,4.30475,55.02694512892307,0.02594474545055192,0.03546883438044834,67.43815487301079,58.205222655890616,85.90401930725115,531132964.2518333,104833200.6,499557577.5055,0.10821643286573146,0.07431432798452264,0.2133676092544987
sh.600600,,2026-02-27,62.47,-0.08,273361704.74,0.6165,18.40852,2.719845,MACD_KDJ_RESONANCE,1,62.018499999999996,62.28216666666666,64.556,52.298099373464744,0.007581407733852075,-0.02815591648846319,43.55442028132038,36.996540823937295,56.670179196086565,278411299.26416665,6076426.7,376867160.1765,0.06708074534161501,0.0030158445568957415,-0.02921522921522912
sz.002949,,2026-02-27,15.96,1.7208,271114632.9,11.3133,37.236431,2.167631,UP_TREND,1,15.714500000000001,15.038666666666666,14.916833333333335,52.7338982362109,0.11225169310120009,0.08711184294359126,51.27202492139663,51.48168118246011,50.85271239926968,80729033.07433334,6833298.35,107843114.36700001,0.09878048780487801,0.06126429648018461,0.11297071129707126
sh.603338,,2026-02-27,59.28,-2.6441,269179041.75,0.8988,17.026613,2.700811,UP_TREND,1,58.3245,58.175,55.42783333333333,53.26133911983439,0.7086457040532395,0.4119888745506677,61.188436898147096,70.18173642629012,43.20183784186105,321850439.53,4276373.95,249677198.2105,0.13848605577689238,0.018994413407821265,0.09131075110456566
sz.000722,,2026-02-27,13.54,2.6535,267953663.89,4.2906,89.248128,1.996981,MACD_KDJ_RESONANCE,1,12.897,12.371333333333332,12.579666666666666,67.49458556514043,0.1787042299933308,0.14089882571542647,86.5374797374725,74.949943573175,109.71255206606747,126962997.05916667,12518232.4,162301854.2005,0.07268370607028755,0.09446570027482881,0.07716785998408904
sz.000782,,2026-02-27,6.47,-1.8209,267428379.0,7.7623,-39.007599,2.58378,SMALL_GROWTH,1,6.0265,5.474333333333333,5.6321666666666665,68.45045078178762,0.273607879251772,0.2328301691808287,68.8787885293521,73.40287625092188,59.83061308621251,100214651.62433334,23901381.65,145406597.798,0.0875232774674115,0.18187907203312426,0.25145067698259194
sz.002318,,2026-02-27,34.56,-1.398,267085587.0,0.8073,19.783387,4.140998,UP_TREND,1,33.945499999999996,29.4875,26.924833333333332,58.11007804858572,1.2730400704750195,1.3901624962663783,61.01772885471327,66.21399657491284,50.62519341431414,351498598.2071667,10739496.5,361151529.779,0.10584250635055038,0.17202204323866055,0.4020283975659231
sh.600446,,2026-02-27,15.46,1.9789,266827498.79,1.8465,-101.400413,3.952094,MACD_KDJ_RESONANCE,1,15.485999999999999,15.837,16.896583333333332,47.057084242805885,-0.25261836445590014,-0.26231813364152295,62.872007393606715,46.33218865352622,95.95164487376772,330987573.83066666,15815277.9,246198265.03249997,0.1551820728291317,-0.023805013575803446,-0.005148005148005064
sz.001331,,2026-02-27,55.17,5.4674,266254370.71,2.9507,4689.023653,10.28198,UP_TREND,1,54.912,41.41883333333333,27.520666666666667,54.81003528713678,1.2744263574172408,2.2703486784134683,45.20986984395469,33.0035738336269,69.62246186461027,,7714980.8,430342673.8085,0.20038535645472066,0.3320027523711033,3.107967237527923
sz.002843,,2026-02-27,25.27,10.0131,266177754.5,4.2,150.418182,4.494842,SMALL_GROWTH,1,19.6675,19.744833333333336,20.80925,74.62201410119165,0.5937061940069555,-0.07653386023545691,93.89720376255504,87.84921258589446,105.9931861158762,251347637.51516667,14260530.35,292801256.34000003,0.20225225225225218,0.2798284783361047,0.31751824817518237
sz.002828,,2026-02-27,13.53,0.2222,265766810.0,10.2114,302.221288,3.908959,UP_TREND,1,12.958000000000002,11.898333333333333,11.458166666666667,59.34266093257351,0.4103975375439912,0.3616547178992843,74.30112390174045,75.45477951865983,71.9938126679017,292139608.69200003,31388487.4,409391365.0345,0.16918844566712513,0.13713405238828957,0.19840566873339238
sh.600266,,2026-02-27,5.57,0.5415,264235917.06,2.2942,-15.803598,0.595036,LOW_VAL_BLUECHIP,1,5.773,5.444333333333333,5.279666666666667,45.50057151629407,-0.06302913117733233,-0.011908873658583584,14.553809134579906,14.525773716407048,14.609879970925618,749719015.3301666,103841841.8,613138642.972,0.2377622377622378,0.023082103716402624,0.16527196652719667
sh.601800,,2026-02-27,8.14,0.123,264057979.88,0.2755,6.382268,0.451183,MACD_KDJ_RESONANCE,1,8.175,8.277251258666666,8.503599919000001,46.59121652391494,-0.05684584073050125,-0.059111535876994574,40.106477783163754,39.960858171759604,40.397717005972055,252068549.23683336,39060891.25,321287082.90900004,0.07308584686774931,-0.01658174367039511,-0.033057543605612194
sz.000571,,2026-02-27,7.83,6.0976,263233225.68,4.1942,-48.582334,46.305411,UP_TREND,1,6.7355,6.267333333333334,5.79425,71.31417622997776,0.3585832369662727,0.25233240254863754,88.34347135438014,86.00955888079028,93.01129630155987,296103313.76500005,32989902.7,224316218.1765,0.2125534950071327,0.24933517710881814,0.4419889502762431
sh.600635,,2026-02-27,6.3,1.2862,262515886.01,1.7351,31.927476,2.050538,MACD_KDJ_RESONANCE,1,6.38,6.766000000000001,6.359583333333333,43.817131614233155,-0.11470701570145092,-0.12383433484160769,50.86358003800659,46.99983196623235,58.59107618155505,865244087.3136667,54899277.8,355627945.01949996,0.25030229746070126,-0.06887378066804628,-0.17754569190600522
sh.603712,,2026-02-27,20.15,0.6494,260333290.53,1.68,-36.37746,3.726849,MACD_KDJ_RESONANCE,1,20.0045,20.721166666666665,20.874916666666664,48.906603169805095,-0.32209870247517003,-0.38777950893493124,84.85814151432886,73.52672059145337,107.52098336007987,525910884.9484999,15702061.8,319332615.3425,0.19087837837837837,-0.027564406766028338,-0.0034619188921859445
sh.601666,,2026-02-27,8.92,2.1764,256922885.56,1.1741,37.699339,0.959056,UP_TREND,1,8.5315,8.224333333333332,8.213833333333334,60.6180498782992,0.1637059035740389,0.12935046622551075,76.55996913912847,76.00058963835849,77.67872814066843,235240849.10966668,40615319.8,347118290.513,0.07192575406032474,0.08458638998095092,0.1377551020408163
sz.002777,,2026-02-27,20.06,1.9309,255760597.8,3.1637,82.678435,4.95404,UP_TREND,1,19.8405,19.26,19.161416666666664,53.8769369108074,-0.002341249486594421,0.023165655336655634,72.29527204281126,63.79609563092698,89.29362486657983,289480974.35966665,11622604.15,231958389.26700002,0.1678260869565217,0.041536863966770365,0.015182186234817596
sh.601878,,2026-02-27,10.67,0.5655,255525858.84,0.5257,19.071245,1.33516,MACD_KDJ_RESONANCE,1,10.6821342185,10.824152916666666,11.158141011916667,46.93803038916641,-0.0602999558056041,-0.0653755617120481,46.03711300305976,39.360066157009015,59.39120669516126,347610686.328,32259452.55,346661416.23700005,0.054336244745796895,-0.014241568633911905,-0.022693544101228147
sz.002987,,2026-02-27,19.38,1.3598,255135611.52,1.5623,51.017198,5.771699,MACD_KDJ_RESONANCE,1,19.339000000000002,19.710333333333335,20.565333333333335,47.44284926742124,-0.22081959737116819,-0.2380680950033913,32.509464127687224,31.359174120157903,34.810044142745866,343861839.8398333,11444833.15,222546625.07,0.1483666061705989,-0.016759398623395594,-0.01071975497702915
sh.600315,,2026-02-27,22.41,2.8926,254598310.54,1.6934,-25.513003,2.137166,MACD_KDJ_RESONANCE,1,21.6575,22.601499999999998,24.24771069066667,53.975926636513535,-0.28396418074706986,-0.3835214978782057,72.1067484300207,56.75241230051184,102.81542068903842,153420802.37216666,10753554.2,233592218.67249998,0.13879598662207357,-0.008472888967546277,-0.027765726681127978
sh.600058,,2026-02-27,13.85,2.3651,252774227.68,1.7132,143.674816,2.972049,UP_TREND,1,13.731,11.658166666666665,10.484166666666669,57.09039853488289,0.2074435618279118,0.29834261203645346,76.965928703051,64.16284396171193,102.57209818572915,,37669326.3,541689276.618,0.19556962025316454,0.18800840612446224,0.6142191142191142
sh.603090,,2026-02-27,78.56,-2.2278,251993138.0,3.2291,119.083932,12.814125,UP_TREND,1,78.0855,64.62733333333334,55.781,54.750535150938205,2.0274698854392454,2.3269910860305503,67.461232880108,68.1481532930467,66.08739205423058,371666563.6626666,5215438.95,410315736.171,0.2832268699773337,0.21558473710813786,0.7793884484711213
sz.002673,,2026-02-27,8.0,1.5228,251785704.16,0.7081,18.642913,1.204678,MACD_KDJ_RESONANCE,1,7.966500000000001,7.988346591666667,8.257971570333334,52.16192146112753,-0.03675783150176759,-0.03913340574365518,71.86256208644318,55.49860327697433,104.59047970538087,264373269.986,33228556.45,265738121.05749997,0.04993909866017064,0.0014588010421943132,0.007547015808709867
sz.000423,,2026-02-27,54.37,0.0368,249633938.85,0.7138,20.861073,3.519636,UP_TREND,1,53.4005,50.3565,49.32638769933333,59.59214853670092,1.2987825287658907,1.3762229895825329,22.919499014286732,36.02268760361192,-3.2868781643636424,366763408.2326667,9480245.45,505891885.61850005,0.03906556733411847,0.07970172668870945,0.1412678421494542
sz.000682,,2026-02-27,14.08,-0.565,249313457.01,1.324,24.912932,3.431444,UP_TREND,1,13.619499999999999,12.671833333333334,12.307580477083333,59.933399328930946,0.29322485802562426,0.2678605545536401,86.62865465627556,84.4687161456879,90.94853167745086,317597605.2176666,25338661.0,345689117.698,0.11869031377899046,0.11112572503321005,0.2003410059676043
sz.000050,,2026-02-27,10.15,0.7944,246876526.63,0.9984,212.923233,0.90704,MACD_KDJ_RESONANCE,1,9.815499999999998,9.482333333333335,9.571499999999999,60.141089322082486,0.06778652398795337,0.02938117261876228,93.97002149851093,87.74932308117448,106.4114183331838,346063857.245,36821977.3,362143354.16550004,0.13320647002854427,0.0704116427039756,0.1328125
sz.000883,,2026-02-27,4.75,1.7131,245787439.52,0.8021,17.73597,0.966269,MACD_KDJ_RESONANCE,1,4.6075,4.601166666666667,4.640416666666667,64.60629335290619,0.01700414283248719,0.001966204175319004,87.34524826042576,80.47803047192187,101.07968383743355,108037271.39916666,30144206.45,139007857.831,0.03205128205128194,0.032346868547832086,0.030368763557483636
sh.603766,,2026-02-27,15.75,1.6785,243884794.54,0.7589,17.974645,3.255648,UP_TREND,1,15.607,15.402229867333334,14.139064450166668,52.5395199802988,0.1449007807276832,0.13101466542537865,38.41045288239205,46.94065348659255,21.350051673991047,400146372.8368333,20043652.0,314003595.51100004,0.11295273173726218,0.022579206755266812,0.15097876471802585
sh.600510,,2026-02-27,10.46,-1.3208,243421372.5,2.2366,102.682661,1.036689,UP_TREND,1,9.5375,9.149166666666666,8.674083333333332,66.12751844949595,0.2720545328766235,0.173203836118848,77.49412005768525,72.58633177644069,87.30969662017438,112689510.45116666,14063541.2,136452158.4115,0.13229166666666664,0.14327352217870493,0.1886363636363637
sz.002941,,2026-02-27,16.63,0.9715,242802470.53,2.0125,20.652542,2.582216,MACD_KDJ_RESONANCE,1,16.416,16.421833333333336,16.772833333333335,54.51936834719432,-0.08155677858107069,-0.11827222972209152,83.7277369806586,67.23339142638976,116.71642808919628,339801004.0728333,19654721.1,328416815.33300006,0.10514414923685704,0.012676213577452522,0.012789281364189886
sz.002347,,2026-02-27,9.95,1.5306,242360049.0,4.9537,-215.327097,4.387561,UP_TREND,1,9.837,9.509833333333335,8.5275,49.75945823544889,-0.09149340031583719,-0.09013325684839332,41.72477524861238,39.95068250115258,45.27296074353198,686897659.513,29643526.25,293978045.383,0.31705539358600593,0.04628542385951362,0.47189349112426027
sh.600816,,2026-02-27,2.91,2.1053,242047472.51,1.538,453.086706,2.063928,MACD_KDJ_RESONANCE,1,2.873,2.8901666666666666,2.95725,54.487712138853745,-0.013773519277713753,-0.017579480316613924,73.92822179451005,57.584352326745915,106.61596073003832,166351148.39099997,52013805.2,149861528.81,0.0819672131147541,0.0068623493454818,0.013937282229965264
sz.002806,,2026-02-27,16.31,-3.1473,239619636.13,8.4039,49.295081,3.008828,UP_TREND,1,14.830000000000002,13.3535,13.026083333333334,67.15860208452679,0.9920076809164691,0.8294772990253708,74.05241433024392,78.46802436267433,65.2211942653831,,19188249.65,291763787.865,0.1987620357634112,0.22140262852435688,0.2337367624810891
sz.002642,,2026-02-27,8.75,2.9412,239532301.5,4.1689,240.857624,4.925733,MACD_KDJ_RESONANCE,1,8.556000000000001,8.529333333333334,8.867750000000001,56.75248576513085,0.010455313856313708,0.0012154743014677204,72.28375167316743,64.29604065481254,88.25917370987719,172702144.55366668,16433694.2,141029536.73499998,0.16649104320337196,0.02587150226668755,-0.06417112299465233
sh.600133,,2026-02-27,10.19,-0.779,238342376.28,2.1903,28.20254,1.238185,LOW_VAL_BLUECHIP,1,10.497499999999999,9.780666666666665,9.61225,48.67070113654153,0.01259083612728773,0.08974279900927955,34.60251918567832,28.48924589577728,46.829065765480394,441268154.12216663,51631122.7,548636087.2685001,0.10108303249097465,0.04185127121532295,0.14623172103487048
sz.002159,,2026-02-27,19.78,4.6561,234418040.78,8.463,28.10815,2.398089,UP_TREND,1,17.1195,16.043333333333333,15.787416666666667,77.55428621849248,0.844244228960644,0.6133840954365184,74.86182438679037,70.65487665246073,83.27571985544967,89161230.37533334,8660908.85,153530322.20400003,0.05926860025220678,0.23291086640349068,0.2703917790622994
sh.603871,,2026-02-27,15.6,3.3797,232533089.64,1.0932,20.100002,3.69758,UP_TREND,1,14.038,13.788,13.555643735333332,68.56386957605716,0.32287232471517946,0.14552762660752105,88.12397012849262,84.76256959441224,94.84677119665338,151901264.4243333,11728990.1,165176122.445,0.0951724137931035,0.1314186248912097,0.15555555555555545
sh.600645,,2026-02-27,27.42,0.2926,231943210.55,1.8275,171.663354,3.457451,MACD_KDJ_RESONANCE,1,26.034,26.581166666666665,25.963333333333335,62.45605686690419,0.050735346868300724,-0.1674527330653524,77.44662759450114,71.62086809232689,89.09814659884964,252922826.8703333,7681967.1,201867497.217,0.13551077136900633,0.03155743101318609,-0.0435995814440181
sh.600155,,2026-02-27,6.91,2.0679,230815867.51,1.5158,96.465188,0.765321,MACD_KDJ_RESONANCE,1,6.784999999999999,6.813166666666667,7.141166666666666,56.27773782867762,-0.0076750357524382196,-0.021605573572060856,67.96603721612537,61.88407750429119,80.12995663979375,200296630.249,26430097.6,179632802.7655,0.06373937677053815,0.014212676435333638,-0.017069701280227556
sh.600513,,2026-02-27,20.94,4.9624,230279237.25,3.9067,-137.093449,4.477368,MACD_KDJ_RESONANCE,1,20.0925,19.216833333333334,20.165416666666665,57.513716665408154,0.284436055987733,0.2784376416214667,39.11376386455353,35.03619697508162,47.268897643497354,216158174.03916666,11437493.2,230687470.125,0.1307837582625118,0.08966964727105586,0.09518828451882855
sh.603538,,2026-02-27,22.38,4.433,228353727.13,4.7911,49.593823,2.195481,MACD_KDJ_RESONANCE,1,21.442500000000003,20.590666666666667,21.765666666666668,66.163907676854,0.2359161971370689,0.18390751814434017,79.27031529026308,72.25452909691359,93.30188767696208,105608394.2975,6331088.3,136921547.5475,0.09564056939501789,0.08690021368904999,0.12068102153229843
sz.000539,,2026-02-27,5.1,2.8226,226415876.83,1.7438,330.153648,1.14259,MACD_KDJ_RESONANCE,1,4.873,4.6775,4.711249999999999,67.98169307071095,0.07110006080010756,0.060382862525517444,82.27478367271847,74.20955704371377,98.40523693072788,101483170.21983333,26759071.2,130852496.9415,0.05150214592274682,0.09032602886157126,0.1208791208791209
sz.002039,,2026-02-27,18.04,2.9093,225098388.5,2.9422,17.305367,1.775556,MACD_KDJ_RESONANCE,1,17.445,18.060333333333336,17.6785575515,57.41368921040866,-0.1541245900776147,-0.22937335489197025,82.71303618174935,70.72946357965196,106.68018138594411,95961938.85533333,6135862.15,107399822.155,0.13516260162601626,-0.001125855927354813,0.017484489565707806
sz.002254,,2026-02-27,13.41,0.2242,222066503.37,1.9449,-500.967429,1.631994,UP_TREND,1,13.002500000000001,11.3395,10.721583333333333,58.63920227181442,0.4302377976739127,0.4303205190769954,71.33569236230524,72.39968843592638,69.20770021506297,288122105.0133333,26214048.95,343089539.8915,0.12952243125904492,0.1825918250363774,0.36976506639428
sh.603950,,2026-02-27,44.51,10.0099,220657201.32,1.5428,41.300396,4.981163,SMALL_GROWTH,1,34.525999999999996,31.668166666666664,32.724833333333336,73.76651233069794,2.63509814659362,1.6681982785220337,90.6038407363296,85.11630806833935,101.57890607231008,196886551.35799998,8247292.55,291169648.094,0.1212879024695217,0.4055123704666621,0.4670402109426499
sh.600770,,2026-02-27,6.68,1.2121,219021735.37,2.5425,177.703098,2.53266,SMALL_GROWTH,1,6.709999999999999,5.776833333333333,5.739916666666668,56.98642387545281,0.19929636836682452,0.27165751644442915,25.599585604112008,24.564328155669937,27.67010050099615,260227736.31766665,81058435.05,544184227.183,0.07072135785007072,0.15634286373734163,0.2748091603053433
sh.600198,,2026-02-27,9.87,0.203,217305171.84,1.6992,186.832226,46.927053,UP_TREND,1,9.7875,9.625166666666669,8.9775,50.4770047255885,-0.05181867853981892,-0.05113786918859502,80.85836658905687,73.53981122198766,95.4954773231953,554118701.142,33672321.25,332534308.4805,0.227535037098104,0.025436788973350888,0.15169194865810964
sz.000927,,2026-02-27,2.96,2.069,217061618.98,1.2247,38.012163,1.861858,MACD_KDJ_RESONANCE,1,2.878,2.7209999999999996,2.722666666666667,61.86970669385323,0.047052343915814365,0.046014057582358575,78.26879915048352,68.5827013793375,97.64099469277556,196919740.99316663,105532581.75,304853548.5725,0.060606060606060656,0.08783535464902625,0.1384615384615384
sh.600688,,2026-02-27,3.17,0.3165,216601213.36,0.9344,-223.438193,1.37714,UP_TREND,1,3.161,2.9013333333333335,2.8413333333333335,55.32798525548917,0.06722662842241078,0.07753774121874056,49.37792650960696,56.93259487404009,34.26858978074068,176289479.79400003,74977423.55,237913394.73400003,0.08206686930091187,0.0926011029411764,0.1654411764705881
sz.000876,,2026-02-27,8.71,0.927,216481394.8,0.5541,36.302927,1.760944,MACD_KDJ_RESONANCE,1,8.7285,9.0105,9.441166666666668,45.29090727801762,-0.09813402227528023,-0.11046469892361455,61.477260430504685,45.65810428417337,93.11557272316732,277800389.8573333,39494162.65,345954486.133,0.09398099260823659,-0.033349980578214256,-0.0783068783068781
sh.600271,,2026-02-27,10.12,0.5964,215320570.2,1.1503,-44.337233,1.387969,MACD_KDJ_RESONANCE,1,10.165,10.357666666666667,9.444250000000002,45.8921104692969,-0.17775282338770104,-0.1817473936314723,46.923905464063964,40.859424763040415,59.052866866111046,927248237.4955,34178948.15,351657281.3955,0.2767203513909223,-0.022945965951147396,0.138357705286839
sh.603713,,2026-02-27,69.53,-0.1866,214885270.86,1.9383,18.333466,2.365554,SMALL_GROWTH,1,65.03999999999999,59.437000000000005,60.770833333333336,66.95746967274937,2.127333092129234,1.7921386896680238,76.31730293604872,79.44844592200695,70.05501696413225,121689770.566,2511915.55,163733081.325,0.09543193125282676,0.16981005097834667,0.2847376201034739
sh.600017,,2026-02-27,3.23,2.5397,214804179.89,2.1826,18.246515,0.706893,MACD_KDJ_RESONANCE,1,3.135,3.0596666666666663,3.1140805363333337,62.50919041561838,0.022236040924104472,0.018447737420994047,76.36630576149294,63.794094664342474,101.51072795579388,96033260.27733332,44648918.75,140044292.2345,0.047169811320754824,0.05567055234775031,0.06600660066006614
sh.603072,,2026-02-27,44.68,1.9626,214188674.02,3.8142,79.056722,5.517166,MACD_KDJ_RESONANCE,1,43.3325,42.59283333333333,45.8855,56.7673301994238,0.2132932629842088,0.020418178943868683,86.2939775499432,80.32190121435369,98.23813022112222,162298484.561,5719553.7,251192475.77350003,0.1292242295430393,0.04900276650610236,0.028781947962237986
sh.605255,,2026-02-27,134.9,-0.148,213423010.0,1.1732,555.999344,22.415212,MACD_KDJ_RESONANCE,1,138.911,158.86233333333337,124.042785141,42.441262284076956,-8.37786652410449,-8.970151034640617,50.53039900366939,46.38599858781091,58.81919983538633,,2726227.7,382967553.8275,0.44161086138886346,-0.1508370979485384,0.05721003134796243
sh.600039,,2026-02-27,9.94,1.222,212978697.23,0.2459,11.171884,1.737706,MACD_KDJ_RESONANCE,1,9.7655,9.845,9.367871155333331,53.96387391205615,-0.045337463312071336,-0.05664070365396128,61.45105164675231,52.17221757784007,80.00871978457678,241155538.1465,21398321.85,209518609.5095,0.0869980879541109,0.00964956830878605,0.07112068965517238
sz.000898,,2026-02-27,2.7,2.2727,211846738.57,0.9929,-6.203261,0.553107,MACD_KDJ_RESONANCE,1,2.588,2.5435,2.60775,58.90739802273202,0.014421600156387271,0.0014765547919108049,74.09081035252183,64.82665900187746,92.61911305381057,126669074.78066665,73272388.95,190275575.827,0.11355311355311358,0.061529388637704185,0.05882352941176494
sh.600866,,2026-02-27,7.68,0.1304,210585010.76,2.1865,9.960605,1.535898,MACD_KDJ_RESONANCE,1,7.3629999999999995,7.0841666666666665,7.284166666666666,65.09020615459846,0.09558767471913399,0.06331737224090687,85.15624887671268,75.03194987167811,105.40484688678183,174722511.65466663,32512555.8,239999080.446,0.054521276595744586,0.08410775202917309,0.12941176470588234
sh.603105,,2026-02-27,10.54,2.2308,209786613.73,4.0075,27.20477,2.47173,UP_TREND,1,10.286,9.783666666666667,9.619250000000001,58.480888797501784,0.12642024002900953,0.14288892276318546,50.25870993353901,40.58874024233485,69.59864931594731,134700768.12083334,16290911.75,168738639.4335,0.07543698252069904,0.07730571360430627,0.13822894168466515
sh.603727,,2026-02-27,18.01,0.8399,209504925.24,4.0995,172.361712,1.597085,UP_TREND,1,16.72710292,15.368681885333332,14.669429078666667,70.22966970708883,0.5947500336531917,0.473602517407793,82.10837064596876,79.68232754884596,86.96045684021436,96847667.50016665,7940161.4,134460211.73049998,0.1344805608667941,0.17186367278428327,0.19637134261109912
sz.002809,,2026-02-27,13.78,0.5839,209199024.34,10.9936,1177.812435,1.872398,SMALL_GROWTH,1,13.886500000000002,11.954666666666666,11.876583333333333,54.887310660760456,0.41077540279220415,0.535861130839784,49.29922557379519,43.353079854134094,61.19151701311739,203982417.813,32971145.0,462037453.636,0.16373124592302674,0.15268793218826682,0.22163120567375882
sh.600867,,2026-02-27,8.98,0.4474,208789062.75,1.1907,14.346969,2.46727,MACD_KDJ_RESONANCE,1,8.878,8.6715,8.67625,57.53234614839845,0.06199437244231021,0.060286887078025334,67.77061955047533,56.86297826197146,89.58590212748308,237219457.668,42296463.45,377939855.7125,0.07787810383747173,0.0355763132099407,0.04418604651162794
sh.600791,,2026-02-27,8.16,-1.8051,206853693.48,5.5137,-13.437438,9.366495,UP_TREND,1,6.707000000000001,5.529166666666667,5.290333333333334,80.85828394167929,0.7032819243435346,0.5380844675608598,82.25924220428902,84.22910033341769,78.31952594603169,87751539.73316666,24651564.2,169343506.9625,0.14525139664804473,0.47581009796533524,0.5425330812854443
sh.603693,,2026-02-27,13.39,2.684,204587445.38,1.7232,31.146483,1.715015,MACD_KDJ_RESONANCE,1,12.624500000000001,12.2745,12.601166666666666,68.93826877371718,0.14198636201000703,0.07865434359225477,84.22927195312533,74.63160388620992,103.42460808695617,51644032.03783333,5952630.6,75658887.6155,0.04680187207488297,0.09087946555867865,0.1186299081035922
sz.002939,,2026-02-27,9.91,1.1224,203259911.05,0.5725,16.573845,1.265931,MACD_KDJ_RESONANCE,1,9.862,10.057933301333332,10.624440477333332,49.295729534585405,-0.07544155366004901,-0.08968573796090452,58.08234120153768,47.35408887168599,79.53884586124107,335618496.9005,25005853.0,247129530.68400002,0.09107981220657282,-0.014708121131974616,-0.0060102378337658635
sz.002965,,2026-02-27,36.19,-0.8221,202339047.97,2.8211,38.593545,2.251491,MACD_KDJ_RESONANCE,1,35.4685,37.810833333333335,39.76208333333333,48.484977816213934,-0.8483991443488819,-1.1160954154484033,84.67893503469934,81.90962222185863,90.21756066038074,295845278.45199996,6785331.5,243292189.66650003,0.20276605719643692,-0.04286690322438469,-0.025578890683898847
sz.002045,,2026-02-27,14.03,1.7404,202025149.52,2.5798,282.161548,1.783044,MACD_KDJ_RESONANCE,1,13.948999999999998,14.335,15.264666666666667,48.48619112998951,-0.1473932147141479,-0.16948873839012532,59.896047927758644,51.86034532474957,75.9674531337768,252899403.13333336,10829357.15,151826694.77899998,0.1329923273657289,-0.021276595744680993,-0.022980501392757646
sh.601218,,2026-02-27,5.78,0.1733,199442532.3,3.58,51.77257,1.891548,MACD_KDJ_RESONANCE,1,5.540000000000001,5.2524999999999995,5.276486077416666,64.13942799859583,0.08335468379748523,0.06245193294528228,93.03664189503496,84.25381593794219,110.6022938092205,187318141.83650002,41303866.15,230281683.71000004,0.07731958762886601,0.10042836744407446,0.17004048582995956
sz.000822,,2026-02-27,6.62,0.4552,199052867.0,3.3664,-11.207636,1.235233,SMALL_GROWTH,1,6.193,5.676,5.697416666666666,61.21288196258041,0.2742666482957903,0.24138958995816678,62.46351087128999,68.24852257899242,50.89348745588512,161783779.74466667,52448936.95,329544052.68,0.10915492957746481,0.1663143058491896,0.21467889908256876
sz.002006,,2026-02-27,20.82,0.0962,198695278.3,1.8421,49.49439,4.502647,MACD_KDJ_RESONANCE,1,20.9375,21.720833333333335,21.072583333333334,45.25320959354136,-0.39303719439223883,-0.4562232664221637,77.66828770149732,75.957250440206,81.09036222407997,481997099.311,15059209.55,320629173.311,0.17403885903265814,-0.041473239976980714,0.04465629703963869
sh.603100,,2026-02-27,25.02,-0.9893,198534602.35,1.5501,20.362329,2.757602,UP_TREND,1,24.889499503499998,23.9768015555,23.646193102166666,53.65981012724691,0.1847509462416852,0.1968562358698225,64.53481593115893,61.87683887932813,69.85077003482053,192092939.22866666,6451341.4,160855653.2515,0.12687747035573127,0.04350865740308474,-0.02348271815390124
sz.002512,,2026-02-27,6.03,0.6678,198387086.97,3.0036,-49.138711,17.275427,MACD_KDJ_RESONANCE,1,6.1005,6.3534999999999995,5.383333333333334,46.87698340319853,-0.1175411645100155,-0.11758124830040535,42.367149253590696,38.43459979939537,50.232248161981346,926223295.4616666,54332058.25,335958739.77599996,0.2885572139303482,-0.050916817502164036,0.09836065573770503
sh.600116,,2026-02-27,6.91,1.0234,198232425.25,1.5052,47.694436,1.166289,MACD_KDJ_RESONANCE,1,6.6910932315,6.5549349545,6.5949179265,64.15496326898155,0.04880291347212129,0.028364077949894203,84.70244142990505,73.47065484119915,107.16601460731687,95110319.5235,19585345.05,131920612.80500002,0.045376933689962234,0.0541675925031484,0.07943409441325766
sh.600231,,2026-02-27,2.48,2.4793,197563620.94,2.8298,-6.098742,1.498721,MACD_KDJ_RESONANCE,1,2.3615,2.220166666666666,2.2281666666666666,61.23642688820375,0.04790264904086827,0.04074928867023229,69.83183601537912,60.933599390724865,87.62830926468766,66960034.788166665,46601730.95,112117537.478,0.1091703056768559,0.11703325576157964,0.09251101321585908
sz.002023,,2026-02-27,12.46,-0.32,197175674.2,2.1312,72.125478,2.112428,MACD_KDJ_RESONANCE,1,12.588,13.105333333333332,12.706,45.733866638050685,-0.3481323384334196,-0.396478413543495,80.9140368572022,75.80043093350451,91.14124870459759,513267037.82683337,24551879.3,314752485.352,0.23456790123456797,-0.049242038864584226,0.04705882352941182
sz.002284,,2026-02-27,16.75,0.1195,196586938.02,1.6068,32.213782,3.869076,UP_TREND,1,16.747,15.193,13.971,55.47669541095958,0.18678574225483757,0.2610637323372543,54.00974832876416,47.76534540619746,66.49855417389757,373894134.66216666,20022294.25,338788677.49549997,0.06651376146788991,0.10248140591061672,0.4111204717775907
sz.002338,,2026-02-27,55.98,0.1252,195588797.76,1.4648,227.432861,9.867798,MACD_KDJ_RESONANCE,1,55.4695,56.192,55.014916666666664,50.2638070138703,-0.6554009948049426,-0.8291498288673779,89.43454296989036,78.97895259568912,110.34572371829285,467672275.43333334,4910820.5,278156693.684,0.21060382916053025,-0.0037727790432802166,0.10066850176956343
sz.000586,,2026-02-27,15.82,0.0,195497706.84,6.3882,380.98627,9.036828,UP_TREND,1,14.699000000000002,13.923833333333333,13.752833333333333,64.33083349034254,0.48330674092857784,0.3915675675157388,63.30938424146261,61.26040824649291,67.407336231402,119167968.33383332,10771782.35,159553590.27749997,0.07547169811320754,0.13618136767891986,0.1859070464767616
sz.000990,,2026-02-27,8.9,0.2252,194900443.14,1.8014,93.465486,0.605184,UP_TREND,1,8.7305,8.156333333333333,7.90675,59.296731931501164,0.14343892662739854,0.13167731484344103,73.89108690981797,74.54392561896987,72.58540949151418,209430243.15649998,42792960.25,377063935.10749996,0.1184068891280947,0.09117659078834461,0.19463087248322153
sz.002967,,2026-02-27,24.09,0.795,193610574.96,1.3982,38.174076,4.490385,UP_TREND,1,23.804499999999997,22.865833333333335,21.3796870055,55.42289681270053,0.05995765116078289,0.11573020987443691,59.65221811026295,43.10848698097749,92.73968036883389,323930297.2291666,9976080.9,239823140.7335,0.11191489361702124,0.053536936477276864,0.16096385542168679
sz.002110,,2026-02-27,4.63,2.6608,193333323.72,1.7289,47.593838,0.571948,MACD_KDJ_RESONANCE,1,4.4235,4.431,4.413916666666666,59.227612059370806,0.016323583601072222,-0.0075663643064544876,75.67929419507502,63.95512751562984,99.12762755396537,206046506.3018333,43085750.0,191052098.2255,0.15337423312883436,0.04491085533739558,0.06682027649769595
sz.000009,,2026-02-27,9.55,0.5263,192480351.89,0.7852,349.490606,2.444044,MACD_KDJ_RESONANCE,1,9.660499999999999,9.952333333333334,10.427166672666665,44.98334014763252,-0.14292714117038585,-0.15601306856474123,48.48400116452345,47.48122025484349,50.48956298388336,313706032.6213333,32970902.4,322680687.9,0.10854947166186367,-0.040426030746558594,-0.052579365079365004
sz.002100,,2026-02-27,7.19,1.8414,192163550.91,1.9691,21.756732,1.368978,MACD_KDJ_RESONANCE,1,7.0954999999999995,7.147833333333334,7.2798333333333325,54.60738850423831,-0.03552633085605539,-0.04306180586035735,68.70240412389049,50.56339592686518,104.98042051794111,182028434.7485,24251459.45,172627253.72849998,0.08947368421052629,0.005899223540933196,-0.011004126547455195
sz.002106,,2026-02-27,12.53,-0.3975,191280624.84,2.1859,29.714077,1.586772,SMALL_GROWTH,1,11.909,11.292166666666668,11.431083333333333,69.47604060703704,0.28214096016538726,0.22103855389031718,92.89185793907083,89.74859036097361,99.17839309526525,133512096.96583335,16523540.85,196979960.83049998,0.06198347107438017,0.10961876226882916,0.20480769230769225
sz.000995,,2026-02-27,15.92,1.0794,191238987.0,6.7959,-1370.205353,19.152975,SMALL_GROWTH,1,16.19,13.886166666666668,13.9705,52.0321592576101,0.6168975359228916,0.9042854142089962,7.570986724264655,9.588572790617972,3.535814591558019,255556812.33516663,30996025.75,537315430.387,0.22000995520159283,0.14646470708258819,0.2505891594658287
sh.600255,,2026-02-27,3.99,1.0127,191212206.54,2.6674,171.099191,4.976653,MACD_KDJ_RESONANCE,1,3.929,3.9396666666666667,3.9545833333333333,53.692258907786936,-0.02108047189439244,-0.0360874446161543,87.65693515734809,78.20104710250735,106.56871126702958,410035631.8768333,89152294.35,358568615.2624999,0.14814814814814817,0.012776038581944427,0.09615384615384626
sz.002263,,2026-02-27,3.63,1.9663,189941319.0,2.8119,134.149541,2.464099,MACD_KDJ_RESONANCE,1,3.5149999999999997,3.4448333333333334,3.6110833333333336,60.08950272877839,0.016349638825492008,0.0062866720629830945,85.25676664387872,74.8840037350028,106.00229246163053,156625474.2295,45656367.95,161057698.6665,0.08648648648648656,0.05375199574241618,0.04610951008645525
sh.601083,,2026-02-27,12.53,2.453,189185547.35,7.7956,10.91007,1.774457,MACD_KDJ_RESONANCE,1,11.8935,11.581500000000002,11.711314178999999,67.03551018839383,0.1371397446604128,0.08623048833209918,85.35628201964303,76.61867640033847,102.83149325825218,85651560.50266667,9268816.25,110587672.6935,0.042535446205170954,0.0818978543366573,0.1207513416815742
sz.000551,,2026-02-27,15.36,-0.5825,188988832.3,2.5557,28.914519,2.646081,UP_TREND,1,15.133499999999998,13.912666666666667,12.633166666666666,54.741868304873556,0.18665079498572545,0.2156587139514918,67.09469373737447,60.50415776404059,80.27576568404221,511733713.3515,20799238.75,317470594.807,0.16617560400707124,0.10402990080981356,0.43016759776536295
sh.600623,,2026-02-27,9.55,0.0,188972951.16,1.0507,32.879171,0.914881,SMALL_GROWTH,1,9.580499999999999,8.452666666666666,8.445083333333333,58.223897368537166,0.2030641543723508,0.2672711825667916,64.50511107385384,58.193034738123345,77.12926374531483,186898857.52283332,24904035.75,240278912.46750003,0.09198813056379819,0.12982096379840713,0.2259306803594352
sh.601311,,2026-02-27,9.8,0.3071,188733319.14,1.6511,15.424463,1.166873,MACD_KDJ_RESONANCE,1,9.610000000000001,9.359666666666667,9.886166666666666,58.32106697993853,0.06888068705311134,0.05357226305406754,93.18087621573983,85.82914861392574,107.88433141936801,176451124.368,19048058.85,183247632.4575,0.06552419354838714,0.04704583496563264,0.07456140350877205
sz.000410,,2026-02-27,7.79,1.0376,187595692.26,1.4406,268.591501,4.890954,MACD_KDJ_RESONANCE,1,7.63,7.489000000000001,7.519749999999999,57.30482515218914,0.012496264449893602,-0.00907004565752776,89.37979300467852,78.37608937630571,111.38720026142414,216919510.70316663,31884902.2,249086512.0055,0.10975609756097555,0.040192282013619796,0.025000000000000133
sz.002627,,2026-02-27,8.78,4.8984,187217875.07,3.0028,69.515064,2.052706,SMALL_GROWTH,1,9.033,7.977333333333333,7.1314166666666665,51.66562982173298,0.09504666693559471,0.22854045411900678,22.23446091582242,14.99901360316817,36.70535554113092,200847997.30716667,26228056.0,239644179.702,0.1638361638361639,0.10061841885341805,0.37187499999999973
sh.600310,,2026-02-27,4.18,2.9557,185853948.52,3.0663,-19.866169,2.014153,MACD_KDJ_RESONANCE,1,3.9445,3.878,3.9353333333333333,70.01638764547786,0.04210302441669045,0.02185324079564623,91.77286110015939,83.12788990676185,109.06280348695446,64169833.55516667,19922364.05,78867253.89150001,0.04511278195488726,0.077875193398659,0.07731958762886593
sh.600395,,2026-02-27,5.97,1.8771,185120803.0,1.458,248.405933,1.219794,SMALL_GROWTH,1,5.4955,4.992333333333334,5.133,70.11750466301297,0.25948071058977007,0.23533047791008044,82.40519656105903,76.2667771469008,94.6820353893755,147445018.975,51841371.75,288354755.584,0.07370184254606357,0.19583361153769108,0.24895397489539728
sz.002383,,2026-02-27,11.38,0.708,184291474.0,2.1963,-55.913247,4.977359,MACD_KDJ_RESONANCE,1,11.325,11.363166666666668,10.341166666666664,48.563003356814015,-0.15026500050027103,-0.16164365167091338,66.26300363664312,55.077901428016524,88.6332080538963,626073658.8275,20547051.45,234611589.667,0.2788398154251813,0.0014813945643086246,0.19412381951731383
sz.002507,,2026-02-27,13.3,0.834,184259873.88,1.2069,19.146883,1.727132,UP_TREND,1,13.239500000000001,13.012399557833334,12.984512002666666,54.74287349857573,0.04561721513964834,0.0647869635656339,41.07337317386897,32.08075862378568,59.058602274035565,196177418.42866665,18022265.1,238955934.39499998,0.03706505295007562,0.022102029751579044,0.028651876794027364
sz.002158,,2026-02-27,27.79,-0.608,183581729.68,1.2457,31.633005,3.409116,SMALL_GROWTH,1,26.1455,25.065166666666666,25.178416666666667,62.48793139612319,0.5580849940341253,0.3703958059040777,81.33776660619002,76.60256565262783,90.80816851331437,225851980.9703333,7574678.9,199707795.40449998,0.09429742825195668,0.10870996269723587,0.273602199816682
sz.002829,,2026-02-27,28.37,-0.4212,181441430.6,4.3886,-35.590835,3.430399,MACD_KDJ_RESONANCE,1,27.5965,28.73466666666667,26.664583333333333,52.58527381173104,-0.41590658063404007,-0.6421284890070219,88.07415986724962,80.7634865420366,102.69550651767568,404715314.8923333,7393670.1,206754325.9345,0.24171708441371365,-0.012690826411767442,0.03843338213762815
sh.603696,,2026-02-27,18.76,1.4602,180344303.06,4.1167,109.647517,7.60359,OVERSOLD_REBOUND,1,19.468,20.449666666666666,16.494666666666667,43.11838753255654,-0.6250643889207304,-0.5295116054918456,11.774453448458114,10.519133168754038,14.285094007866263,639802030.7848333,13585400.4,269047414.67649996,0.3121279761904762,-0.08262563366966036,0.5738255033557049
sh.603608,,2026-02-27,11.51,0.2613,180264914.4,3.7509,-74.006711,4.568515,UP_TREND,1,11.016,9.374166666666667,8.477,61.45251197125953,0.39346714231599655,0.4025638076086882,73.18863955542602,69.12953541743668,81.3068478314047,,24123345.1,272323852.732,0.14708691499522453,0.22784247488665654,0.6097902097902097
sh.600337,,2026-02-27,2.77,0.3623,178104165.42,4.4807,-6.188143,1.583669,MACD_KDJ_RESONANCE,1,2.6990000000000003,2.9283333333333332,2.599083333333333,49.393553719429505,-0.07307797939231309,-0.09980059075613101,67.93733294167839,61.8162053989176,80.17958802719997,,54993297.0,149292353.7575,0.40749414519906324,-0.05406943653955598,0.14937759336099576
sh.600458,,2026-02-27,14.79,-0.6048,177586606.89,1.3959,24.221762,1.781268,MACD_KDJ_RESONANCE,1,14.517000000000001,13.870833333333334,14.182577651499999,58.70640237938917,0.15626407814993826,0.13192221621713576,86.80346764342565,83.07041448026013,94.26957396975672,175918982.44533336,13099829.6,191171508.644,0.07057256990679087,0.06626614598978664,0.1465116279069767
sh.603188,,2026-02-27,5.84,0.5164,176945457.0,5.3349,-14.494584,4.339627,UP_TREND,1,5.465999999999999,4.957999999999999,4.704916666666666,64.12947200966991,0.28094895688133814,0.26258098233445404,57.623203626665656,62.391388767196204,48.08683334560456,115915293.35649998,39468117.95,219917862.79450002,0.10358565737051785,0.1778943122226706,0.1869918699186992
sh.603556,,2026-02-27,38.7,-1.9757,176773528.33,0.9362,19.959612,2.551761,UP_TREND,1,38.4875,36.5295,33.50491666666667,53.65582878702051,0.27765384074623256,0.28288517501817034,73.58502722668912,68.09987056452789,84.55534055101157,191343608.32483333,4986620.0,192621567.57250002,0.11575408261287225,0.059417730875046315,0.15007429420505214
sz.002983,,2026-02-27,24.91,-4.0816,174222139.69,5.4521,40.45041,4.062248,SMALL_GROWTH,1,25.309,23.526141011666663,22.097719650416664,50.01772560784178,0.5290752988942558,0.6875387455482846,14.541094983413975,20.605345981167048,2.4125929879078285,219835118.72300002,8624661.15,220138695.0025,0.1371610845295056,0.05882218369970138,0.2824211782359123
sh.603578,,2026-02-27,15.98,9.9794,173845361.42,6.3511,-21.93053,2.93915,UP_TREND,1,15.272,13.314333333333334,13.233166666666667,62.77096512951397,0.3524045153255013,0.48182017816665335,44.086748008447834,29.42918911622213,73.40186579289923,80175945.15566666,11342436.6,174334447.7205,0.16470588235294123,0.20021029967703985,0.23780015491866768
sh.600523,,2026-02-27,16.0,0.9464,172853592.3,2.6531,36.229673,2.066403,UP_TREND,1,15.335999999999999,15.291833333333333,14.9545,59.13525069187889,0.08376074879976159,0.0010773624876600496,74.37727743054586,74.72810019757675,73.67563189648408,131253159.72566669,7366140.2,113619284.993,0.13799283154121858,0.04631012196052353,0.09814687714481818
sh.601000,,2026-02-27,4.33,2.3641,172431931.04,0.6762,14.370821,1.223853,UP_TREND,1,4.2605,4.024666666666667,3.9883333333333337,62.448778552091774,0.04626015519824822,0.05927386200816005,62.635333638602376,41.55041948789945,104.80516194000822,189682674.8955,52184549.2,222945881.55300003,0.05251141552511405,0.07586549610733817,0.11025641025641031
sz.002578,,2026-02-27,4.69,3.304,172337994.0,4.3242,-278.735419,2.899278,MACD_KDJ_RESONANCE,1,4.514,4.516833333333334,4.103583333333334,56.31173351305676,-0.0091397681687031,-0.03253437614043131,86.08841192457395,72.30241324538557,113.6604092829507,375949323.5426666,64128609.9,299799964.085,0.23992673992673985,0.03833806870595158,0.16957605985037416
sh.600582,,2026-02-27,6.12,0.1637,171745533.21,0.6792,9.091141,0.993011,MACD_KDJ_RESONANCE,1,6.016,5.918166666666667,5.991833333333333,61.229922697761545,0.03793449442228525,0.029183942229237054,85.46692531361086,75.92774396588695,104.54528800905865,173616936.02899998,36763781.45,221223043.262,0.03703703703703714,0.03410402996423434,0.030303030303030276
sh.600982,,2026-02-27,5.01,2.6639,171315868.5,3.0788,16.997987,1.271716,MACD_KDJ_RESONANCE,1,4.7165,4.555666666666666,4.62275,71.11748986870239,0.07342394360478899,0.0507830785275472,86.7802829013084,78.88232078362913,102.57620713666694,73908514.652,18188148.9,86155568.68200001,0.044052863436123385,0.09972927489573435,0.12080536912751683
sz.002791,,2026-02-27,24.71,-0.7232,171033501.05,3.6179,118.675945,1.572555,UP_TREND,1,24.407999999999998,22.86116666666667,22.7235,55.04403103770484,0.5820738085740693,0.6529946462988042,37.434942087396536,39.090794948393665,34.12323636540228,180826215.63416666,12153354.8,299338639.897,0.10317124735729379,0.08087222145268158,0.041736930860033716
sz.001316,,2026-02-27,51.03,-0.4098,170714453.23,2.9835,43.673029,4.699287,SMALL_GROWTH,1,53.55650000000001,43.22350000000001,38.433315493833334,51.41486171846629,1.9961499068532191,3.171591413424389,10.378106790625827,11.438939813139545,8.25644074559839,213751325.92200002,6457594.2,349155932.06700003,0.1870813397129187,0.1806077712355545,0.48343023255813966
sz.002933,,2026-02-27,37.41,0.4295,168878290.0,3.9536,141.290569,2.86896,UP_TREND,1,36.0435,35.39616666666667,34.60908333333334,60.64749232109213,0.3903150030705831,0.22376864961141202,80.02627269204743,78.41085612834156,83.25710581945916,128579018.35983333,3227861.45,116952816.97999999,0.08280423280423269,0.056894108119052156,0.12140287769784175
sz.002451,,2026-02-27,10.73,0.6567,168684606.0,3.6001,358.971376,6.100711,MACD_KDJ_RESONANCE,1,10.486500000000001,10.7,9.382416666666666,51.75393435226617,-0.10629510467011016,-0.14127664134577256,87.24473731994169,73.34963569897901,115.03494056186705,577108815.9056667,22134085.55,234361958.42249998,0.19200000000000003,0.002803738317757043,0.034715525554484206
sz.001298,,2026-02-27,31.73,0.5068,168519184.15,3.2367,192.26907,5.846028,MACD_KDJ_RESONANCE,1,31.120000000000005,30.8435,32.491749999999996,55.98495481056963,0.01353394129411356,-0.07142547351907584,91.99554471986163,87.88865840275236,100.20931735408016,292277922.78716666,6494204.2,204341723.74949998,0.11725146198830413,0.028741874300906245,0.023548387096774315
sh.600742,,2026-02-27,10.83,0.838,168444519.56,2.1083,16.086332,0.927247,UP_TREND,1,10.006499999999999,9.858794630833334,9.788515400916667,70.45153009097072,0.23146897233880992,0.10717785646565985,76.57425796856282,76.82151180343897,76.07975029881052,91100772.53899999,11208584.8,114999452.479,0.062252964426877375,0.09851157322308213,0.13909399581093607
sh.600787,,2026-02-27,5.94,1.1925,166472002.74,1.2986,30.805759,0.927031,MACD_KDJ_RESONANCE,1,5.843999999999999,5.740333333333333,5.874499999999999,59.64616950186969,0.02576273283749675,0.022574569690060418,80.65027581061048,67.79275156076017,106.36532431031111,134757825.88300002,29982588.95,175345340.754,0.03541315345699831,0.03478311364032294,0.04210526315789487
sz.000561,,2026-02-27,11.37,-0.1756,164394897.2,2.0208,-45.650283,3.114506,MACD_KDJ_RESONANCE,1,11.575,11.779,11.553083333333335,46.21134245545532,-0.2174497210439057,-0.21802262226342028,51.28444959855143,43.30161530335954,67.25011818893523,530487287.357,30059647.7,358382096.778,0.22269203664552503,-0.03472281178368286,0.039305301645338186
sh.605398,,2026-02-27,33.41,10.0099,164232393.2,3.0902,812.294577,5.278498,MACD_KDJ_RESONANCE,1,31.278999999999996,30.491833333333332,30.90716666666667,60.599186836498774,0.237676967243857,0.20588497112392673,66.68050931811435,54.69891046606244,90.64370702221817,165466907.88316667,4993733.0,156875313.8905,0.17338587450742657,0.09570322108105445,-0.018507638072855492
sh.601375,,2026-02-27,4.43,1.1416,163270432.7,1.0753,43.564093,1.435928,MACD_KDJ_RESONANCE,1,4.3935,4.3678333333333335,4.4591819495000005,53.425865200309,0.003279724116985072,0.0008743105253845551,61.75362413919423,57.25344787874221,70.75397666009826,174968193.03583333,47257608.4,207745386.37550002,0.042316258351893184,0.01423283855458446,0.0374707259953162
sz.000565,,2026-02-27,8.72,1.9883,162266704.63,4.329,649.186593,3.032603,MACD_KDJ_RESONANCE,1,8.4535,7.881166666666667,8.10675,60.83478041287794,0.18174996208252558,0.17681290937368538,59.83120236831779,55.663948192492484,68.16571071996839,147661160.09316668,28330903.05,240589742.50649995,0.08750000000000015,0.10643517245754652,0.1815718157181574
sz.002864,,2026-02-27,36.68,-2.6281,160837916.1,5.8807,32.350197,2.315016,UP_TREND,1,36.4525,34.68533333333333,32.927759391833334,52.99752082944541,0.667943544493582,0.6757847502285741,39.70287372104205,43.818036386190386,31.472548390745388,236862711.50000003,6558007.45,242452636.82750002,0.16218418907905466,0.05750749596371185,0.06442251886244921
sz.002729,,2026-02-27,19.18,5.8499,158978378.68,4.8575,84.368595,6.332879,UP_TREND,1,18.59,17.4528204375,16.131136749,59.94189757106269,0.2715254324056886,0.3531305055329048,46.47038613597698,35.069173805070115,69.27281079779071,217766804.86666667,7383606.75,137357826.8205,0.1270996640537514,0.0989627761704861,0.15892816633673723
sh.600901,,2026-02-27,6.44,2.0602,158857771.26,0.4271,11.798091,1.491383,UP_TREND,1,6.319000000000001,6.202017047499999,5.98257431625,58.82121306722807,0.053426267594034016,0.05705301269478724,50.614274228145476,47.237120570961096,57.36858154251425,184921871.776,28808201.25,181829479.004,0.06811145510835923,0.03837186364973477,0.0033752046168722405
sz.002012,,2026-02-27,7.38,2.5,158559988.77,4.6538,710.468153,2.237355,UP_TREND,1,6.800999999999999,6.430833333333334,6.1075,66.35139520452475,0.291362921996428,0.24262820169189317,66.62847536817816,67.81774234732845,64.24994140987758,143644245.85516664,28381771.55,195977386.144,0.1209800918836141,0.14759621614617058,0.18080000000000007
sh.601156,,2026-02-27,19.03,2.5876,158019153.42,0.8843,11.52416,1.586027,UP_TREND,1,18.755000000000003,18.076166666666666,16.971833333333333,55.416441572465295,0.11203649849000996,0.14629339757667728,38.40390821507946,37.08362580469709,41.04447303584419,167297458.05783334,8247680.05,154870047.5465,0.08247422680412361,0.05276745622689183,0.16748466257668704
sh.603162,,2026-02-27,15.12,-1.1765,156019647.43,3.6961,35.870533,3.241032,UP_TREND,1,14.1516653525,12.989625229166668,11.542310457083333,62.50947942581547,0.6227411741263165,0.5542064428695905,74.50655921870424,72.75843975286921,78.0027981503743,343513741.95233333,23608049.05,337487125.753,0.14014598540145978,0.16400586877978784,0.37338672192549893
sz.000531,,2026-02-27,6.92,4.0602,155315197.9,2.5013,17.073067,1.034534,MACD_KDJ_RESONANCE,1,6.5954999999999995,6.603243806666667,6.589593815833333,61.30473065902859,-0.03861409004282823,-0.07820746190608721,91.4991551996149,82.55691501392525,109.38363557099422,78719241.834,15233179.4,100027286.268,0.14835164835164835,0.04796978615472813,0.0647525640595763
sz.002144,,2026-02-27,17.04,3.8391,152946251.79,6.5894,138.15261,1.417615,UP_TREND,1,15.011500000000002,13.642333333333333,13.388333333333332,77.37391262945786,0.7470666047738224,0.6012943899997625,88.79170223897745,85.73227420695629,94.91055830301977,85454390.0555,9088547.25,136209672.4685,0.10271460014673517,0.24905319226916212,0.290909090909091
sz.000576,,2026-02-27,11.32,0.7117,152587539.08,3.1318,63.322337,2.991609,MACD_KDJ_RESONANCE,1,10.971,10.711666666666668,10.739416666666667,59.579927551870526,0.06701135835331229,0.022233104903572797,93.77927060755427,89.33727994400351,102.66325193465576,124301170.123,12514215.35,138468078.16500002,0.1244707874682473,0.05679166018360027,0.08429118773946365
sh.601228,,2026-02-27,3.59,2.2792,152116754.34,0.5656,30.47753,1.275773,UP_TREND,1,3.5239999999999996,3.4069999999999996,3.4043333333333337,57.85693435562434,0.011247620273713288,0.01240250306441835,74.91400456851676,59.74829940048747,105.24541490457534,114005322.323,36927681.4,130633938.90700002,0.09599999999999996,0.05371294393894921,0.09118541033434635
sz.002132,,2026-02-27,3.99,1.269,151874029.0,2.7309,369.414305,1.611275,MACD_KDJ_RESONANCE,1,3.9204999999999997,3.6991666666666663,3.7849166666666667,58.07733187459884,0.041208138279140716,0.040767840446527856,72.84607148042228,64.58435718166132,89.36950007794422,130764255.43783332,46728323.9,185061670.925,0.10952380952380951,0.07862131110610515,0.08130081300813008
sh.601965,,2026-02-27,20.0,0.7049,151506614.12,0.759,18.923532,2.676751,UP_TREND,1,19.3665,17.9805883525,17.769920052916667,62.22627130856891,0.4259689333731487,0.38750870832950096,68.21458948939372,66.79160599875877,71.06055647066361,192287947.69749996,12209662.95,238013586.82999998,0.09140316205533587,0.11231065457428291,0.18969779174750023
sh.603172,,2026-02-27,24.69,-1.3189,151144727.6,12.2253,58.836981,3.02988,SMALL_GROWTH,1,24.893,20.53033333333333,19.31175,54.16700016539928,1.1863949819080837,1.5307084316906172,30.64951158564726,34.05160942202258,23.845315912896623,108836380.41383334,9433783.8,242866968.2395,0.22775457757789913,0.20261077105421266,0.32884822389666324
sz.002845,,2026-02-27,15.62,-0.8883,150237370.2,3.865,-92.483593,2.151366,UP_TREND,1,14.994,14.679,14.5745,62.30313351249425,0.21201713363054253,0.13627184691886524,75.21372364895564,76.83486290881464,71.97144512923762,149503449.24216667,7417860.9,112024074.081,0.10793237971391417,0.06410518427685807,0.10077519379844957
sh.601966,,2026-02-27,15.3,0.3279,149064827.72,0.6673,18.538068,0.962389,MACD_KDJ_RESONANCE,1,15.1465,14.919469905999998,15.122439082083334,56.25229717069968,0.07442469776315619,0.07353871404622891,67.54076305279402,62.59358423986325,77.43512067865555,194635520.33466667,15921729.6,241116774.519,0.03876478318002627,0.025505604180143804,0.03449168714427753
sz.002540,,2026-02-27,7.7,1.3158,148700356.3,2.2178,23.671972,1.776801,UP_TREND,1,7.583500000000001,7.230166666666666,6.9444796391666666,57.43653975156689,0.0515852724683068,0.05813787452749484,79.6874865308103,66.23069127369212,106.60107704504668,208153084.97833332,26209690.1,200638804.3525,0.10767160161507401,0.0649823655517392,0.12737920937042468
sz.002559,,2026-02-27,10.65,-0.653,148322110.0,2.7697,77.839986,3.309879,MACD_KDJ_RESONANCE,1,10.4955,10.338166666666666,10.591583333333334,55.167914898706044,0.04045687984549673,0.019081290520180278,77.72450342448236,74.07348727990923,85.02653571362865,185224685.4963333,16751872.45,176356493.0725,0.09082308420056773,0.030163310709506952,0.02898550724637694
sz.002866,,2026-02-27,20.2,0.0,146767312.0,4.025,-115.390608,2.815823,UP_TREND,1,19.47,18.9145,18.884583333333335,62.23065074903648,0.3419023243672399,0.28147925132952234,81.40622716465384,79.91521981033844,84.38824187328464,211968342.068,10175139.1,197815226.43800002,0.18380213385063057,0.06796373152872137,-0.0073710073710074875
sz.002004,,2026-02-27,5.56,0.361,146642038.36,1.4066,-79.113103,1.135008,UP_TREND,1,5.5515,5.140333333333333,4.971726392,57.20553479656433,0.06560273374827297,0.08523393523134708,60.53491391250664,52.51910089620567,76.56653994510859,226929998.39650002,50842988.65,285944050.041,0.0884353741496598,0.08164191686661026,0.15833333333333321
sh.603999,,2026-02-27,7.9,1.023,145493306.0,3.2008,64.771644,2.224314,UP_TREND,1,7.836499999999999,7.470333333333333,7.072916666666667,53.03399698979591,0.127880523461406,0.16913371123847093,20.114188345333133,20.571790854901863,19.198983326195673,171558114.28000003,23321018.6,185782842.50149998,0.1383647798742139,0.05751639819731391,0.11111111111111116
sz.002564,,2026-02-27,7.66,1.7264,145455608.44,2.2179,86.363699,33.432382,MACD_KDJ_RESONANCE,1,7.567,7.758333333333334,8.24,52.030485764729974,-0.0747061089943779,-0.09601070896660019,74.4623943242733,63.91354452814935,95.56009391652121,151909407.18166667,12911281.45,98432728.79450001,0.20983606557377046,-0.012674543501611235,-0.13738738738738743
sz.002582,,2026-02-27,11.88,0.0842,145331428.16,3.5551,-333.301443,1.703214,LOW_VAL_BLUECHIP,1,12.787,11.836000000000002,10.899666666666665,43.6762679661355,-0.22233537408269832,-0.04297177719716737,18.970965392808203,16.734899349894313,23.443097478635984,466290769.582,39545843.45,523510218.47850007,0.27873918417799753,0.0037174721189590088,0.18444666001994037
sh.603181,,2026-02-27,17.59,-0.9572,144279576.07,1.3936,23.031938,3.102525,SMALL_GROWTH,1,16.59,15.403333333333334,16.299166666666668,66.84113624501845,0.4561904928452343,0.35405323336885214,83.5172753604869,79.41342879821995,91.72496848502081,162821674.02866665,11258747.15,187920667.1095,0.04875148632580263,0.1419606145855874,0.21730103806228374
sh.600997,,2026-02-27,6.38,2.5723,143572155.01,1.4288,28.714411,0.721481,MACD_KDJ_RESONANCE,1,6.1925,6.0165,6.389333333333334,57.02473460023874,0.07052752060926881,0.06515536170377065,68.84440055111101,59.41853603606593,87.69612958120118,96198891.35366665,25275286.6,156743179.08349997,0.08231707317073171,0.060417186071636264,0.042483660130719025
sh.600708,,2026-02-27,4.3,-2.2727,142879724.15,1.482,-7.573603,1.048438,SMALL_GROWTH,1,4.1659999999999995,3.695666666666667,3.7143333333333337,60.8004317273711,0.15981915883808284,0.15448517485208285,53.625241467991984,59.871536280671975,41.13265184263199,141626337.98916665,46922517.0,196782028.2255,0.10888252148997143,0.16352484892216101,0.20448179271708677
sz.002040,,2026-02-27,10.88,2.0638,142784711.7,2.7122,31.317616,1.571521,MACD_KDJ_RESONANCE,1,10.5365,10.2585,10.509916666666665,60.19656569402637,0.08855619378137547,0.05171835626160992,66.09648880298568,61.225258585872744,75.83894923721154,138747621.29483333,19043511.5,203589714.99949998,0.09302325581395342,0.06058390602914665,0.07192118226600996
sz.002423,,2026-02-27,11.13,0.542,142344362.61,0.5555,-253.830285,1.14907,MACD_KDJ_RESONANCE,1,11.177000000000001,11.562833333333334,12.28975,45.41889099160907,-0.1884501205281648,-0.2140860931540438,80.28152399120502,68.42209094755655,104.00039007850197,190148989.56566665,14599230.35,164527266.3675,0.12029459901800332,-0.03743315508021383,-0.047089041095890294
sh.600970,,2026-02-27,11.08,-0.1802,142326306.73,0.5706,9.692754,1.311053,UP_TREND,1,10.9085,10.346666666666668,9.779333333333334,57.982243614311166,0.1147907654331295,0.12253214280829526,64.50875818592208,55.83445974568668,81.85735506639286,268815969.7116667,25151955.1,275387919.385,0.07180385288966727,0.07087628865979378,0.17124735729386886
sz.002134,,2026-02-27,24.34,0.2884,142132681.43,2.3866,332.5758,11.813184,MACD_KDJ_RESONANCE,1,23.924,24.243833333333335,22.80625,51.18243449751627,-0.3143401712314713,-0.4117122845526302,79.89087808173197,70.2001512549771,99.27233173524172,263429423.9538333,8634731.5,209952632.4125,0.1966631167909124,0.003966644438792022,0.09639639639639652
sz.002946,,2026-02-27,19.05,2.973,141762951.68,0.8762,23.872122,4.575832,UP_TREND,1,18.753999999999998,18.270492970333333,17.907281743166667,54.832912675454025,0.04469262659873152,0.08988228960942628,39.94241082477662,33.289539705469785,53.24815306339029,116937356.79166667,6091605.1,114593176.701,0.0848329048843187,0.04266480553821905,0.12360519057846298
sh.600780,,2026-02-27,6.58,2.3328,141659939.45,1.8916,12.268013,0.92011,MACD_KDJ_RESONANCE,1,6.182,5.944999999999999,5.95125,73.11498434497301,0.10139321122907585,0.07109840826360903,86.80823165638743,76.73339511285764,106.95790474344705,67988803.78883334,12946007.95,80379857.417,0.04560810810810804,0.10681244743481932,0.1325301204819278
sh.601238,,2026-02-27,8.05,0.625,140554473.58,0.2371,-22.749212,0.743273,MACD_KDJ_RESONANCE,1,7.983500000000001,8.266666666666667,8.031166666666667,50.29463843532646,-0.058336099937577934,-0.08232571660135651,73.16468888395747,67.84667750974123,83.80071163238995,424899279.99966663,24686328.55,197886033.157,0.15783783783783784,-0.02620967741935487,-0.055164319248826144
sz.002412,,2026-02-27,7.43,0.0,138872632.29,3.7722,21.734972,1.653722,UP_TREND,1,7.2295,6.9025,6.7636666666666665,56.96775289288594,0.19707509844641535,0.19755037283669036,20.817683229607226,30.089604559517937,2.273840569785804,121184798.9785,31366461.2,241379048.77999997,0.09078014184397158,0.07642158638174568,0.09748892171344159
sz.001317,,2026-02-27,52.92,2.7573,138869539.28,3.1017,-305.699821,5.270572,UP_TREND,1,50.6845,50.30283333333333,49.07266666666667,55.43803935629272,0.37013508875766377,0.15400921087582425,56.57855658121255,61.278944006327805,47.17778173098205,325940262.22866666,3636729.05,184491377.354,0.18357155157568458,0.05202821577313421,0.2742595713941729
sh.600218,,2026-02-27,11.09,1.2785,138449359.65,2.886,53.380807,1.484539,MACD_KDJ_RESONANCE,1,10.7538983225,10.900419279666666,10.377223916083333,56.66611853433968,0.0031720683584719467,-0.04169081594741756,89.00299809669998,75.0160154649538,116.97696336019237,252209743.72233334,11987599.4,129843204.53299999,0.1433333333333334,0.017392057632771296,-0.042173423717154046
sz.002051,,2026-02-27,8.88,2.069,138312104.84,1.2682,35.748935,0.949435,MACD_KDJ_RESONANCE,1,8.692,8.845166666666668,8.681583333333332,56.31171482274598,-0.029009972682707996,-0.05506267225780285,74.84341101642669,57.804788255646585,108.9206565379869,169038938.04866666,16594159.95,144730110.5475,0.08568329718004347,0.003938120630853081,0.003389830508474745
sh.600918,,2026-02-27,6.41,0.7862,138065609.42,0.5519,29.261041,1.325959,MACD_KDJ_RESONANCE,1,6.422,6.576,6.757583333333333,45.42056012345035,-0.05405538958441625,-0.05977071456675968,51.07807408000751,40.34936776050113,72.53548671902026,216590871.35716668,31996057.45,206122219.987,0.06921944035346093,-0.02524330900243299,-0.031722054380664666
sz.002584,,2026-02-27,9.04,0.5562,138009974.0,3.2827,-82.350478,2.359438,MACD_KDJ_RESONANCE,1,9.039,9.216333333333331,8.983583333333334,49.29708329264072,-0.10677551623816939,-0.1257315228582091,80.37900511634476,73.50135367403186,94.13430800097055,411744204.1666667,27163576.3,250994708.242,0.14158415841584157,-0.019132699193460723,0.010055865921787754
sz.002226,,2026-02-27,6.22,0.8104,137829798.8,0.8388,20.452551,1.606775,MACD_KDJ_RESONANCE,1,6.1525,6.045333333333333,6.25775,55.80523811275736,0.03452968001150758,0.030429461070767952,68.27916386408063,64.0666177491735,76.70425609389488,157616537.88883334,31556304.3,194706076.02,0.08503937007874017,0.028892809880899817,0.006472491909385036
sz.002337,,2026-02-27,7.1,0.2825,137559167.0,3.327,96.515222,3.173673,UP_TREND,1,6.7465,6.5233333333333325,6.2870833333333325,66.02649204220077,0.11211379875302807,0.08103412918111991,96.23734397140657,91.00162512194618,106.70878167032737,124043791.70916668,15864810.05,107053098.95699999,0.08191653786707873,0.08840061318344405,0.1813643926788686
sh.600681,,2026-02-27,4.29,2.3866,137363098.75,2.4066,17.12352,1.637763,MACD_KDJ_RESONANCE,1,4.2075,4.188166666666667,4.210258885333333,54.84593203877408,0.0010183456512464772,-0.0077053846349555664,82.54803411098969,70.73123893030393,106.1816244723612,172727939.37933335,35254310.2,148774849.54549998,0.10633484162895922,0.024314536989135993,-0.016055045871559703
sh.603391,,2026-02-27,72.08,1.7361,136609358.84,8.33,32.0074,3.134729,UP_TREND,1,69.84,67.79783333333333,59.43475,57.321177130812515,1.4809240567559385,1.5428748924240254,29.45167313681761,32.10224239254636,24.15053462536011,142777252.5955,2521267.25,179012773.61949998,0.17665867306155084,0.06316081880689395,0.181639344262295
sh.600080,,2026-02-27,9.16,1.7778,136197977.64,4.0012,43.654886,2.158021,UP_TREND,1,8.19,8.0435,7.831166666666666,76.26214897280603,0.26162874439303074,0.13803276620759247,88.51771922729452,84.2563131493707,97.0405313831422,82197186.85816666,11635545.0,97409897.63599999,0.1423650975889783,0.13880773295207316,0.020044543429843964
sz.000885,,2026-02-27,14.13,2.0217,135703447.33,1.51,7.621819,0.990365,MACD_KDJ_RESONANCE,1,13.838,13.8145,14.347916666666666,59.132708405188865,-0.043430610591455476,-0.06755393668869927,82.04031965364538,66.25824936041357,113.604460240109,68797306.7965,6485515.3,89912971.88000001,0.06311360448807857,0.02283832205291536,0.026143790849673332
sz.002479,,2026-02-27,5.59,2.1938,135572919.2,2.8392,21.449748,1.147396,MACD_KDJ_RESONANCE,1,5.336,5.088166666666666,5.151166666666667,69.8127134305949,0.08279168178951846,0.06722494348569696,91.312270920549,80.71288049001411,112.51105178161876,59464570.773499995,17018268.8,91174210.514,0.051792828685258925,0.09862753447541683,0.13157894736842102
sz.000403,,2026-02-27,14.11,-0.2827,135399214.24,1.0251,23.956504,1.670844,MACD_KDJ_RESONANCE,1,13.770499999999998,13.992833333333332,15.308833333333332,56.75605503214524,-0.04902336756341796,-0.11132024920849493,66.75538297684814,61.02389787044674,78.21835318965095,154039176.92483333,9524288.9,131820788.6365,0.1317880794701987,0.0083733339685792,-0.06679894179894175
sh.603065,,2026-02-27,9.35,-0.7431,133895534.0,7.2929,107.244097,1.937612,UP_TREND,1,8.9625,8.644194346666668,8.618039197333333,61.2296036372936,0.18717185152930327,0.13623398347103816,53.06629117932634,56.96521842988751,45.268436678204,71979497.55766667,9546261.9,87603055.609,0.0998890122086571,0.08165083118538408,0.12242308705637361
sz.003026,,2026-02-27,35.31,0.3695,133513869.5,4.004,104.105095,6.951665,MACD_KDJ_RESONANCE,1,34.283,32.273999999999994,33.6245,62.87113908567356,0.5495915368226179,0.5223666722866283,84.55518779753743,75.60515783098704,102.4552477306382,102585074.94916669,3880472.65,133033331.01400001,0.047481552775104276,0.09406952965235194,0.16804498842209736
sz.002615,,2026-02-27,8.94,-2.5082,133207739.55,4.8215,25.773083,2.450121,UP_TREND,1,8.8,8.161166666666666,8.132,55.76116146584887,0.29034617103357796,0.2866773330229378,38.210339108476504,47.64291432377488,19.345188677879747,96910010.56316666,18483676.8,166597795.07999998,0.07357512953367884,0.09543161721159144,0.10506798516687255
sh.600758,,2026-02-27,4.04,3.3248,133099581.16,2.519,128.440339,0.963968,MACD_KDJ_RESONANCE,1,3.8695,3.8459999999999996,3.9546666666666668,59.28922077409675,0.024295724385942297,0.007954727602736307,84.50863761977591,74.04657724582405,105.43275836767961,81246365.12916666,26667532.15,103455836.126,0.10344827586206885,0.05044201768070744,0.04663212435233155
sz.000507,,2026-02-27,5.61,1.0811,132976560.4,2.6293,17.102258,0.942641,MACD_KDJ_RESONANCE,1,5.478,5.3581666666666665,5.431583333333333,63.290142437857156,0.04243059056615106,0.033533982583426124,77.67127853084612,69.73197854589674,93.54987850074491,59168241.920166664,15518510.05,85185541.926,0.042750929368029655,0.04699990668450038,0.05649717514124308
sh.601200,,2026-02-27,8.72,0.9259,132590781.21,1.1365,19.599201,1.012589,MACD_KDJ_RESONANCE,1,8.501000000000001,8.241166666666667,8.2455,64.39634161653862,0.06738980393383898,0.05933534186684722,83.83111996268414,68.6471927603737,114.19897436730503,81453358.23900001,11590068.55,98670768.01400001,0.03720930232558143,0.05810261492102664,0.07787391841779989
sz.002073,,2026-02-27,8.36,0.0,131374504.06,1.5557,18.3,1.391241,MACD_KDJ_RESONANCE,1,8.283999999999999,8.307833333333333,8.484345810833334,53.65440597450843,-0.020557786253146304,-0.038301006044356864,78.18589457629459,70.34489218282866,93.86789936322646,193834615.81866664,23205137.9,193172742.1275,0.09205983889528192,0.006279214396051946,-0.011820330969267268
sh.603010,,2026-02-27,12.34,-0.6441,131282819.4,1.8007,209.826272,2.012826,UP_TREND,1,11.847,11.107333333333333,11.016833333333333,63.81941645567333,0.3440303800625024,0.31838628635169103,72.9550272303655,71.52276635614786,75.81954897880081,121881278.62833333,15634630.15,184739028.676,0.14537815126050424,0.11097773242902598,0.1394275161588181
sh.603356,,2026-02-27,19.62,4.64,130546813.0,5.0569,-14.672048,6.823012,UP_TREND,1,18.2555,16.0075,15.05325,68.70125892836701,0.5974637876775084,0.6036754808625692,78.71401180052322,70.14610887015206,95.84981766126555,85867053.97,5209462.2,95408050.5,0.07456445993031362,0.22567546462595667,0.4196816208393632
sz.002062,,2026-02-27,10.13,-0.197,130213186.27,1.1505,45.261816,2.470874,MACD_KDJ_RESONANCE,1,9.993500000000001,9.5895,9.844583333333334,55.89924086521616,0.14342275606287913,0.13709131621322287,69.73384515494817,68.18839152234199,72.82475242016054,292967981.7346667,27939455.35,280247787.663,0.17066155321188872,0.056363731164294384,0.05741127348643005
sh.603733,,2026-02-27,24.8,-1.7822,130012538.61,0.7368,18.191493,2.118427,UP_TREND,1,24.4045,23.761833333333335,23.547083333333333,55.98315843217905,0.28075526055322797,0.2463889792748803,55.38143853016413,57.97147371891917,50.201368152654055,90590803.45033333,5134924.7,125583088.0845,0.0583468395461913,0.04369051209572761,0.10467706013363043
sh.600192,,2026-02-27,9.9,1.227,128014114.24,2.9506,-16.549124,4.312718,MACD_KDJ_RESONANCE,1,9.769,9.8065,9.842333333333332,51.615227799631576,-0.11421793056802088,-0.14455831408142272,91.01478587002372,80.01223076849556,113.01989607308002,235935467.09950003,20466667.9,209129650.12649998,0.17709251101321585,0.00953449242849147,0.08791208791208804
sz.002882,,2026-02-27,31.93,-0.1563,127703760.74,1.6261,116.519323,6.528934,MACD_KDJ_RESONANCE,1,32.018,31.875,31.96441666666667,48.63959983993102,-0.2127928484062771,-0.21475231086731555,29.765511551905547,29.340332983001293,30.615868689714056,277402568.2205,6044497.05,195096623.672,0.16487068965517235,0.001725490196078372,0.05379537953795377
sz.000717,,2026-02-27,2.78,1.4599,127487047.0,1.8938,-16.032592,0.859245,MACD_KDJ_RESONANCE,1,2.653,2.6109999999999998,2.7004166666666665,60.40697145870622,0.021908972032417928,0.005750343276837859,78.22904126555386,72.06292921770628,90.56126536124901,83522375.08966666,41012481.4,109048059.53200002,0.09818181818181819,0.0647261585599388,0.07751937984496116
sh.603025,,2026-02-27,17.14,-1.4376,127348946.51,0.6711,27.623104,7.340419,MACD_KDJ_RESONANCE,1,17.389000000000003,17.695,17.54375,44.979924416463255,-0.2813949617740974,-0.3167318248569955,76.96778368467,75.4005562756187,80.1022385027726,157342446.4235,9755084.25,169747899.7185,0.16769865841073273,-0.031364792314213075,-0.007527504342790925
sh.600117,,2026-02-27,3.03,1.6779,127207785.12,1.2948,-9.646659,2.451931,MACD_KDJ_RESONANCE,1,2.902,2.877666666666667,3.0563333333333333,59.52037915312129,0.00957197568556456,-0.007006734507482166,81.48793051495959,70.47439369600716,103.51500415286444,84951556.0645,32822715.0,95809043.466,0.09508196721311477,0.05293640681107359,0.04123711340206171
sh.603040,,2026-02-27,100.63,0.2491,127176034.73,0.9314,52.982836,9.438927,SMALL_GROWTH,1,109.06400000000001,92.81150000000001,82.61757335616667,46.04462452037813,1.1210753993933196,3.1217669570410145,12.543988462302456,13.789181624560484,10.053602137786399,221506032.8135,2764900.8,309591441.998,0.16766169154228855,0.08424063828297124,0.3644740582335779
sh.600032,,2026-02-27,8.3,1.7157,127128316.17,0.6395,37.237186,1.541468,MACD_KDJ_RESONANCE,1,7.983999999999999,7.662000000000001,7.665731563166667,65.02125605712641,0.09971750914606492,0.0797768733819812,84.84639293407417,75.61339947096415,103.31237986029421,74490511.71566667,10504892.95,84084847.0015,0.0406905055487052,0.08326807622030796,0.1201079622132255
sz.000650,,2026-02-27,6.02,1.5177,127065237.2,1.5948,18.92279,1.326806,MACD_KDJ_RESONANCE,1,5.9825,5.9668333333333345,6.113166666666667,53.20325844954281,-0.024023009647774707,-0.024165360892054684,64.52766102909037,45.53501928007279,102.51294452712551,158700461.5155,22355319.65,134548099.5705,0.07594936708860765,0.008910365632244677,0.015177065767284947
sz.002221,,2026-02-27,8.58,2.1429,126294478.99,1.0116,34.860214,1.216789,MACD_KDJ_RESONANCE,1,8.4285,8.170666666666666,8.314166666666667,56.31333742444376,0.047281695427649595,0.03754021968257636,74.37169657591889,68.09751293971773,86.9200638483212,120271176.21683334,20083676.0,171056414.99,0.08474576271186442,0.050097911227154235,0.0792452830188679
sh.600983,,2026-02-27,12.25,0.5747,126040481.27,1.3362,20.169604,3.386294,UP_TREND,1,11.719,10.627333333333333,10.557583333333334,66.65530455504398,0.4469255357796609,0.47127751792084466,58.30664511669879,55.15497938941775,64.60997657126086,,,,0.07759456838021345,0.15268803713694257,0.21287128712871284
sz.001266,,2026-02-27,35.7,-1.108,125440429.5,6.0742,92.280862,3.942733,UP_TREND,1,34.4215,32.738166666666665,31.516499999999997,56.788787619980305,0.609134031289976,0.529762447870884,52.91834377853682,52.67792066849084,53.39918999862877,154693596.92466667,3941195.9,137616641.279,0.1729743459486918,0.09047034806469534,0.024978466838932123
sh.605011,,2026-02-27,21.25,1.4804,125204116.36,1.4751,45.209018,3.523686,MACD_KDJ_RESONANCE,1,20.5655,20.520833333333332,21.20779328333333,63.25360517998358,0.06639452655577571,-0.0015684295149835034,80.66533757183606,71.71821556750275,98.55958158050268,56012380.81700001,3089804.3,63756433.64000001,0.054647361046240156,0.035532994923857864,0.024590163934426368
sh.603816,,2026-02-27,35.76,-0.9967,124908668.24,0.4287,18.400494,2.844433,UP_TREND,1,35.138,32.53133333333333,31.39625,57.54849528452555,0.9096584901602682,0.9804075084969206,49.507796360995016,53.34768779362002,41.828013495745,201600525.22666663,6925806.7,242021236.26599997,0.09172328597899945,0.09924790458429822,0.16330513988288864
sz.002830,,2026-02-27,23.97,-0.1666,124724005.0,7.7937,78.944337,4.892403,SMALL_GROWTH,1,25.503500000000003,21.810333333333332,19.706000000000003,48.48836773282624,0.8437516698373173,1.5152980366108602,7.348356581691974,11.051161167757298,-0.05725259043867581,186068137.19816667,12091945.65,325215638.4225,0.30693950177935936,0.099020342039706,0.3228476821192052
sh.603218,,2026-02-27,14.23,-0.559,124518755.63,0.8501,26.57977,1.434252,MACD_KDJ_RESONANCE,1,13.9095,13.418666666666667,13.56025,58.92769507601617,0.12763214884813934,0.09327713601619234,84.65740848549729,80.83839368591308,92.2954380846657,143290803.89800003,11000136.45,153378946.81149998,0.07237299930410572,0.060463036565977735,0.09884169884169891
sz.002626,,2026-02-27,19.58,-0.051,124196633.02,1.0402,24.772598,2.698486,MACD_KDJ_RESONANCE,1,19.201,19.265166666666666,19.654333333333334,55.37340590521151,-0.07732182284479805,-0.1453668429609042,61.49675534623793,56.06116174769976,72.36794254331429,140591728.3105,7064888.45,137176023.6015,0.100342633382281,0.016342102758865273,0.04649919828968452
sh.603458,,2026-02-27,10.62,0.8547,122951562.75,3.7954,-9.425806,1.138814,SMALL_GROWTH,1,10.9685,10.086,9.359166666666665,46.4288991874049,-0.11536969772339667,-0.021962932428498148,43.16011948251835,38.26943051728842,52.941497412978194,156897188.19766667,12155653.6,134788153.401,0.2082379862700228,0.05294467578822126,0.27185628742514956
sz.002923,,2026-02-27,15.67,1.5554,122895782.98,3.0536,-100.947717,5.011321,UP_TREND,1,15.086000000000002,13.711166666666667,13.614749999999999,61.272940363060584,0.5956809603033921,0.6651726554790152,24.34940560282242,25.707906701910638,21.632403404645984,98763876.246,11135845.6,168820012.8655,0.15885234429671097,0.1428640888813253,0.11689237348538839
sh.600217,,2026-02-27,4.23,1.1962,122608131.61,1.7581,-16.944472,2.281162,MACD_KDJ_RESONANCE,1,4.183999999999999,4.178333333333333,4.2475000000000005,55.589360115391415,-0.015248557609467639,-0.020559476696612664,83.33235748962775,69.7165165087712,110.56403945134085,113925961.83033332,24879189.15,104850552.709,0.11648351648351654,0.012365376944555528,0.041871921182266236
sz.002091,,2026-02-27,9.1,0.11,122338207.44,0.8437,12.842725,0.942105,MACD_KDJ_RESONANCE,1,8.935500000000001,9.007166666666668,8.925356067333333,54.48285633587959,-0.02149112973784817,-0.05829811694864136,69.81016370102991,65.9609960066851,77.50849908971952,224939110.12666667,22209790.9,199718447.7415,0.09619450317124736,0.010306607701274784,-0.0065502183406114245
sh.600864,,2026-02-27,6.57,1.0769,122046363.78,0.8957,22.018095,1.032567,MACD_KDJ_RESONANCE,1,6.5545,6.731666666666667,7.079750000000001,47.20754886639347,-0.06779774064502764,-0.07709078713134866,57.55614045771443,49.968785171293604,72.73085103055607,191758626.62516668,24462523.2,160989379.101,0.10599721059972103,-0.024015845506313527,-0.03524229074889862
sz.002616,,2026-02-27,6.02,2.2071,121963350.1,3.4649,17.513288,1.810163,MACD_KDJ_RESONANCE,1,5.789,5.691166666666666,6.047604257333333,63.44930272248407,0.050745050540959014,0.037713653495387967,80.27619401727301,68.08677274289192,104.65503656603519,68916021.6275,13140909.05,75996226.04249999,0.09166666666666663,0.05777959996485782,0.005008347245408995
sz.002053,,2026-02-27,11.93,2.1404,121159284.28,1.1106,32.984489,1.48301,MACD_KDJ_RESONANCE,1,11.557500000000001,11.715666666666667,12.348916666666666,57.5980194855952,-0.07055135824766978,-0.12153323757938216,84.2527552727813,69.36045703123852,114.03735175586684,100366248.979,8019204.85,93374846.4975,0.10645161290322583,0.018294591288018802,0.0008389261744965459
sz.002953,,2026-02-27,13.24,0.1513,121018901.92,4.3129,37.462865,3.353278,MACD_KDJ_RESONANCE,1,12.924000000000001,12.229333333333333,12.771416666666665,58.194938423943746,0.15863822814556805,0.1451876149482458,88.43594175908778,82.752104444103,99.80361638905737,143463753.22133335,12017284.7,155956506.38700002,0.10778015703069235,0.08264282599215012,0.053301511535401636
sz.000633,,2026-02-27,8.1,2.1438,120966568.0,3.8999,198.580671,15.8757,UP_TREND,1,7.8115,7.800666666666667,7.340833333333333,60.97004048564374,0.05708930169112314,0.024859361527611853,84.63133368271252,76.29336713939018,101.3072667693572,212372104.47466666,15438956.5,121386547.78699999,0.2242888402625821,0.0383727886505425,-0.032258064516129004
sz.000530,,2026-02-27,6.97,1.0145,120901339.06,2.9084,55.417182,1.846849,MACD_KDJ_RESONANCE,1,6.9384999999999994,7.187833333333334,6.874916666666667,49.07870284995127,-0.08285983185049073,-0.09447929502794764,57.99330144867517,48.57646779542337,76.82696875517877,446459839.9471666,19699845.95,137733830.2865,0.18192918192918187,-0.030305840888538604,0.12965964343598047
sz.002372,,2026-02-27,12.27,0.7389,120619080.37,0.6752,22.497241,4.035308,UP_TREND,1,12.1735,11.143666666666666,10.758380531083333,56.780123556292864,0.29693744703168434,0.35552873271716007,39.06318640238822,41.84046481136636,33.50862958443193,174576463.11816666,18043339.8,218864350.36149997,0.05035971223021575,0.10107385360892573,0.16083254493850507
sz.000532,,2026-02-27,16.67,1.0916,120566452.29,2.1134,25.672394,3.664172,UP_TREND,1,16.2095,15.904833333333332,15.321166666666668,58.22031811226609,0.07024267930164996,0.025587738636253445,90.25729068362078,84.77580387952926,101.2202642918038,253744912.14850003,7602199.8,123490049.63499999,0.14536478332419092,0.048109065378449056,0.18479033404406553
sh.603685,,2026-02-27,28.78,1.1244,120205737.71,2.08,305.521248,5.784644,UP_TREND,1,23.877000000000002,21.012,20.012833333333333,79.62984382782983,2.0908788331801027,1.6034791618982045,92.01085356474022,88.87074140818623,98.29107787784818,85616166.62666668,6067189.25,145365279.042,0.16552040348464006,0.36969350847134974,0.47589743589743594
sh.600956,,2026-02-27,7.82,3.4392,119784732.13,0.6594,20.331837,1.574737,MACD_KDJ_RESONANCE,1,7.5605,7.4863333333333335,7.70075,62.933917676594135,0.013507454680553366,-0.003954380386080099,81.64416514240196,65.24381104749693,114.44487333221201,54148630.62,8018207.85,60822384.442499995,0.06410256410256411,0.04457010552562446,0.00903225806451613
sh.603421,,2026-02-27,8.03,-2.0732,119532641.6,2.2901,-9.518118,1.869859,UP_TREND,1,7.983499999999999,7.866333333333333,7.594333333333334,52.425281258587795,0.1186293768482809,0.1080257828835689,48.636691900806774,61.4723739813585,22.965327739703326,196525728.72466666,23898319.65,190674240.905,0.15266272189349103,0.020805966354506378,0.020330368487928796
sh.600768,,2026-02-27,18.35,-1.9241,119409770.0,4.8699,179.740204,6.337762,UP_TREND,1,17.6175,15.199000000000002,13.97625,62.45127240755828,0.7945571092601433,0.8072138537008545,57.105052659813076,58.652903697958536,54.00935058352215,96494672.60883334,9385506.65,166784472.398,0.08345428156748902,0.20731627080728998,0.4291277258566979
sh.601098,,2026-02-27,11.11,0.9083,119241480.09,0.5986,12.598871,1.266638,MACD_KDJ_RESONANCE,1,11.041,11.164166666666665,11.733384266249999,50.41832547806859,-0.05928229100618765,-0.06839366334716246,30.871422028415125,27.456913714270605,37.700438656704165,167352480.64433333,14917403.95,165234432.8825,0.07100085543199317,-0.004851832499813247,-0.0262927256792288
sh.603173,,2026-02-27,50.34,-2.7246,115903606.0,1.4284,20.21708,4.253342,SMALL_GROWTH,1,47.98049999999999,44.07383333333334,45.217,62.986400532161376,1.3712363878550065,1.192394775554333,80.38802743440863,82.78078185088148,75.60251860146292,113304851.54016666,2366242.4,113751871.5865,0.09319796954314728,0.1421743059941083,0.32264844981608
sz.002819,,2026-02-27,29.27,0.5842,115354627.0,1.6863,-42.269148,2.181359,MACD_KDJ_RESONANCE,1,28.333499999999997,28.151333333333337,28.774083333333333,59.676058905208485,-0.0022805721498819764,-0.1324239796201707,90.72524520745145,81.80546691261372,108.5648017971269,145084539.18883333,3425150.3,97538568.3365,0.11295034079844209,0.039737608639022204,0.05212077641984192
sz.002109,,2026-02-27,4.4,1.6166,115121921.78,2.0417,-11.368852,1.377719,UP_TREND,1,4.232,3.8751666666666664,3.8625833333333333,59.585201850133934,0.13202647270283574,0.13021987783593889,50.77670925393177,54.651221531677415,43.027684698440495,72337041.46833332,23154465.0,98669012.73449999,0.07925407925407922,0.13543503505225596,0.23943661971830998
sz.002420,,2026-02-27,8.58,-1.0381,114670799.04,3.3414,57.715276,5.730276,UP_TREND,1,8.245000000000001,7.844333333333334,7.694833333333333,61.14236889577135,0.17592331278405382,0.12570496576667883,82.05577474905466,85.05389077380838,76.05954269954725,,23163169.65,192956268.8935,0.10628571428571425,0.0937831980622954,0.20336605890603088
sz.002783,,2026-02-27,10.34,0.7797,114118064.78,2.4201,30.148068,1.969987,MACD_KDJ_RESONANCE,1,10.1525,9.641666666666667,9.774583333333334,57.717103052598844,0.08068412023095739,0.07445558101747146,89.09445252567568,79.51220916396656,108.25893924909388,151840391.30316666,18140940.75,188058742.2825,0.12681159420289842,0.072428694900605,0.13626373626373622
sz.001326,,2026-02-27,65.45,3.9054,113876894.0,7.3641,178.711736,3.949097,UP_TREND,1,57.371,49.83433333333333,47.49008333333333,74.22396466575428,3.523882413408309,3.121847651240145,87.174187826818,80.75796653050577,100.00663041944244,81230657.53116669,1886716.6,107978724.64400001,0.10780173371860416,0.3133515715403705,0.4655172413793105
sh.603239,,2026-02-27,23.59,-1.5853,113557095.0,1.7712,32.884367,5.091073,SMALL_GROWTH,1,24.491999999999997,22.159499999999998,20.522916666666667,47.42151626147057,0.42084590803001376,0.6453755803143977,18.141548160702627,32.03932877158523,-9.654013061062585,185009070.07466668,6614449.2,162945001.49499997,0.12007249660172173,0.06455470565671617,0.2982938910291688
sz.000925,,2026-02-27,8.56,0.7059,113038838.24,1.97,88.584621,1.752773,MACD_KDJ_RESONANCE,1,8.545,8.709333333333332,8.32525,49.102548084866264,-0.10791654437533715,-0.12752777875590848,68.20706369997187,64.43863099777812,75.74392910435938,324335205.8936667,22990293.9,199597935.8625,0.16649642492339112,-0.017146356399264873,0.009433962264151052
sz.002587,,2026-02-27,7.16,0.1399,112899862.0,2.9787,-1625.434407,3.508438,UP_TREND,1,6.967499999999999,6.812166666666667,6.56975,58.80892545096577,0.07613787921471982,0.05955130386461211,74.6812009832533,71.05841726300258,81.92676842375477,128660597.57233334,18407204.5,128613903.04850002,0.07320644216691069,0.05106060235363197,0.07025411061285491
sh.600125,,2026-02-27,6.46,1.0955,111302251.11,1.324,15.784481,1.093354,UP_TREND,1,6.4355,6.387666666666666,6.316178886333334,52.78683389341986,-0.020762625022433312,-0.016174933011853312,74.17539899261531,58.45648703563592,105.6132229065741,106707376.02399999,18808610.9,121199576.9355,0.07088989441930615,0.011323905442780502,0.0538336052202284
sh.605299,,2026-02-27,12.75,1.0301,110717682.0,2.1164,69.50699,4.253088,SMALL_GROWTH,1,11.928,11.9545,10.760416666666666,61.82773978106725,0.20786381438571766,0.11211670550755264,84.38980794766039,82.66615190041746,87.83712004214624,243591143.72716668,13468550.8,160206527.652,0.29910714285714285,0.06654397925467403,0.2451171875
sz.002701,,2026-02-27,5.73,0.3503,110605103.42,0.7548,13.266172,1.499051,MACD_KDJ_RESONANCE,1,5.7645,5.881833333333333,5.864999999999999,45.85894193270155,-0.052229142619832025,-0.05538305908698089,50.90418511036545,47.71034852685758,57.291858277381166,211873296.5965,28134494.45,162419066.94900003,0.09693053311793223,-0.02581394689864258,0.019572953736654908
sh.603489,,2026-02-27,31.35,0.9337,110332587.96,1.521,92.532934,2.730743,MACD_KDJ_RESONANCE,1,30.4375,30.713833333333337,29.03925,57.96377475402117,-0.14840018309016045,-0.25380805950142693,66.99858788916669,56.15206644861447,88.69163077027112,110554522.81433333,2943663.4,90180760.2255,0.14159292035398222,0.020712708171670702,-0.0057088487155090295
sh.601801,,2026-02-27,6.98,0.8671,110088399.23,0.8059,16.1017,1.122986,UP_TREND,1,6.9335,6.726961928333333,6.656660235166667,54.026088629369745,0.03386496478882517,0.04750670290778421,36.401670129661454,32.401999424007144,44.401011540970075,88747334.3585,16104290.95,111938168.27950001,0.04908835904628326,0.037615505240321756,0.06390340042457554
sh.600335,,2026-02-27,6.68,1.6743,109909759.99,1.1103,23.721033,0.861138,UP_TREND,1,6.6265,6.486666666666666,6.3449522190000005,56.26729982025315,0.006493754421235565,0.009185472420667414,78.15035705307639,63.63824891546622,107.17457332829673,117803242.28466667,20206745.45,135453669.4875,0.08510638297872336,0.029804727646454365,0.09688013136288998
sh.601326,,2026-02-27,3.59,1.6997,109313968.28,0.6439,12.407164,0.988963,MACD_KDJ_RESONANCE,1,3.5385,3.528,3.5515833333333333,55.66285187980203,-0.004231597777315077,-0.0062406365653773655,77.55807349040246,61.99557822310479,108.68306402499779,86486962.15400001,30825759.0,109215220.081,0.07162534435261703,0.017573696145124718,0.019886363636363535
sz.002996,,2026-02-27,8.31,2.4661,109052813.1,3.263,38.170609,1.730997,UP_TREND,1,8.208,7.7925,7.788666666666667,56.89911918013342,0.021199782101199105,0.02982638167831706,79.63568894857357,64.3934514751314,110.12016389545792,124423867.73099999,22759949.65,189590132.95749998,0.13610798650168737,0.06641000962463917,0.0948616600790515
sz.002332,,2026-02-27,9.4,0.1065,108639733.65,1.1755,33.975559,1.551759,MACD_KDJ_RESONANCE,1,9.264,9.2385,9.569765905416666,58.33210927517773,0.012798798240732268,-0.0012900851884784154,59.141633323217405,53.417205851273806,70.5904882671046,116765593.37866667,13114840.95,121808035.22549999,0.05555555555555549,0.01748119283433458,-0.009483667017913588
sh.600128,,2026-02-27,12.35,1.5625,108480806.97,3.5814,66.581543,1.446972,UP_TREND,1,11.7865,11.227666666666668,11.027416666666666,65.18862458024535,0.22347363519787677,0.18049611849598723,52.545399915643415,52.59904912502012,52.438101496889985,79107420.6015,8020132.6,95257630.05,0.08792184724689167,0.0999614048629871,0.18068833652007643
sh.605399,,2026-02-27,16.16,-0.4313,108299624.13,2.1551,-131.742378,2.35165,UP_TREND,1,15.265,14.554833333333333,14.107666666666667,63.25315730239116,0.4184074318039581,0.31644860995265267,64.83045756856791,66.82839691601524,60.83457887367325,156531423.21283334,9603913.0,147467359.6685,0.19221260815822,0.11028409806593453,0.03192848020434225
sz.002060,,2026-02-27,3.94,1.5464,106989725.3,1.7515,13.669608,1.073099,MACD_KDJ_RESONANCE,1,3.7984999999999998,3.7411666666666665,3.7795833333333335,65.7830483558827,0.03346019471999506,0.020622836379246858,86.90128777203482,72.64200298392069,115.41985734826306,87454894.84816667,28304091.25,107574017.37799999,0.0725388601036269,0.053147413908317453,0.0478723404255319
sh.603931,,2026-02-27,33.18,-0.6289,105843334.0,1.6165,51.889689,4.10402,MACD_KDJ_RESONANCE,1,32.8355,34.032833333333336,31.570666666666668,50.331622167414984,-0.24062449041051082,-0.3678954315734647,85.27280266002244,80.5451515523671,94.72810487533312,281172435.04933333,3469287.95,114422326.91399999,0.2217217217217217,-0.025059134071509503,0.024074074074074137
sz.002516,,2026-02-27,6.75,0.8969,105225413.5,1.063,54.968093,2.661109,UP_TREND,1,6.748,6.634333333333333,6.364750000000001,51.545766095932336,-0.011009132411849976,-0.007006061863617797,62.424889297094126,62.035690314384496,63.203287262513385,144254992.36483333,16812037.35,114368366.04800001,0.09128630705394192,0.017434557604381284,0.15780445969125223
sh.601330,,2026-02-27,7.44,2.4793,105154037.6,1.4417,15.034956,1.29854,MACD_KDJ_RESONANCE,1,7.181,7.004666666666666,7.0475060520833335,68.86321787171292,0.05394361941607162,0.040929808151004346,83.00053822687994,68.58887987262847,111.82385493538288,51571185.15133333,8261108.9,59466158.95799999,0.050919377652050964,0.062149043494813094,0.055319148936170404
sh.600425,,2026-02-27,4.65,0.0,104649298.0,1.4059,28.571135,1.141586,MACD_KDJ_RESONANCE,1,4.571,4.398333333333334,4.531916666666667,59.19649798511489,0.05132749109955714,0.04896645690368591,75.49492429197217,67.554004830133,91.37676321565053,117209837.55633333,29942191.8,137133878.37449998,0.06935123042505585,0.05721864342553973,0.05922551252847397
sh.601139,,2026-02-27,6.96,1.016,104622123.0,0.5239,14.232593,1.267808,MACD_KDJ_RESONANCE,1,6.845000000000001,6.700666666666667,6.705666666666667,60.23324128356847,0.04055773595690759,0.035998354151592846,83.21339996344219,73.99036766267629,101.65946456497397,84178731.94716667,17867883.3,122267470.642,0.03458213256484153,0.03870261665505925,0.060975609756097615
sz.002209,,2026-02-27,16.46,-1.2597,104432635.0,4.0534,24.990655,3.990594,UP_TREND,1,16.2625,16.073666666666664,15.534416666666667,52.759570827893604,0.12311640631649823,0.08651073123658533,59.22514288367742,68.9668281612576,39.74177232851707,118944748.94283335,5960637.0,97283121.2875,0.10956521739130438,0.02403517139835354,0.0973333333333335
sh.600874,,2026-02-27,6.45,1.0972,103408639.65,1.3107,12.181511,1.003007,MACD_KDJ_RESONANCE,1,6.2755,6.104666666666668,6.125249999999999,64.66320259023655,0.04746198066481355,0.03823589861689856,84.14159069841045,70.01190549346961,112.40096110829214,93879208.32683334,13410113.65,84248095.0355,0.04152823920265781,0.05656874522223432,0.07679465776293815
sh.605058,,2026-02-27,33.09,-2.9334,102479041.54,2.1783,31.960403,2.712153,UP_TREND,1,31.494500000000006,31.072999999999997,30.202166666666667,59.90928941356899,0.5725605136086394,0.3063093987783029,83.20381507513797,87.42202212605591,74.76740097330207,92222704.14833334,2113669.8,67010314.7255,0.1784482758620689,0.0649116596402024,0.1501564129301356
sz.002476,,2026-02-27,6.76,1.1976,102122837.98,2.4908,58.355996,4.308989,MACD_KDJ_RESONANCE,1,6.524500000000001,6.5633333333333335,6.202333333333333,55.85266402451176,-0.04284280267365048,-0.08388252680842924,81.93105721533126,70.09203282841483,105.60910598916414,177947511.66816667,16047530.45,105486924.513,0.20939086294416237,0.02996444895886241,0.11367380560131779
sh.603018,,2026-02-27,8.13,0.4944,101244097.48,1.8259,16.533421,1.055732,MACD_KDJ_RESONANCE,1,8.004,7.721166666666667,7.742583333333333,59.4620535847545,0.08887150890417939,0.08762752765081232,69.04166432546303,62.28022374975541,82.56454547687827,96962598.14300002,21789120.45,176070974.34149998,0.04689480354879596,0.05294968376972409,0.08255659121171788
sz.002912,,2026-02-27,33.28,1.5873,100721202.0,1.8773,59.038043,3.471897,UP_TREND,1,31.964,30.968666666666667,30.2795,62.56925768240919,0.36118389110095706,0.22700668176914546,56.17800851806601,56.771583108568116,54.99085933706179,126703718.21633333,3428171.55,110613755.118,0.11522872032426174,0.07463457688416253,0.1060152874709206
sz.000513,,2026-02-27,35.44,0.1696,100472921.38,0.4999,14.687508,2.253655,MACD_KDJ_RESONANCE,1,35.411500000000004,35.479166666666664,36.90466666666667,49.67609245309559,-0.08630589859866689,-0.096543831529295,59.05178860834729,56.711386956854255,63.732591911333344,205433211.6195,5657999.8,200312748.18699998,0.06115792334873607,-0.0011039342337052505,-0.010884733463577989
sh.600865,,2026-02-27,12.8,1.1858,100359912.05,2.0983,191.188271,2.096227,OVERSOLD_REBOUND,1,13.5855,14.1435,11.854416666666669,40.04626130149538,-0.5522723656508468,-0.46364601823955165,9.772282245954509,7.332368112791516,14.652110512280496,533603789.12583333,18216767.7,253024729.13000003,0.41751152073732717,-0.09499063173896127,0.4096916299559472
sz.002267,,2026-02-27,8.0,1.7812,100261979.36,1.1324,15.461889,1.351838,MACD_KDJ_RESONANCE,1,7.8635,7.747833333333333,7.9991666666666665,59.402601660677156,0.02661859636461994,0.02205207023685655,77.28639403690897,62.73566170766442,106.38785869539808,69845078.50266667,11671771.0,92008408.515,0.07107231920199494,0.03254673349538573,0.0025062656641603454
sh.603227,,2026-02-27,8.89,1.1377,99993743.08,1.0561,20.703095,1.87345,MACD_KDJ_RESONANCE,1,8.676,8.470833333333333,8.850166666666667,61.61211419864199,0.0677350266120218,0.05237337346502508,85.56657445878713,74.05718500465511,108.58535336705114,85539822.6555,13846560.6,120312439.28449997,0.05373831775700944,0.049483521888834314,0.044653349001175124
sh.601022,,2026-02-27,9.87,1.127,99897561.39,0.7763,18.945572,2.145548,MACD_KDJ_RESONANCE,1,9.692,9.443166666666665,9.775917986166666,57.52061838316571,0.05385140740841443,0.03955571650601303,66.77325075239366,60.28092453058308,79.75790319601484,110077089.86783333,15673893.25,152761876.39949998,0.06999999999999992,0.045200232972696375,0.06933911159263251
sz.000713,,2026-02-27,7.02,1.0072,99861529.32,2.3319,111.669766,2.940191,MACD_KDJ_RESONANCE,1,6.9315,6.847666666666666,6.927583333333333,57.52613426759993,0.011704261992618648,0.005659315888191372,67.3636961698998,54.798917788027246,92.49325293364488,89014357.58983333,20528113.7,144765452.79500002,0.08672086720867205,0.025166723458112328,0.01298701298701288
sh.601008,,2026-02-27,5.44,1.3035,99771899.0,1.4859,43.960574,1.636934,MACD_KDJ_RESONANCE,1,5.3225,5.267666666666667,5.516333333333334,58.922772925115886,0.014593583045493297,0.0021353453846370027,78.80596277317295,69.47824489227182,97.46139853497522,84557638.064,18917305.25,101165648.505,0.056880733944954215,0.03271530722014804,0.030303030303030276
sh.600906,,2026-02-27,6.85,0.8837,99592129.74,0.6881,22.667881,1.810358,MACD_KDJ_RESONANCE,1,6.837000000000001,6.857333333333333,7.070765847333333,50.65626830356867,-0.02063801447241964,-0.024302005482846542,55.79941795113986,51.29924803339845,64.79975778662269,158053065.487,20871707.1,143071979.3615,0.06179775280898882,-0.001069414738479546,0.002928257686676261
sz.002876,,2026-02-27,27.65,0.1812,99486791.0,2.432,99.447852,2.019852,UP_TREND,1,26.777499999999996,25.137666666666668,24.89891666666667,61.2855192646097,0.6633863545063399,0.632075394124646,59.157520003645516,61.368242725884386,54.736074559167776,115451095.76833333,6291444.45,170209617.419,0.10415926057589761,0.09994298065320284,0.12903225806451624
sh.603309,,2026-02-27,15.11,2.1636,99128727.4,2.2652,18.051617,2.278826,UP_TREND,1,14.675,14.004829151666666,13.91895596,60.92696533074851,0.24372661000639084,0.2375914355277285,56.260908366824005,59.7349557103838,49.31281367970442,89793933.57450001,5177965.0,75902537.0745,0.0892891847444282,0.07891355448644011,0.14032773142769428
sz.000719,,2026-02-27,13.49,0.2229,98863465.09,1.0963,10.231102,1.186442,UP_TREND,1,13.065999999999999,12.439499999999999,12.353000000000002,62.95356424306155,0.2700658327948844,0.26351659974960767,62.12019300980938,56.62297219173317,73.11463464596179,120217826.089,13952360.6,184270244.843,0.058205335489086414,0.08444873186221313,0.09942950285248586
sh.603086,,2026-02-27,8.65,0.8159,98375778.75,2.6297,22.958496,1.740419,MACD_KDJ_RESONANCE,1,8.432,8.375333333333334,8.827499999999999,56.626080863893726,-0.0017612145579271044,-0.035373143640086514,77.57426953075401,69.8453177672834,93.03217305769522,97056614.98366667,15531350.25,131619765.37750001,0.10253583241455344,0.032794714638223255,0.04091456077015643
sh.603320,,2026-02-27,24.78,1.7241,98133620.0,2.6865,49.271459,3.173552,UP_TREND,1,23.273000000000003,20.50433333333333,20.173750000000002,68.92321270885225,1.1165889880673987,1.0855394459427588,56.98337133417478,59.60556675708353,51.738980488357285,79220011.81583333,4465331.95,104769636.987,0.0766404199475066,0.20852502723001654,0.3308270676691729
sz.000720,,2026-02-27,3.97,0.7614,98105259.0,1.9812,-53.520789,2.115757,UP_TREND,1,3.751,3.5735,3.5402500000000003,64.32583376145129,0.08528909876195634,0.06669170060214741,94.11631513447742,87.27457733582172,107.79979073178882,130237869.94316667,34367685.55,129047014.70900002,0.12566844919786102,0.11095564572547922,0.16081871345029253
sh.601827,,2026-02-27,9.01,1.1223,97866031.0,0.6499,11.935392,1.266217,UP_TREND,1,8.9065,8.571666666666665,8.541333333333334,62.63143806105397,0.055891341780807124,0.0679421281423397,66.10865752109328,52.63677223541586,93.05242809244811,62183748.881,7526118.5,67164847.881,0.04083885209713035,0.05113746840365563,0.09610705596107039
sz.000913,,2026-02-27,15.85,1.9293,97704511.57,1.3408,15.741281,1.772412,MACD_KDJ_RESONANCE,1,15.6405,15.618333333333334,16.150819715,55.51806664825285,-0.015160174349521327,-0.023329676879056422,59.02453311029319,46.15812523338971,84.75734886410015,84259734.70600002,6453273.9,101248514.24100001,0.05628517823639777,0.014832995411375505,0.03662524525833888
sh.603916,,2026-02-27,12.47,0.6457,97631854.39,1.8652,47.721977,1.261359,SMALL_GROWTH,1,12.9025,10.997000000000002,10.779666666666667,51.46221058801217,0.33190567405434734,0.4979200981897844,25.61435111416137,35.702935492309656,5.437182357864799,239212858.94899997,33553397.0,435898453.54850006,0.17330538085255068,0.13394562153314538,0.29760665972944866
sz.002377,,2026-02-27,3.66,-0.2725,97434423.0,3.0799,-86.704824,7.573461,UP_TREND,1,3.4184999999999994,3.1115,3.0885000000000002,72.30994083359622,0.17169593210266543,0.1506881066251315,56.53804397588242,65.20774230892985,39.19864730978753,73256021.19533333,34171686.65,116782854.5555,0.11598746081504706,0.17628153623654197,0.161904761904762
sz.000965,,2026-02-27,4.1,1.2346,97256264.51,2.1511,56.479158,0.828243,MACD_KDJ_RESONANCE,1,4.0765,4.076,4.225333333333333,52.13316370011009,0.0030042949967752364,0.002185538859495128,51.419712734783786,47.09429496977429,60.07054826480278,168398164.99583337,36110933.6,147552486.9695,0.16989247311827965,0.0058881256133465065,-0.03529411764705892
sh.600528,,2026-02-27,8.48,0.355,96916916.26,0.5158,13.039242,0.758849,MACD_KDJ_RESONANCE,1,8.3445,8.217666666666666,8.3255,56.8275981202899,0.016056743861017964,0.0009787089937942596,82.58132312571848,72.76223619749399,102.21949698216747,116678003.87233333,16100557.05,134846349.625,0.05710955710955713,0.03192309252423642,0.04820766378244756
sh.600882,,2026-02-27,22.27,1.4579,96886992.88,0.8539,55.540303,2.457535,OVERSOLD_REBOUND,1,22.75,24.9975,25.343333333333337,36.26124981935196,-0.6731760355415766,-0.6932429119461289,14.264013411792446,13.019355171157958,16.75332989306142,174062271.52283335,6112364.7,140149872.2895,0.2306344199088679,-0.10911091109110904,-0.14444871302343454
sh.603126,,2026-02-27,8.0,-0.3736,96679630.16,1.9888,-275.354564,2.395466,UP_TREND,1,7.769,7.1948333333333325,7.099666666666666,61.57347679591031,0.20001433289990977,0.21995347712057708,50.45081593314192,40.09532594272159,71.16179591398259,86829567.90100001,18787953.45,148653691.927,0.09822485207100583,0.11190900877944832,0.1283497884344147
sh.605077,,2026-02-27,16.79,-2.2132,96652927.79,1.9229,20.356763,1.690334,MACD_KDJ_RESONANCE,1,16.1825,15.595166666666668,16.83004793025,61.78877287314725,0.2348006405078209,0.17216600740241497,67.92346792847033,67.29518820447291,69.18002737646518,49960107.26499999,3087001.65,50289967.722500004,0.09431605246720809,0.07661561808680029,0.06467977171845263
sz.002232,,2026-02-27,19.11,1.1646,95818264.25,1.235,825.037222,5.770076,MACD_KDJ_RESONANCE,1,19.060499999999998,19.116833333333332,20.004416666666668,49.85480562851279,-0.12866963821281985,-0.14185209546538016,59.13153650908137,53.318355756125555,70.757898014993,184641301.75516668,6572821.35,126938432.57249999,0.11731044349070088,-0.00035745111202167834,0.003676470588235281
sh.603926,,2026-02-27,22.99,-1.1183,95703925.0,1.7938,53.044434,3.123995,SMALL_GROWTH,1,24.558,19.496833333333335,18.044583333333332,50.277309064002495,0.6769834296799289,1.2023427901604344,8.261720152448222,9.204446740729278,6.376266975886111,168578453.05499998,9333661.15,232590105.51000005,0.14535315985130112,0.1791658474453115,0.5789835164835164
sh.601033,,2026-02-27,15.55,0.7777,94844061.98,2.5478,15.247417,1.307111,MACD_KDJ_RESONANCE,1,15.364,15.289333333333333,15.714,57.94033989438827,-0.009998996755928857,-0.02322332451698314,83.62933157275873,67.65362799520453,115.58073872786713,65100541.46366666,4875994.75,74992924.4075,0.04710375556970084,0.017048922996424576,0.008430609597924743
sz.001296,,2026-02-27,28.64,1.1299,94095280.3,4.3125,30.114791,2.406857,UP_TREND,1,28.425,27.770620259999998,25.819377747,54.771860392457334,0.030344430384761978,0.040587509970691354,86.37291795167373,70.80192142132535,117.51491101237048,247462178.0126667,4762666.6,137482739.4705,0.11223799864773486,0.0313057372093426,-0.06555150575235857
sz.002061,,2026-02-27,4.14,1.2225,93716540.11,0.8743,9.338338,0.70236,MACD_KDJ_RESONANCE,1,4.104,4.070166666666666,4.137,55.29879469611148,0.005226315443188412,0.004814812202719981,69.41360736238121,57.12417741259458,93.99246726195449,98721623.15866667,29557485.2,121504299.54800001,0.05938242280285036,0.01715736456328565,0.024752475247524774
sz.002853,,2026-02-27,30.67,0.8882,93224716.0,2.3785,-14.365714,6.02027,UP_TREND,1,29.7685,23.009999999999998,17.81425,64.23595705160713,1.973306545735344,2.2840818613647067,40.50183133370649,43.48534095666088,34.53481208779772,,6812475.9,200159011.8385,0.16330728095433975,0.3328987396784009,1.2144404332129968
sz.002034,,2026-02-27,17.62,0.5134,92875292.97,1.2225,12.747577,1.101377,MACD_KDJ_RESONANCE,1,17.1255,16.525666666666666,16.78623462166667,68.70086027964675,0.22854072687734828,0.2038495530913276,78.77168289852999,74.06528415048254,88.18448039462487,57783954.77133333,4002122.25,68513932.29450001,0.047215496368038706,0.06622022308731879,0.07308160779537154
sh.600368,,2026-02-27,4.05,1.25,92463117.43,1.4277,10.18396,0.909501,MACD_KDJ_RESONANCE,1,4.0105,3.9823333333333335,4.132583333333334,56.75126760625493,0.004163083925929456,0.0030045991316861942,72.97853473142942,57.89521432224714,103.14517554979398,57035314.91200001,15229403.75,61118140.034,0.04444444444444438,0.016991713400853703,0.004962779156327368
sz.002773,,2026-02-27,29.24,0.8276,92374948.57,0.4612,21.544202,2.938944,MACD_KDJ_RESONANCE,1,29.4755,30.990833333333335,33.214999999999996,41.99134965187411,-0.7050620144248292,-0.7699618595799717,58.578129088499146,56.43271073154537,62.868965802406706,233483345.269,6429353.55,191148823.3685,0.19165467625899282,-0.056495200193605766,-0.05586051017113336
sz.002986,,2026-02-27,14.38,1.6973,91523213.26,2.1425,-280.311018,1.425069,UP_TREND,1,12.7945,11.584,11.42175,80.00783674545386,0.6688109708137109,0.5189852806936367,83.32281783313954,82.59124338449854,84.78596673042153,60621204.476333335,7503889.2,96807038.32100001,0.07194244604316538,0.24136740331491713,0.3364312267657994
sz.002102,,2026-02-27,3.54,0.0,91445362.0,1.1918,-34.305584,2.644423,MACD_KDJ_RESONANCE,1,3.4869999999999997,3.4638333333333335,3.7075,55.10813098077388,0.010954523837913399,0.001255097048002763,59.19656570220138,57.44830809244872,62.69308092170671,123035381.92833333,43392195.1,152113042.249,0.10743801652892554,0.02198912572775824,-0.024793388429751984
sz.002962,,2026-02-27,15.73,-0.6944,91366812.68,2.7788,123.408532,2.590845,MACD_KDJ_RESONANCE,1,15.526999999999997,15.020999999999999,15.09625,59.163973087104694,0.179049867164764,0.17320363941251773,82.55491468620961,81.1626759798258,85.33939209897724,70138433.9275,5242588.05,81478576.18100001,0.07400130975769477,0.04720058584648168,0.0803571428571428
sh.600566,,2026-02-27,27.79,0.8345,90357988.0,0.3544,15.506507,1.851428,UP_TREND,1,26.933,26.802166666666665,26.246916666666667,63.39866281819127,0.2838089524432448,0.1796048482307355,78.15006009536889,77.65555481726344,79.1390706515798,157695030.15733334,4377153.95,117852078.17650001,0.08312432819777858,0.03685647304633344,0.06068702290076344
sz.002672,,2026-02-27,4.92,0.8197,89967719.75,2.0266,-5.386558,1.785982,MACD_KDJ_RESONANCE,1,4.757,4.817333333333333,4.877166666666667,58.72752404116428,0.0033078280188085785,-0.019474910810487547,84.21784014008506,70.77768215294331,111.09815611436855,40626395.74983333,11141559.2,53638705.2705,0.12476007677543192,0.021311929144754993,-0.048355899419729176
sz.002184,,2026-02-27,13.38,0.753,89930057.31,2.8132,-43.123273,4.026981,MACD_KDJ_RESONANCE,1,13.3095,13.292833333333334,13.963166666666666,51.65516898430653,-0.05950906129798916,-0.07489649838667686,87.51579531589374,83.29970460022743,95.94797674722636,108059606.04583333,5861368.45,78557681.61649999,0.08984660336011678,0.0065574181576537605,-0.007418397626112738
sh.603125,,2026-02-27,20.11,-1.0335,89577359.61,4.413,53.929072,3.405262,UP_TREND,1,19.0015,18.299500000000002,17.622916666666665,62.705988950841544,0.5135332675527984,0.34720004479131533,79.25354124755252,81.10809037341316,75.54444299583125,142478583.54333335,7111063.5,137948972.39799997,0.08432488360062075,0.09893712942976562,0.13295774647887315
sh.603128,,2026-02-27,6.06,0.8319,89497472.96,1.1321,21.258575,1.30879,MACD_KDJ_RESONANCE,1,5.967499999999999,5.988333333333333,6.053583333333334,56.68190528537269,-0.006533583656134212,-0.018711912523932842,84.25516179892787,72.9123836462797,106.94071810422423,96303484.26099999,12296789.15,73511836.4295,0.07278481012658226,0.011967715001391488,0.030612244897959107
sh.600502,,2026-02-27,4.83,1.046,89244083.95,1.0787,6.95794,0.74363,UP_TREND,1,4.705957435,4.6513687599999995,4.638415198333333,64.86027241918916,0.03970414817966805,0.029007162002915816,76.51291715364964,71.60084513042165,86.33706120010561,82650594.84966666,19255441.35,91869710.9265,0.051334702258726994,0.03840401593960063,0.049478226803326475
sz.002877,,2026-02-27,9.78,0.3077,88567153.48,3.7967,583.510044,2.869683,UP_TREND,1,9.527,9.4685,9.245666666666667,57.68035480497573,0.05694513719439698,0.026317798288789024,89.69467678059425,85.29125775174171,98.50151483829933,163846825.03333333,8302285.6,79204119.7365,0.07448979591836738,0.032898558377778775,-0.06768350810295531
sz.002274,,2026-02-27,6.54,1.2384,88081545.72,1.445,-364.573486,1.146737,MACD_KDJ_RESONANCE,1,6.3445,6.006166666666667,6.220916666666667,60.010782064813775,0.11490486567043945,0.10376867884540444,80.43275199538428,73.35354030667457,94.59117537280369,88656420.05166666,22030139.8,140491203.076,0.104669887278583,0.08888087243666232,0.058252427184465994
sz.003011,,2026-02-27,27.84,-0.0359,87997694.88,4.0765,20.586506,2.022333,UP_TREND,1,25.3,23.3495,22.541409203333334,72.41716394659012,1.3119708098246612,1.0621153945554114,74.65946645413773,77.57466050837547,68.82907834566225,92442759.888,4402815.1,111618104.96949999,0.15950676213206053,0.1923167519647102,0.209908735332464
sh.603095,,2026-02-27,20.0,-1.7682,87722359.96,1.6918,48.250141,2.227818,SMALL_GROWTH,1,20.059,17.28966666666667,16.395644192666666,54.59094710636265,0.715577411811573,0.8681975224260328,14.852393501880798,25.20963287060225,-5.862085235562105,131008888.355,8338882.2,167230094.3515,0.16111111111111112,0.15676029998650431,0.38026224982746726
sz.002319,,2026-02-27,15.23,1.6689,87105193.23,2.8683,-1689.808012,17.560942,UP_TREND,1,14.9375,13.148,12.647416666666667,63.20844552721163,0.48045443013429256,0.5773107179380566,45.19941105503139,36.90125785091894,61.795717463256295,136339284.898,11017827.65,164253052.2935,0.23967551622418878,0.15835108001216924,0.14253563390847712
sz.002349,,2026-02-27,7.82,0.7732,86663061.0,1.3678,28.862732,2.397524,MACD_KDJ_RESONANCE,1,7.6985,7.646833333333333,7.6075,56.440242938097,0.03587988958560029,0.027329648702962422,61.478057737349786,52.80613920586127,78.82189480032682,121888559.29216667,17661979.65,136737237.02899998,0.11585365853658529,0.022645539547961002,-0.022499999999999964
sh.601236,,2026-02-27,8.16,0.4926,85509643.22,0.2228,39.415303,1.558938,MACD_KDJ_RESONANCE,1,8.176499999999999,8.3275,8.615423005666665,46.258673519242556,-0.04934203609394494,-0.05254884771212915,40.197862883084376,33.965346678946375,52.66289529136037,131718737.29166667,17045827.8,139563826.653,0.06279069767441851,-0.020114079855899192,-0.040000000000000036
sh.605116,,2026-02-27,26.54,0.0754,85412465.5,0.7899,25.39257,4.274096,SMALL_GROWTH,1,27.809000000000005,26.223166666666668,24.50183333333333,40.12112326271063,-0.4354855312816177,-0.1748229574247036,13.455577046310964,13.506894759708848,13.352941619515196,113536645.94833332,3454191.35,96725605.18200001,0.2297415045018879,0.01208219195495075,0.2063636363636363
sz.002492,,2026-02-27,9.07,0.443,84988372.7,2.3716,59.044175,2.123917,UP_TREND,1,9.011000000000001,8.378333333333334,8.160416666666666,54.38086316184501,0.21526851625541354,0.22468755083872116,40.41833550468597,48.53827995002878,24.17844661400035,124311727.07866666,17973611.2,162032095.76000002,0.11506524317912216,0.08255420728068419,0.1688144329896908
sh.601065,,2026-02-27,8.93,0.904,84048649.5,2.2762,19.145525,1.297168,MACD_KDJ_RESONANCE,1,8.6665,8.51,8.517833333333334,64.5201287324927,0.06360457870684222,0.040811633373023605,85.91087820566158,73.1308028910568,111.47102883487113,53352953.792166665,8848945.15,76832153.632,0.043132803632236184,0.049353701527614646,0.051825677267373305
sh.603004,,2026-02-27,25.65,-0.2722,83780250.01,5.5716,33.958837,2.917051,UP_TREND,1,24.6435,23.9775,23.88425,61.78974296638425,0.36611430205139683,0.2524382134907873,84.85420442103066,83.3348394537932,87.89293435550559,82342476.793,3524615.1,87312755.616,0.08041237113402058,0.06975289333750379,0.1205766710353866
sh.600617,,2026-02-27,3.21,2.5559,83396141.7,1.4807,-18.27128,1.830491,MACD_KDJ_RESONANCE,1,3.193,3.2371666666666665,3.286916666666667,51.20055232552633,-0.025107352679361483,-0.029552928417740713,62.74249879505554,54.91650873538982,78.39447891438697,108034426.40383333,35139466.3,112749916.301,0.12968299711815567,-0.008392112444009614,-0.058651026392961936
sz.002887,,2026-02-27,11.92,1.5332,83083083.6,3.6324,30.754904,1.592478,UP_TREND,1,10.4645,9.753333333333332,9.635333333333334,84.01091481206242,0.5416154666518302,0.39699481574913437,95.40961904261874,91.94951380142274,102.32982952501078,50588934.115166664,8578803.95,91058059.19399999,0.099391480730223,0.22214627477785398,0.2680851063829788
sh.603209,,2026-02-27,16.23,0.62,82902699.7,1.5944,19.818014,1.58697,UP_TREND,1,15.766000000000002,15.761333333333333,15.458166666666667,60.7980603879657,0.12204162027498455,0.06159275974514768,70.9397128120529,66.4431489348452,79.93284056646831,129795956.2685,5983233.6,94786094.2545,0.11861421021726372,0.02973521698671866,0.029822335025380786
sz.000900,,2026-02-27,4.36,1.8692,82857618.45,1.2614,17.980511,0.594252,MACD_KDJ_RESONANCE,1,4.2515,4.2005,4.220583333333333,63.16806409649593,0.025945068970219864,0.019128738063942434,79.29313000026966,68.17104831769484,101.53729336541929,53627136.262833335,13495567.65,57425945.767000005,0.06422018348623859,0.03797167003928115,0.025882352941176467
sz.002391,,2026-02-27,6.7,0.6006,82743101.72,2.6773,-39.03249,1.021019,MACD_KDJ_RESONANCE,1,6.445,6.129166666666666,6.163833333333334,66.4802162099622,0.10940213430371237,0.09253151929659456,83.09440700719996,74.50141584144089,100.28038933871812,49190902.713999994,10099165.45,65177856.158999994,0.07072368421052627,0.0931339225016996,0.10378912685337727
sz.001278,,2026-02-27,24.63,-0.9252,82702079.0,6.6372,-59.90643,2.418451,UP_TREND,1,23.789499999999997,21.148,19.878666666666668,63.802009358038774,1.12567783835134,1.2018627449098507,46.06966500355192,53.68730800501362,30.83437900062853,85223061.63833332,4866578.95,115009840.24899998,0.0716707021791766,0.16464913939852455,0.31500266951414835
sh.603798,,2026-02-27,16.38,5.0,81634949.4,1.9915,80.960126,3.635145,UP_TREND,1,16.2395,15.8985,15.846333333333332,52.28503249545405,-0.1571084576083166,-0.12595140192433765,53.16687030925291,42.1228655113226,75.25487990511351,,,,0.18098325229605625,0.03028587602604005,0.06710097719869701
sh.603085,,2026-02-27,12.11,-0.5747,81487747.24,1.6929,632.944481,5.394738,UP_TREND,1,11.898500000000002,11.4905,11.057500000000001,56.62625356718563,0.08980348703481233,0.07522120909694724,76.19342647308173,76.860837451715,74.85860451581519,136412904.085,7898358.8,94318258.258,0.09512578616352207,0.05391410295461463,0.1757281553398058
sz.002449,,2026-02-27,8.75,-0.4551,81358382.8,1.5111,339.559859,1.412298,MACD_KDJ_RESONANCE,1,8.627500000000001,8.652666666666667,8.863750000000001,54.60121917263315,-0.0014792712451541234,-0.02498865198403671,82.07634791675113,79.02602920624665,88.1769853377601,98798391.63966665,11998385.45,104078539.212,0.09190371991247262,0.011248940596347845,0.004592422502870175
sh.603161,,2026-02-27,16.43,1.3572,81143855.12,2.6192,34.63521,2.138778,UP_TREND,1,15.8465,14.576833333333333,14.109333333333332,59.96426075291931,0.4365852153108172,0.42653747276977316,56.43081120007871,62.93636058202804,43.419712436180035,75143794.97483332,5422342.85,86164624.47049999,0.08343409915356706,0.1271309497947657,0.2116519174041298
sh.600527,,2026-02-27,2.35,0.8584,80975343.4,1.9905,145.700465,1.97089,MACD_KDJ_RESONANCE,1,2.2889999999999997,2.2268333333333334,2.2626666666666666,57.26518394984666,0.02670548107247317,0.022129399142035915,66.90233419656265,63.15804938667736,74.3909038163332,106684386.21666667,51897277.2,119108137.2905,0.08333333333333331,0.055310231270114585,0.06818181818181812
sz.000881,,2026-02-27,8.61,0.2328,80935547.98,1.044,-24.693902,1.558011,MACD_KDJ_RESONANCE,1,8.569999999999999,8.786,8.401083333333334,49.80884644746093,-0.09482123729894809,-0.12246607500450943,85.35864369374607,78.63909103009735,98.7977490210435,257471862.9441667,15903815.8,137813168.06,0.14807090719499477,-0.020031868882312787,0.0
sz.002573,,2026-02-27,4.02,1.005,80611619.59,1.421,-13.606958,0.957505,MACD_KDJ_RESONANCE,1,3.8954999999999997,3.841833333333333,3.9299999999999997,61.70821637494422,0.022780447157382255,0.009899448988480823,77.70861355564458,70.59250741456663,91.94082583780047,41256819.404,12843990.35,50217126.515,0.060150375939849676,0.04637542839790032,0.055118110236220375
sz.002351,,2026-02-27,12.45,0.3223,79805344.5,1.2334,26.94204,3.848782,MACD_KDJ_RESONANCE,1,12.376000000000001,12.451166666666666,12.825833333333334,51.6972472777527,-0.02480506787847858,-0.037066218522279676,70.22181921869988,65.6363988136969,79.39266002870585,117774358.2915,7464034.0,92610779.715,0.08036391205458672,-9.369938559966595e-05,0.005654281098545821
sz.002614,,2026-02-27,7.07,0.1416,79382461.0,2.5506,64.370293,1.020975,MACD_KDJ_RESONANCE,1,7.1685,7.390833333333334,7.171,45.267789828204634,-0.09287236861690484,-0.09826109424902768,59.09507766158599,57.04944377960325,63.18634542555145,210409711.53833333,19369610.6,140414121.5825,0.1546012269938651,-0.04340962904498824,-0.048452220726783235
sh.600469,,2026-02-27,7.62,0.1314,78557275.58,1.419,29.644098,1.924652,UP_TREND,1,7.427499999999999,7.014333333333334,6.711416666666667,59.96224617247881,0.16203737150779407,0.15846017385377656,66.89762150866142,61.99375951470168,76.70534549658089,87425116.48416665,17817067.85,133745995.54349999,0.08652482269503538,0.08634700375421756,0.11240875912408765
sh.600211,,2026-02-27,42.58,0.9005,78323380.21,0.5736,13.987333,3.86445,MACD_KDJ_RESONANCE,1,42.58,42.727333333333334,45.238683939999994,48.62540641144343,-0.2812188593452021,-0.28707217297193566,44.63965795686485,39.61691173743534,54.68515039572388,126350311.21650001,2877075.95,123160048.55500002,0.0829646017699115,-0.0034482220592595425,0.006381470101630704
sz.002780,,2026-02-27,16.28,0.1846,78109015.8,3.6864,-304.469357,3.910135,UP_TREND,1,16.183,15.257166666666667,14.833916666666665,54.12869001816198,0.3349137317188422,0.411648271280257,17.12462583560437,19.22205769045273,12.92976212590765,164297478.24350002,15691821.25,255123130.09899998,0.1297846889952152,0.06703953333406165,0.07671957671957674
sz.002486,,2026-02-27,3.19,0.3145,77625494.0,2.9665,48.61414,2.426238,UP_TREND,1,3.1710000000000003,3.1330000000000005,3.0195000000000003,53.164913754031424,0.02075954867380858,0.023373326087219457,59.698899066868684,58.221856640395856,62.652983919814346,101932567.58633332,30569615.35,96758866.111,0.11782477341389731,0.018193424832428917,0.05980066445182719
sz.000828,,2026-02-27,11.02,1.0082,77148425.49,0.6751,10.763951,1.126213,MACD_KDJ_RESONANCE,1,10.928500000000001,10.928500000000001,11.276966053333334,54.61090512800935,0.002820011333659167,-0.0047545786073578174,57.16424971847041,49.48973177849692,72.51328559841738,63401788.177666664,6725014.85,73566029.90799999,0.03928571428571424,0.008372603742508034,-0.013428827215756556
sz.001333,,2026-02-27,27.39,3.0862,75061699.22,6.2986,27.077222,2.045891,UP_TREND,1,26.165,23.795333333333335,23.661583333333333,66.76496035577364,0.603715836334537,0.6191201770371029,82.96051039977888,66.23765117422346,116.40622885088973,62617144.24616667,2805100.05,73385475.379,0.09945750452079566,0.15106603535707275,0.19346405228758168
sh.603016,,2026-02-27,34.5,2.2222,74904766.0,1.4778,77.139647,6.198273,UP_TREND,1,32.998000000000005,29.923000000000002,28.360916666666665,64.60630360088527,0.9704701649137775,1.029355809621742,48.003198456015404,48.78976577080638,46.43006382643344,84024226.34183334,2777976.2,92309668.604,0.05915492957746483,0.15295926210607225,0.3777955271565496
sh.601002,,2026-02-27,5.61,-0.5319,73978264.6,1.3814,25.321697,1.260399,UP_TREND,1,5.5954999999999995,5.302666666666667,5.297833333333333,55.36258768898266,0.07786333239363685,0.09325020710052731,38.05819903896264,39.20516534136904,35.764266434149846,83775899.72066666,20452657.15,114572609.59200001,0.055555555555555566,0.05795825999497106,0.11309523809523814
sh.600830,,2026-02-27,9.89,1.2282,73604903.49,1.6445,66.40662,2.013485,MACD_KDJ_RESONANCE,1,9.7475,9.6085,9.797583333333334,57.62575429709086,0.027328651580649677,0.025131812256177756,64.10196005130372,54.76704022065961,82.77179971259196,69049341.15933332,6890478.0,67165766.539,0.04417670682730936,0.029296976635271088,0.04656084656084669
sz.002799,,2026-02-27,9.59,0.6296,73393926.08,2.3943,-30.721696,2.416116,UP_TREND,1,9.5225,9.146500000000001,8.80675,53.87711910552472,0.11523158116438026,0.14090497509659228,32.80290352490848,33.029174976339654,32.350360622046125,130408883.17966667,12896942.0,123145314.53,0.12217659137576997,0.048488492866123556,0.04125950054288796
sz.001382,,2026-02-27,21.3,0.5666,73146832.2,5.558,72.095213,5.515468,MACD_KDJ_RESONANCE,1,20.834,20.709166666666665,21.008416666666665,58.62843247981536,0.026949191125105187,-0.024601164785221494,89.99945378047249,81.00604652222901,107.98626829695945,69830235.51933333,2867307.75,59958649.04050001,0.07851985559566779,0.028530039032634624,0.048744460856720906
sh.600936,,2026-02-27,4.27,0.4706,73119720.0,1.0283,-12.920146,7.309259,SMALL_GROWTH,1,4.3215,4.187,3.9536666666666664,46.70537409641964,0.002326430648813549,0.017184921785829834,17.8504983987588,25.73761959989706,2.076255996482274,237164777.15733334,26183996.8,113661213.74649999,0.14823008849557512,0.01982326247910171,0.20621468926553654
sh.605208,,2026-02-27,13.84,1.2436,73114662.82,1.6185,88.259002,2.101338,MACD_KDJ_RESONANCE,1,13.638499999999999,13.4395,14.04125,55.5286502252585,-0.02640953369828658,-0.062492705704902514,74.29296276436487,67.2449083083905,88.38907167631362,85806005.42066666,7901373.75,108586933.88799998,0.10167130919220049,0.029800215781837114,0.050075872534142585
sh.600167,,2026-02-27,7.1,1.7192,73054960.42,0.4573,23.150522,1.48199,MACD_KDJ_RESONANCE,1,7.025499999999999,7.3389999999999995,7.741249999999999,50.74452080110289,-0.08718629622827656,-0.11360509617655357,81.2266441738641,66.59644106101742,110.48705039955749,138953015.94166666,12077125.6,86185281.426,0.2494481236203091,-0.03256574465185991,-0.15676959619952502
sz.002976,,2026-02-27,28.82,-1.9061,72935981.2,3.7869,3206.245022,5.17962,UP_TREND,1,28.654000000000003,28.362833333333334,26.75541666666667,51.427207556701134,0.24637484706062907,0.1976353685464064,30.885040258109377,38.5101938517125,15.634733070903138,158049832.48083335,3136372.15,90526737.9125,0.22813135716361518,0.016118511902313504,0.14501390544298753
sz.001313,,2026-02-27,7.78,-0.5115,72884191.0,1.339,662.958389,2.135884,MACD_KDJ_RESONANCE,1,7.7545,7.852166666666666,7.659766944166666,52.43502496158328,-0.014662473306993995,-0.020149937111004844,71.32633783570033,61.59713184020293,90.78474982669515,97846185.698,9091177.25,70730634.479,0.17997750281214853,-0.009190669242035043,0.029100529100529293
sh.603023,,2026-02-27,5.32,0.3774,72835719.55,2.4627,1341.70232,3.856729,MACD_KDJ_RESONANCE,1,5.346500000000001,5.2716666666666665,4.767333333333332,49.90463531727542,-0.06214563928849337,-0.06552090836596755,58.06477538262712,53.43300856148449,67.32830902491237,289264993.0206667,32588662.5,180794186.75,0.2,0.009168510907366478,0.24882629107981225
sh.605588,,2026-02-27,61.35,-1.1122,72691098.0,1.6118,-97.757106,4.389903,SMALL_GROWTH,1,57.97149999999999,54.407833333333336,54.79983333333334,64.9043071478766,1.4648316227922749,1.105186798759319,85.71887901754477,85.67593699410966,85.804763064415,98996679.46966667,1453224.1,84540387.098,0.08515247458756874,0.1275949847907929,0.21197155274595025
sh.600664,,2026-02-27,3.53,0.5698,72617433.32,0.8206,19.793493,1.571316,MACD_KDJ_RESONANCE,1,3.521,3.554333333333333,3.6188333333333333,51.32638815741066,-0.008963678461405777,-0.01120305027555675,65.3553813085478,56.109730949842096,83.84668202595923,95984239.98116666,25814279.6,91082439.9495,0.07999999999999995,-0.006846103348025934,-0.02216066481994461
sh.603187,,2026-02-27,16.13,-2.2424,71722742.49,1.1592,16.304192,1.474469,UP_TREND,1,16.026999999999997,15.434226348000001,15.01529358825,53.679450870100695,0.21423732600233336,0.20292237303870592,62.72086035881567,72.17632919655043,43.809922683346144,90101768.05716665,5125221.2,82114981.7,0.0633759902498477,0.0450799176008041,0.09159619174234268
sz.002111,,2026-02-27,11.22,-0.7958,71722384.36,1.3306,82.367745,1.992998,UP_TREND,1,10.987,10.469666666666667,10.288948512,58.64758444032645,0.19248931291083338,0.1816461974144332,66.02731514573807,71.54429302559822,54.99335938601777,108502093.18349999,9331769.8,102550099.45549999,0.06504065040650413,0.07166735649017797,0.12200000000000011
sz.002888,,2026-02-27,21.84,2.0561,71502223.0,4.4467,191.148026,8.478923,UP_TREND,1,21.3315,20.528666666666666,19.8,61.17979749134618,0.28772202631268584,0.3138107729900438,58.49986552963743,50.75122163279829,73.99715332331573,124319012.65466668,3462332.7,73722401.953,0.20882481432940153,0.06387815412593767,0.08118811881188126
sz.002322,,2026-02-27,14.06,0.4286,71279791.0,1.4513,22.486538,1.850676,MACD_KDJ_RESONANCE,1,13.508500000000002,12.764833333333334,12.779553361166668,67.7355827687824,0.260947149461062,0.23198348259383222,92.59124404730727,85.12314412833783,107.52744388524616,72544503.81533334,6485183.05,87762471.6625,0.06275140788415119,0.1014636566608782,0.13570274636510504
sh.600137,,2026-02-27,22.23,1.5996,70940076.0,3.312,78.686917,3.982324,UP_TREND,1,21.6355,20.146333333333338,19.821916666666667,63.81961243755692,0.5385719848149222,0.5734590133321273,45.40358429840362,46.811736312316,42.58728027057887,60251793.083333336,3424958.55,73958068.593,0.09899497487437181,0.10342659541024801,0.12842639593908634
sh.600511,,2026-02-27,29.28,-0.0341,70584299.16,0.4358,10.984846,1.224426,MACD_KDJ_RESONANCE,1,29.154000000000003,29.0535,29.249333333333333,55.19336345376207,0.03105230808635895,0.013662736538137566,69.27281312331311,62.85350528422107,82.1114288014972,129721921.45,5176362.45,151030210.25599998,0.029491525423728848,0.007795962620682495,0.012448132780082943
sz.001336,,2026-02-27,29.19,3.1449,70508677.32,5.2934,88.806865,2.96175,UP_TREND,1,27.591500000000003,26.341833333333334,25.07671251841667,68.5731248774072,0.6036106065358986,0.5235958314621775,82.80527267861721,75.70767044210282,97.00047715164601,102018020.47733334,1979000.3,54395176.56649999,0.23202511773940346,0.10812332728043472,0.17323151125401948
sz.002193,,2026-02-27,6.76,1.5015,70219580.0,4.0007,-2.831097,3.230298,UP_TREND,1,6.628,5.941166666666667,5.8775,60.985395438952594,0.26419715144356726,0.31155066333511994,19.041822860667978,24.60794424523849,7.909580091526955,66246431.505166665,14699359.35,98033540.20500001,0.16639477977161493,0.13782365977501598,0.12292358803986714
sh.603527,,2026-02-27,11.57,1.1364,69738986.12,1.91,27.021375,1.777376,MACD_KDJ_RESONANCE,1,11.183499999999999,11.06033333333333,11.261000000000001,58.73118878571115,0.011607298734851668,-0.0486046280780216,94.14507047772425,87.98770897440974,106.45979348435327,102426027.38666667,9192198.25,103881212.1515,0.11735121542330264,0.04608058828847872,0.13098729227761474
sh.603637,,2026-02-27,13.09,-0.5319,69569679.2,2.2404,33.689376,3.029583,UP_TREND,1,12.8285,11.538666666666668,11.537583333333334,59.34943058913193,0.4247754492639668,0.4425828967719941,52.15672157846379,63.530420537818586,29.409323659754193,81167596.97666667,10371666.3,132430688.522,0.10060060060060058,0.13444649872891135,0.26595744680851063
sh.600925,,2026-02-27,4.77,1.2739,69539341.67,0.912,102.302803,2.134262,MACD_KDJ_RESONANCE,1,4.704,4.659833333333334,4.791166666666667,58.59769783773878,0.018133737547354478,0.014985666798683382,77.12003019863377,66.8663971227835,97.62729635033432,46352638.48083333,13001486.95,61182821.79100001,0.052410901467505246,0.023641761150255514,0.0021008403361344463
sz.002858,,2026-02-27,16.73,1.0266,69389580.0,2.8147,-88.60461,5.041336,UP_TREND,1,16.424500000000002,15.802166666666666,15.384083333333335,54.661481334288425,0.21506738110256407,0.2205804481421201,49.62205485371412,58.776509938559165,31.31314468402401,134951866.65850002,6332954.2,103989218.134,0.09948246118458887,0.05871557697784069,0.18400566171266797
sh.600975,,2026-02-27,5.71,0.7055,69387084.72,0.9734,286.29328,2.364045,MACD_KDJ_RESONANCE,1,5.7299999999999995,5.861999999999999,6.128833333333334,45.70433686326226,-0.047173544597921335,-0.04947010682713212,41.59849647674732,31.917854834671807,60.95977976089834,88108098.65666667,16063161.65,92356840.28,0.08576051779935265,-0.025929716820197735,-0.07154471544715457
sh.600750,,2026-02-27,24.86,0.0402,69381574.49,0.4431,17.43847,4.163131,UP_TREND,1,24.845,23.841666666666665,22.675708425,56.68309450568326,0.36378768342892087,0.4389476541447085,6.582714303354205,11.38910682978338,-3.0300707495041443,175472293.10916665,6051853.55,149731756.31699997,0.09215291750503028,0.04271233834323662,0.15843429636533068
sz.000761,,2026-02-27,3.8,1.6043,68957722.77,0.4913,-3.844718,1.794659,MACD_KDJ_RESONANCE,1,3.6704999999999997,3.4338333333333333,3.5191666666666666,59.83147683339565,0.08420769125570526,0.08295564556495467,57.99722875779326,53.891490124299835,66.2087060247801,59482831.676,24603239.45,90406832.758,0.06521739130434788,0.10663495607435802,0.13432835820895517
sz.000639,,2026-02-27,2.92,0.6897,68631364.28,2.1855,-6.254609,1.085335,MACD_KDJ_RESONANCE,1,2.9995000000000003,3.2611666666666665,3.2620833333333334,39.44734609195356,-0.09657248450141775,-0.10360299748965097,41.22423560877594,37.740003223928,48.19270037847183,242619813.2985,42048271.9,126302706.88200001,0.24202127659574463,-0.10461491286349467,-0.0931677018633541
sz.002692,,2026-02-27,5.77,0.0,68412793.8,1.6605,60.738804,3.411365,MACD_KDJ_RESONANCE,1,5.612,5.374666666666667,5.4695833333333335,60.918573477488785,0.06674460205901234,0.05868687113211551,89.3373537264392,81.1483239808729,105.71541321757178,76642662.871,14629236.05,82240211.64549999,0.06196213425129078,0.07355494914413274,0.12256809338521402
sh.600279,,2026-02-27,5.52,0.9141,68377576.0,1.0479,13.03643,0.97254,MACD_KDJ_RESONANCE,1,5.4704999999999995,5.3945,5.402666666666666,56.24373152223091,0.0025064840930104637,0.00048463310796543487,66.78671592265107,58.29661865076455,83.76691046642411,83911801.92916669,12381585.85,67864252.183,0.08547008547008547,0.02326443599962924,0.08447937131630634
sz.000570,,2026-02-27,6.11,1.495,68191061.0,2.0269,259.41317,1.254574,MACD_KDJ_RESONANCE,1,5.9535,5.816666666666666,5.818666666666667,62.104424820482876,0.07905131542721033,0.07551467850710086,64.49708813608771,56.32070225720568,80.84985989385177,61022465.73233333,11413311.85,68016513.99249999,0.12419354838709684,0.05042979942693426,0.003284072249589487
sh.603367,,2026-02-27,17.45,0.4028,67833631.0,0.8621,16.031999,1.284062,MACD_KDJ_RESONANCE,1,17.616500000000002,17.993166666666664,19.831423545333333,44.43596963996635,-0.23079321905744266,-0.24704464316132954,41.697742726574816,36.8638860530524,51.365456073619654,188462587.8975,9125353.45,163586392.56199998,0.10047343503419252,-0.030187385952074264,-0.0757415254237288
sh.600250,,2026-02-27,11.44,0.9709,67331567.0,1.8902,140.200961,5.726574,MACD_KDJ_RESONANCE,1,11.439499999999999,11.697,11.493166666666667,47.95279253861956,-0.09660840122460002,-0.10567856544890784,53.625284007764705,48.523848250506205,63.82815552228169,282980338.98566663,9829368.1,112871249.528,0.2373461012311901,-0.021971445669829892,0.09999999999999987
sz.002035,,2026-02-27,6.34,0.6349,67027281.0,1.3539,12.307343,1.382978,MACD_KDJ_RESONANCE,1,6.222532339,6.146911450833333,6.217661473666666,60.46684363037243,0.033587852856809874,0.025211314380400716,77.83628916019848,70.95192433926447,91.6050188020665,48889257.431833334,9273492.15,58112240.543,0.0366242038216561,0.031412287408254524,0.03433936034558194
sz.001231,,2026-02-27,25.99,0.1156,66582703.64,5.1648,40.209666,2.626127,UP_TREND,1,25.08,24.0375,22.937916666666663,58.22263643171269,0.44098105899935547,0.35973217785277545,46.68012457027795,49.600188603670716,40.839996503492415,112811601.30466667,4110578.65,103385267.7975,0.20914816042426257,0.08122724908996348,0.1329555361813426
sh.600731,,2026-02-27,7.86,0.0,66176401.7,1.5592,16.703542,1.386591,MACD_KDJ_RESONANCE,1,7.5435,7.1514999999999995,7.2796666666666665,65.31963673221054,0.15149723237129642,0.12493840548001825,88.76971685817074,83.34741414777973,99.61432227895276,60654065.35616667,11085557.15,83834950.5835,0.05248226950354611,0.09907012514857039,0.12769010043041606
sz.000920,,2026-02-27,13.31,0.5287,65665975.58,1.0495,26.010774,3.167803,MACD_KDJ_RESONANCE,1,13.0575,12.660166666666667,12.7377698985,59.45137916887672,0.03542918995633748,0.018307366782397638,67.88372375910635,58.54127204998869,86.56862717734165,77135741.09916666,6178670.95,81240684.9025,0.07827359180687639,0.05132897144587356,0.0716586151368761
sz.000850,,2026-02-27,5.83,1.5679,65497490.0,1.1987,17.944483,1.208082,SMALL_GROWTH,1,6.012,5.474333333333333,5.039083333333333,49.63344905280883,0.0033893212520457183,0.06126990338851151,41.00611951310662,35.59001247754692,51.83833358422601,152209899.78316668,21644861.25,130603718.39000002,0.13580246913580257,0.06496985934360344,0.28131868131868143
sz.001228,,2026-02-27,32.92,-2.0238,65037452.17,2.466,36.84418,1.999514,UP_TREND,1,31.488,28.470000000000002,26.864067612666666,63.957330038853485,1.308945179216316,1.2092452026330578,59.388482799781826,65.94804245332143,46.26936349270261,70268721.361,2810128.75,88535390.6045,0.07489952502740228,0.15630488233227946,0.21880820542705748
sh.605288,,2026-02-27,127.27,-0.0785,64908475.2,0.7358,202.900973,4.052487,SMALL_GROWTH,1,131.7405,108.60016666666667,100.29424999999999,51.53552742031163,4.88136138154934,7.2932860916132265,14.299570142337666,19.245376775589843,4.407956875833314,153780268.285,1204705.9,158617307.409,0.2247693332065062,0.17191348693448893,0.3158602150537635
sz.002442,,2026-02-27,6.77,1.3473,64680412.13,1.958,37.452073,1.858113,UP_TREND,1,6.514,6.452333333333333,6.415416666666666,60.36349276467848,0.08241040167821456,0.05803905283613452,85.0073594361476,77.93542929333479,99.1512197217732,65902177.564166665,11128158.55,72442272.13599999,0.11773255813953483,0.049232835666684016,0.05451713395638613
sz.000505,,2026-02-27,7.09,0.9972,64559605.59,1.4478,-96.834618,1.674298,MACD_KDJ_RESONANCE,1,7.1895,7.687833333333333,7.26775,44.65688856158201,-0.1703225166436546,-0.18332804590055132,38.602774441267535,31.842790228267074,52.12274286726845,359423536.7565,19806913.8,144053288.7805,0.23751387347391784,-0.07776356580744459,-0.21396895787139691
sz.001213,,2026-02-27,4.21,0.7177,64448880.98,0.345,33.014322,0.975784,MACD_KDJ_RESONANCE,1,4.175,4.1241666666666665,4.1687306275000005,56.22627846602553,0.01383366049975443,0.01222855031856631,66.27209024132283,53.94879343630021,90.91868385136809,56308193.60016666,17825112.95,74463933.47749999,0.030805687203791447,0.02081228531016377,0.02933985330073363
sh.601019,,2026-02-27,9.22,0.655,64188474.49,0.3346,12.461032,1.237127,UP_TREND,1,9.1605,8.875,8.532698598,54.23890581940804,0.06311621841074277,0.07525970294128433,51.94795585155171,50.063719200534855,55.71642915358542,114236047.61583333,11377156.3,104245346.066,0.05411499436302127,0.0388732394366198,0.06343713956170705
sh.601163,,2026-02-27,15.53,0.4528,64132194.61,0.5177,13.781192,0.906011,UP_TREND,1,15.433499999999999,14.888,14.584916666666667,56.548049579553265,0.11278362304747169,0.14179366052797587,65.22435257222972,52.933066803845605,89.80692410899795,113775367.81383333,7450035.5,115297425.48799999,0.0733496332518337,0.04312197743148838,0.0600682593856654
sz.002542,,2026-02-27,3.42,0.885,64095208.5,1.0707,-4.153774,11.818568,MACD_KDJ_RESONANCE,1,3.4300000000000006,3.4706666666666663,3.6213333333333333,47.693226800323295,-0.0323887643322176,-0.03346256514217054,52.22531433214873,46.5625136797682,63.550915636909764,128749397.77000001,25227712.15,86979716.551,0.13471502590673576,-0.014598540145985384,-0.050000000000000044
sz.000726,,2026-02-27,7.74,1.1765,63813704.0,1.4065,10.119267,0.653383,UP_TREND,1,7.6370000000000005,7.309166666666667,7.153613703,59.46926830652103,0.07192007338677442,0.07880351014206072,79.90162022329115,66.42512729401912,106.85460608183519,73436827.32216667,12506765.95,95862948.12,0.057251908396946584,0.058944248090297524,0.11047345767575334
sz.000573,,2026-02-27,4.52,1.573,63677740.0,2.2514,44.213082,1.753699,MACD_KDJ_RESONANCE,1,4.4079999999999995,4.256166666666667,4.2885,57.36996820998246,0.048942957230610595,0.040896890835460845,86.21520552817672,80.85705378550085,96.93150901352845,100474163.27866668,36948138.2,164218546.01799998,0.1422680412371133,0.06198848729294726,0.051162790697674376
sh.600351,,2026-02-27,6.77,1.0448,63310853.65,1.3591,21.022429,1.675694,MACD_KDJ_RESONANCE,1,6.6577776465,6.533022345999999,6.56618966975,63.034296320727535,0.044293139982761076,0.04136381785414877,74.21156377634529,60.38241533366908,101.8698606616977,75323712.25733332,12148641.1,82263825.53649999,0.05393586005830907,0.036273816535327796,0.06305006795606438
sz.001335,,2026-02-27,51.28,0.3523,63265986.0,5.2947,46.726483,5.00253,SMALL_GROWTH,1,52.62149999999999,48.897166666666664,43.98658333333333,48.56944691822468,0.43786257473675505,0.9301789187959715,14.396567744890087,16.44440249510703,10.3008982444562,125062719.09066667,2023434.0,107433232.41749999,0.10462375339981861,0.048731521594639116,0.2580961727183515
sh.600248,,2026-02-27,3.64,1.1111,63049422.8,0.4702,12.28702,0.471033,MACD_KDJ_RESONANCE,1,3.594,3.6133333333333337,3.74225,55.51556872364502,-0.00526181871316167,-0.011347951507963121,76.58137288565268,64.64543017682945,100.45325830329915,64645661.9835,24724779.3,89048454.5475,0.053763440860215096,0.007380073800737907,-0.016216216216216273
sh.600894,,2026-02-27,9.73,-0.5112,62744671.38,0.7649,12.471943,0.961789,MACD_KDJ_RESONANCE,1,9.5955,9.380500000000001,9.609723821666666,57.27674151823436,0.06060195734060869,0.05420506261784924,77.79418539548608,72.70623937872782,87.97007742900263,49369094.3475,5435847.7,52226408.501,0.046938775510204166,0.03725814189009102,0.05531453362255956
sh.603395,,2026-02-27,31.06,0.2582,62480315.43,3.1054,297.367076,5.773036,MACD_KDJ_RESONANCE,1,30.895500000000006,30.543,32.83525,52.75898363736576,-0.007056644940732326,-0.02223265139144288,59.82349845483422,52.46114895738051,74.54819744974164,99107849.69916667,3694087.05,115070297.52099998,0.1047940995697603,0.01692695543987166,-0.05678712420285459
sh.600187,,2026-02-27,2.23,0.905,62427784.96,1.7372,195.147948,1.131304,MACD_KDJ_RESONANCE,1,2.323,2.5,2.68575,41.24744100600498,-0.09544659307539183,-0.09906832146990444,48.94139235356207,44.377234452183785,58.069708156318654,94870053.00716667,50070290.25,114951935.262,0.23188405797101438,-0.10799999999999998,-0.16165413533834594
sz.002942,,2026-02-27,22.73,0.7089,62127892.4,2.0063,40.87489,2.881198,UP_TREND,1,21.7945,20.862666666666666,20.423333333333336,66.02617897294424,0.4416577999419218,0.3458918960612585,61.00289673835572,60.86699607335449,61.27469806835818,64514361.740499996,3465853.2,76196346.2905,0.09934395501405816,0.08950597558637452,0.16385048643113165
sz.003003,,2026-02-27,14.41,0.3482,62004280.5,3.6683,40.383901,1.970178,UP_TREND,1,14.010500000000002,13.632333333333333,13.1565,60.50928283953271,0.22993273106289003,0.20385250508279734,49.63095732499881,42.55650118948034,63.77986959603575,134967643.64533335,7877911.15,111559932.03199999,0.15389610389610395,0.05704574907694937,0.11360123647604325
sh.600232,,2026-02-27,8.6,0.0,61774671.0,1.9783,-140.228719,3.338252,SMALL_GROWTH,1,8.875499999999999,8.175333333333333,7.473833333333333,47.33753175377533,0.07020172003905678,0.15681571613646889,14.904142452360592,15.845357288171872,13.021712780738035,132052621.0465,11845587.0,106081824.31549999,0.09935897435897434,0.051944874826714615,0.2445730824891461
sz.000026,,2026-02-27,15.83,-0.252,61717170.0,1.0735,43.475054,1.902066,MACD_KDJ_RESONANCE,1,15.807500000000001,15.802500000000002,16.204583333333332,49.11613388371683,-0.12513069044495317,-0.140922437281487,64.31122097367879,59.711729766233276,73.5102033885698,108866584.09833333,5037309.75,80285535.627,0.1160252728317059,0.0017402309761112011,0.03599476439790572
sh.603038,,2026-02-27,17.64,-1.3974,61699868.74,1.2996,135.342496,3.401951,MACD_KDJ_RESONANCE,1,17.533499999999997,17.1565,17.782666666666668,51.91016254022359,0.08686774523626184,0.0709531233556136,59.21144241960473,58.64658916215304,60.3411489345081,113122577.72049999,5738029.3,100976161.278,0.13523131672597866,0.028181738699618153,-0.005636978579481311
sh.600883,,2026-02-27,8.84,0.1133,61651026.0,2.9699,58.007613,2.127814,UP_TREND,1,8.734,8.344,8.326749999999999,58.48256028927323,0.15537375440244716,0.16951794808905915,16.265712565056155,24.812864162764736,-0.8285906303610062,39626807.8155,6999202.3,61719093.478,0.09764705882352942,0.05944391179290509,0.05238095238095242
sh.601798,,2026-02-27,9.97,1.0132,61516790.02,1.7502,-102.772742,2.789652,MACD_KDJ_RESONANCE,1,9.649000000000001,9.279666666666666,9.493833333333333,62.27605032635561,0.11635556099685118,0.09389574770348774,88.16616331834373,78.85252104214096,106.7934478707493,62469329.43783333,7036794.45,68032768.08199999,0.055724417426544985,0.0743920399439637,0.12528216704288964
sh.600716,,2026-02-27,4.73,-0.211,61400967.0,1.389,-31.360601,0.880106,UP_TREND,1,4.3995,4.091166666666667,4.048416666666666,69.46042613699743,0.1541078709489856,0.11528942036393758,75.91849758151928,76.6535648789988,74.44836298656026,56873336.968499996,15844456.0,71388918.4495,0.09296482412060304,0.15614942762863082,0.1974683544303799
sz.002899,,2026-02-27,31.83,-0.2194,61049163.8,1.2961,64.83833,2.701289,SMALL_GROWTH,1,32.206,28.903166666666667,25.841333333333335,53.551865972464725,0.37636489402996176,0.5877178324158647,54.34178107776026,52.1189779116485,58.78738740998378,143019936.664,3695414.7,119493433.3845,0.10630220197418377,0.10126341404344386,0.3585147247119078
sh.600746,,2026-02-27,8.02,-0.1245,60919221.33,0.6548,71.207023,1.717874,MACD_KDJ_RESONANCE,1,7.761500000000001,7.260166666666667,7.317499999999999,63.00454764938874,0.17097569566199677,0.1578871438105929,82.67154367348766,79.68098641721616,88.65265818603066,52200863.156166665,9929019.45,77035707.3635,0.06451612903225806,0.10465783613782964,0.13758865248226937
sh.600071,,2026-02-27,21.58,-0.4153,60506847.6,0.9983,96.717681,12.059186,MACD_KDJ_RESONANCE,1,21.523000000000003,21.332666666666665,21.877416666666665,51.92682897152701,-0.023798650336509297,-0.041249958731430586,83.62432666967388,77.86627114841515,95.14043771219133,94275939.33483334,4106321.75,89072803.322,0.07506584723441619,0.01159411231600993,0.029580152671755622
sh.603739,,2026-02-27,15.9,0.3155,60490243.0,1.5102,48.14152,2.267812,UP_TREND,1,15.6875,15.122833333333334,14.864583333333332,56.33524911492383,0.15803218417379128,0.16123426576748037,78.40881701328675,77.688598483632,79.84925407259624,97315138.318,6760135.4,106241054.31,0.09856630824372753,0.05139028180345395,0.04950495049504955
sz.002133,,2026-02-27,3.81,0.7937,60464635.7,2.0794,-3.869387,1.003732,UP_TREND,1,3.7909999999999995,3.5551666666666666,3.5472414826666663,55.238441521986445,0.06723655256771144,0.07728622138820454,34.01264080411306,41.69038772522185,18.657146961895478,104679592.23133333,20349999.0,77153829.77250001,0.1644562334217507,0.07167971496882486,0.11078717201166177
sz.002761,,2026-02-27,8.6,0.7026,60383906.7,0.6506,55.533875,1.71702,MACD_KDJ_RESONANCE,1,8.5945,8.649166666666668,9.01225,49.54891554773111,-0.037424873159935146,-0.04067522589650887,55.98863709092397,47.9417069950123,72.08249728274731,91847486.51033333,11406775.15,98260246.52250001,0.08533916849015329,-0.005684555352153509,-0.05908096280087538
sz.002124,,2026-02-27,2.52,0.3984,60128861.68,1.2108,14.865094,1.422892,MACD_KDJ_RESONANCE,1,2.5780000000000003,2.7031666666666667,2.8227499999999996,37.94971370716152,-0.05969975864012733,-0.06212851418431403,66.96513731380725,57.27907790876171,86.33725612389833,115043032.89283334,40214584.05,104782756.16950001,0.14532871972318337,-0.06776003452740609,-0.08029197080291972
sh.601158,,2026-02-27,4.6,0.6565,59939086.11,0.2724,26.387501,1.279047,MACD_KDJ_RESONANCE,1,4.551,4.541166666666666,4.629296403833334,58.807405271327376,0.008393927708253202,0.004224365956448122,88.27698425989455,78.80801003602014,107.21493270764336,51221632.76800001,11308244.05,51438527.6535,0.05944798301486205,0.012955554739971342,-0.012875536480686844
sh.603312,,2026-02-27,47.75,-0.7277,59785847.92,2.4641,26.2733,4.443182,MACD_KDJ_RESONANCE,1,48.085499999999996,48.08433333333333,48.24208850633333,49.763726369931646,-0.4195597760930525,-0.49008329979072984,82.33611742618538,76.4795862346038,94.04917980934854,119493751.50666666,2201706.15,108484678.097,0.12228834709157235,-0.006953061634766722,-0.007276507276507305
sz.002591,,2026-02-27,7.86,0.5115,59594101.72,3.4163,-86.964888,3.582647,UP_TREND,1,7.7565,7.308333333333334,6.844416666666666,55.508084457858644,0.11357587671532787,0.12731441301054855,57.89859061623058,50.09350610077884,73.50875964713404,142996189.49933332,16941410.15,131534810.351,0.24390243902439018,0.07548460661345491,0.09930069930069929
sh.603035,,2026-02-27,15.5,0.2587,59139031.0,1.0425,14.632646,1.069226,MACD_KDJ_RESONANCE,1,15.453999999999999,15.542166666666667,16.01225,49.35230386935755,-0.10552831447056832,-0.1246246172125483,82.9686644407206,77.94289681511916,93.0201996919235,98585294.96933334,5206710.85,80818108.6275,0.08761329305135958,-0.002713049446130378,0.02175346077785112
sz.002767,,2026-02-27,23.94,0.7576,59084098.0,1.9028,95.678837,4.21939,UP_TREND,1,23.872,22.554666666666666,21.28175,53.129728768070876,0.310111776953093,0.4034672673438394,34.31124705348313,40.20116966263092,22.531401835187552,161790766.5283333,4898234.55,116386392.049,0.11593027969193363,0.06142113974934982,0.19461077844311392
sh.600630,,2026-02-27,9.16,0.6593,58716195.62,1.5134,123.052191,5.052881,MACD_KDJ_RESONANCE,1,9.167,9.407166666666667,9.281916666666666,48.80173081145914,-0.05408999337407394,-0.06351447548246322,61.278603273557906,54.61658757979506,74.6026346610836,164529890.53183332,9210722.85,84881641.998,0.17712177121771217,-0.02627429442092022,-0.08032128514056236
sh.600020,,2026-02-27,4.14,1.2225,58577192.36,0.6313,9.134837,0.782653,MACD_KDJ_RESONANCE,1,4.141,4.270166666666666,4.368416666666667,47.42873875375116,-0.048028579729299636,-0.05605962354084926,56.969550195780556,51.30412117829985,68.30040823074197,60340810.2355,18173257.2,75210616.273,0.11504424778761053,-0.030482807072323537,-0.06546275395033863
sz.002909,,2026-02-27,7.73,1.0458,58417799.29,2.0046,5601.030083,3.354285,UP_TREND,1,7.464500000000001,7.1946666666666665,6.9635,61.18235724711586,0.10322166073975936,0.08078403947557151,91.25529632983802,86.76182738836674,100.24223421278057,148910516.74249998,11398821.6,85050252.987,0.1644171779141105,0.07440696812453673,0.1451851851851853
sz.002401,,2026-02-27,16.64,0.6046,58098973.08,0.9408,-5721.928871,3.784491,MACD_KDJ_RESONANCE,1,16.500999999999998,16.305833333333332,16.901083333333332,54.03286923065757,0.0034619210526507516,-0.0053001625030461505,71.76237201938655,65.60017508134152,84.08676589547662,84066301.22033332,4144343.8,68641221.5535,0.08223289315726297,0.020493688352839046,-0.007751937984496027
sz.002999,,2026-02-27,7.8,0.7752,58093198.0,2.1764,57.728909,2.261968,UP_TREND,1,7.542,7.11,7.0207500000000005,64.6493814459919,0.1726637795279622,0.1577049897659376,68.5908416551769,68.40049988185226,68.97152520182618,63766303.2375,11536726.45,86948020.6385,0.08798882681564243,0.09704641350210963,0.1063829787234043
sz.000677,,2026-02-27,4.17,0.4819,57577127.39,1.6035,488.58825,7.094642,MACD_KDJ_RESONANCE,1,4.141500000000001,4.2805,4.627666666666666,49.11786391806099,-0.058462276080192055,-0.07621724694005305,66.11289708274165,60.804606022865705,76.72947920249355,98096971.84466667,23703059.15,98618346.1895,0.14161220043572983,-0.02581474126854344,-0.06292134831460683
sh.600757,,2026-02-27,9.17,0.1092,57570073.16,0.5179,9.980105,1.125213,UP_TREND,1,9.157,9.052,8.907333333333332,51.30958720844778,0.034284047156909025,0.04454490512881531,26.29055220595496,27.415685912988145,24.040284791888595,129763746.78850001,12722402.45,116685132.36500001,0.060606060606060656,0.013035793194874135,0.0420454545454545
sh.603998,,2026-02-27,12.39,0.0,57517842.18,1.057,18.418877,3.253686,UP_TREND,1,12.247,11.697174650833334,11.6740709575,56.21195906326716,0.1874510263785858,0.1916448021030339,43.238237278660854,50.8737915577011,27.967128720580376,102427328.425,9189339.95,113300818.7375,0.06959999999999994,0.059230144872403745,0.0873630570885
sh.605507,,2026-02-27,28.05,-0.1424,57289419.35,0.3639,17.95629,1.895027,UP_TREND,1,27.616500000000002,25.382333333333335,24.16275,60.40950605570334,0.7581585033740161,0.8209374747717394,52.08511165083821,60.2221804881803,35.81097397615403,104513018.72116666,4319165.15,118863401.89299998,0.07268272764393621,0.10509934731506165,0.19260204081632648
sh.600495,,2026-02-27,4.89,0.4107,57224531.27,0.9742,150.78742,1.80772,MACD_KDJ_RESONANCE,1,4.8605,4.884666666666666,5.031499999999999,52.92255049218384,-0.015061606833506325,-0.02133041451113959,85.16624013913852,70.186434310502,115.12585179641158,67945926.5965,14055777.55,68665559.6715,0.07961165048543692,0.0010918520540468268,-0.020040080160320772
sz.002982,,2026-02-27,14.8,2.2099,56728473.28,2.9748,95.593075,1.895785,MACD_KDJ_RESONANCE,1,14.480500000000001,14.159,14.605,59.937978347564076,0.11496310343652816,0.11269530715413513,66.49775684725208,53.79245207318677,91.90836639538269,44016342.764000006,4291594.0,62239749.028,0.08111792774369458,0.04527155872589872,0.008861622358554921
sh.600512,,2026-02-27,2.54,1.1952,56002843.32,1.3986,148.264271,0.644108,MACD_KDJ_RESONANCE,1,2.502,2.4781666666666666,2.5046666666666666,56.056371862174394,0.008880081910535242,0.00668026018250488,72.43192882799116,64.04854446189302,89.19869756018744,61547572.052666664,30200002.2,75469964.217,0.08527131782945743,0.02495124083663991,0.02008032128514059
sz.002188,,2026-02-27,7.17,0.2797,55974215.14,3.0493,88.451334,7.23133,UP_TREND,1,7.054,6.563166666666666,6.264666666666667,58.420689804305724,0.1648992913686813,0.18302227294998402,36.339995958077616,38.35985197149091,32.300283931251016,149242966.91200003,16107207.45,113932184.58399999,0.18607764390896916,0.09246044846237855,0.14536741214057503
sh.600379,,2026-02-27,13.34,-0.1497,55921829.48,1.2727,62.22468,5.679504,MACD_KDJ_RESONANCE,1,12.948500000000001,12.276166666666667,12.398153582083332,60.862133658882875,0.19231519865213897,0.17234136475145428,80.13985227867444,76.42188326703638,87.57579030195058,65085472.991333336,5349470.45,69396110.623,0.06142322097378279,0.08665843029175768,0.17429577464788748
sz.002375,,2026-02-27,4.33,0.6977,55316400.8,0.9658,18.430238,0.708145,UP_TREND,1,4.3214999999999995,4.066333333333334,4.03275,53.84742003580655,0.06490084914851302,0.08450758451043267,22.003516822507116,24.457393964586927,17.095762538347486,94762743.25883335,28434557.9,124994524.43699999,0.07286432160804021,0.06484138044101972,0.10178117048346058
sh.605068,,2026-02-27,28.63,1.8861,54662465.0,1.1755,-20.75437,3.087649,MACD_KDJ_RESONANCE,1,27.5045,27.386333333333333,27.61825,58.66585337880246,0.24046452615950642,0.07777046148596617,68.78263999679024,60.9643913308712,84.41913732862831,77292790.13633333,2690170.45,74631929.68349999,0.14159891598915988,0.04541194513078306,0.06828358208955221
sz.000812,,2026-02-27,4.47,0.6757,53783295.1,1.5755,-675.515427,1.911234,MACD_KDJ_RESONANCE,1,4.5195,4.778666666666667,4.751499999999999,42.93227677618937,-0.08440954036034753,-0.09314618908340275,55.53728914492014,48.01574134899256,70.5803847367753,172489811.0531667,17638594.2,80064649.279,0.18959107806691441,-0.06459263392857151,-0.052966101694915224
sh.603272,,2026-02-27,24.98,-1.4596,53081322.0,2.0503,123.789336,4.638169,UP_TREND,1,22.944499999999998,20.8705,20.498749999999998,66.43703128875812,1.0638373712862226,0.8506672330100566,69.8686072230166,76.24566172604798,57.11449821695382,60030435.28966667,3009832.7,69568669.715,0.10444540353905919,0.19690472197599496,0.21913128355295286
sh.601999,,2026-02-27,7.61,1.3316,52910946.36,1.2611,30.990742,1.582461,UP_TREND,1,7.5615,7.3021666666666665,7.260916666666668,54.05349604358036,0.0744712241480805,0.0990226296815223,19.399701092512654,19.036433690870346,20.126235895797265,55509798.43333333,9274381.45,70840395.18149999,0.12402088772845955,0.04215643758701759,0.013315579227696439
sh.603032,,2026-02-27,19.0,0.1581,52737466.2,1.2074,-34.065458,3.903049,MACD_KDJ_RESONANCE,1,19.169999999999998,19.264166666666664,20.747583333333335,46.93026507510578,-0.19328525502803728,-0.20592997082025138,61.39417664371879,55.879416751763465,72.42369642762942,120540956.43033335,4562846.6,88235899.54599999,0.11265580057526356,-0.013712852013669452,-0.002624671916010568
sh.605296,,2026-02-27,28.37,1.7575,52573397.63,0.3596,22.282257,2.851047,MACD_KDJ_RESONANCE,1,28.083999999999996,28.2665,29.468574162083332,53.063649520834886,-0.14432509986772857,-0.14864262303779016,54.68077914795637,39.51024359178764,85.02185026029383,54381029.25366666,2025481.4,56962050.819000006,0.06723259762309,0.003661578193267623,0.0038924274593064023
sh.600493,,2026-02-27,8.19,0.4908,52535652.0,2.3715,351.883651,1.98218,UP_TREND,1,8.0305,7.764333333333332,7.3669166666666674,57.56561572322537,0.17038697676282144,0.1676782056319692,34.27865212203264,43.61885684502735,15.598242676043213,133901595.146,8457713.1,67753962.1605,0.1709601873536299,0.05482333748336421,0.08333333333333326
sz.002968,,2026-02-27,13.39,3.0,52496361.0,1.8675,27.396799,2.393256,UP_TREND,1,13.2035,12.512560154,12.237327354333333,56.80641512984709,0.076841756241123,0.10568050852612963,74.73707270057545,62.10762196593795,99.99597416985046,60204860.90800001,4994110.5,66368454.1725,0.10272536687631031,0.07012472549188908,0.13289762073918165
sh.603639,,2026-02-27,14.79,1.7894,52253194.88,1.0496,26.73623,1.494136,MACD_KDJ_RESONANCE,1,14.163499999999999,13.270499999999998,13.743,67.36952142382239,0.3209264668223959,0.28982983188512546,76.09567929347185,73.7378472493773,80.81134338166095,36374522.922000006,4064506.45,57490139.10599999,0.04828551434569626,0.1145020911043293,0.1645669291338583
sh.605298,,2026-02-27,43.95,-0.5431,52056014.18,0.6346,107.237281,7.910557,UP_TREND,1,42.767,41.29666666666666,40.903749999999995,56.51065353664368,0.5975885447740694,0.4355241270826701,67.67919044618735,70.642761782257,61.75204777404804,83397076.14583333,1445716.35,61988938.041499995,0.11410424879544447,0.06425054483816317,0.1710631494804158
sz.002365,,2026-02-27,14.92,0.4714,51661593.0,1.415,173.049013,2.224545,MACD_KDJ_RESONANCE,1,14.993500000000001,15.3575,16.586666666666666,46.38787653960567,-0.18772133013060177,-0.20471054138800274,53.33050713133842,47.06379556145828,65.8639302710987,106264731.39133334,7507633.85,113760049.43249997,0.118187385180649,-0.028487709588149168,-0.08071472581638939
sz.000553,,2026-02-27,6.23,0.9724,51437645.16,0.3819,-9.75519,0.786563,MACD_KDJ_RESONANCE,1,6.1215,5.965,6.28975,56.98893800654909,0.05855118473970666,0.04884126335284828,65.99744623665148,62.3399236361364,73.31249143768166,49079808.18266667,10441835.85,63896681.7765,0.12599681020733638,0.04442581726739325,-0.0031999999999999806
sz.001260,,2026-02-27,22.9,1.1484,51052495.1,1.9553,59.075422,3.182376,UP_TREND,1,22.724,21.552500000000002,20.88883333333333,53.33471721317203,0.1488121951378254,0.22696282952587202,43.1692652292456,38.314836986272084,52.878121715192634,84616268.765,3730340.1,85621014.2625,0.179047619047619,0.06252174921702802,0.11381322957198448
sz.000428,,2026-02-27,3.88,1.5707,50663881.5,1.2842,-17.501958,2.836464,UP_TREND,1,3.775,3.533166666666667,3.5145833333333334,61.076096429355175,0.09876398056887847,0.11001637716226932,37.02691820722206,38.535659557228406,34.009435507209375,102877582.493,27664979.0,104875687.806,0.10164835164835168,0.098165007783386,0.13119533527696792
sh.603183,,2026-02-27,4.86,1.6736,49901570.05,2.086,59.749599,1.519521,MACD_KDJ_RESONANCE,1,4.7375,4.545166666666666,4.555750000000001,62.89922137714703,0.0750506740599679,0.07495652955050984,66.35506693537845,60.69415319291354,77.67689442030827,52224657.27983333,11919175.15,56452999.69200001,0.10447761194029855,0.06926772028895178,0.04967602591792675
sh.603970,,2026-02-27,14.04,1.4451,49231533.75,1.3134,21.024002,2.437105,MACD_KDJ_RESONANCE,1,13.771,13.308333333333334,13.470666666666665,60.492688403059915,0.11525413847831345,0.10449798697628748,80.69744386077303,67.59470693884964,106.90291770461982,44984094.33083334,5426846.55,75381207.638,0.06306937631394537,0.05497808390732617,0.07257448433919023
sh.603488,,2026-02-27,9.92,1.3279,48816955.0,1.7002,-94.20008,3.210301,SMALL_GROWTH,1,9.969,9.077500000000002,8.664833333333332,53.175021739502185,0.04422298056197249,0.11003896965236919,76.7732147889132,64.16770663293116,101.98423110087725,122819495.67683333,11959329.2,120739460.41749999,0.18483816013628618,0.0928118975488843,0.21419828641370864
sz.002774,,2026-02-27,11.45,0.0874,48536256.4,1.5127,38.864856,3.214115,UP_TREND,1,11.355,10.667666666666667,10.483583333333334,53.056262735083976,0.09184075425231697,0.11321487632545821,51.80075660953142,52.463785771181,50.474698286232254,133301953.54766665,8419607.1,95966781.463,0.25819397993311033,0.07333687466799965,0.1258603736479842
sz.002295,,2026-02-27,12.17,1.586,47599391.04,1.5733,250.495495,2.254517,MACD_KDJ_RESONANCE,1,12.0015,12.354833333333334,12.195166666666667,51.125710529678784,-0.12064676000350971,-0.17579997797044117,73.38932571458031,69.17697423109755,81.81402868154584,178109125.11383334,8332595.6,101194295.0155,0.1642651296829972,-0.014960406858314568,0.07036059806508366
sh.600807,,2026-02-27,3.51,0.8621,47191076.0,1.7205,-3.688158,70.775246,MACD_KDJ_RESONANCE,1,3.4590000000000005,3.3605,3.32675,55.65784290094923,0.02059302571024446,0.0162747729297781,72.81139994712039,67.59514405135023,83.24391173866073,107183985.28150001,25691976.3,89388778.9395,0.11494252873563215,0.044487427466150864,0.03539823008849541
sh.600327,,2026-02-27,4.26,0.2353,47119882.56,1.2545,234.434561,1.189176,OVERSOLD_REBOUND,1,4.635,5.015666666666666,4.971583333333333,27.862101041271046,-0.20941567161733143,-0.1763477118158022,15.587901458868817,16.796537364268296,13.170629648069863,224100661.32516667,21021513.6,97953316.7345,0.25266903914590744,-0.1506612613810061,-0.1411290322580645
sz.002622,,2026-02-27,3.04,0.0,46981152.0,1.8551,-32.908333,7.008463,MACD_KDJ_RESONANCE,1,3.0415,3.126166666666667,3.3507499999999997,48.73978027838123,-0.028647122626619836,-0.03481391828206661,60.12272430741011,54.9475671581964,70.47303860583752,71583549.459,20781244.3,63236479.859000005,0.15743440233236153,-0.02756304313056479,-0.10059171597633132
sz.003023,,2026-02-27,24.18,0.2903,46481023.6,1.8323,31.122267,1.645584,MACD_KDJ_RESONANCE,1,23.6965,23.369666666666664,23.461583333333337,58.453141736398315,0.1539118877325123,0.11095906455528079,81.93139256557282,76.35320608348725,93.08776552974396,67129448.13566667,2533937.6,60222126.98099999,0.09224489795918374,0.03467457815687003,0.045395590142671916
sz.002191,,2026-02-27,4.05,0.4963,46439974.7,0.7989,-278.184114,0.879819,MACD_KDJ_RESONANCE,1,4.063000000000001,4.217666666666667,4.357166666666667,44.502904047605504,-0.0748372156678867,-0.0867109969723065,71.65865801646939,66.85409680155361,81.26778044630095,97666014.02883333,21885211.15,89625056.4845,0.16239316239316237,-0.03975341816170097,-0.05594405594405605
sz.000557,,2026-02-27,5.06,0.7968,45941968.88,0.6244,22.125051,1.15908,MACD_KDJ_RESONANCE,1,5.031,4.995666666666667,5.1308333333333325,53.050385197968055,-0.0004890080223782789,-0.0016556580581428683,60.67201488799893,50.19937669538584,81.6172912732251,57483742.355166666,14374209.1,72529368.58150001,0.06106870229007639,0.012877827450457069,0.007968127490039834
sh.603375,,2026-02-27,39.49,-0.3784,45888368.84,1.8315,171.799464,2.514794,MACD_KDJ_RESONANCE,1,38.7145,38.2175,39.76333333333333,58.3794559323069,0.16548656685572638,0.05209388919706834,81.56150569300488,80.34921505461263,83.98608696978937,76781949.74916667,1693513.5,65811725.044999994,0.09129671432154504,0.03329626480015713,-0.048433734939759
sz.002686,,2026-02-27,7.01,-0.1425,45776811.0,1.2546,324.671901,2.418463,UP_TREND,1,6.916000000000001,6.8084999999999996,6.723749999999999,57.34977155907819,0.06774199079721299,0.06160457164445486,66.6232452491162,69.07694317054285,61.71584940626289,136973214.45299998,10521298.95,72765155.09,0.21701602959309493,0.02959535874274799,0.07350689127105658
sh.603022,,2026-02-27,11.63,0.4318,45645157.0,1.9702,44.340089,2.836937,UP_TREND,1,11.466,10.804,10.647166666666667,60.57385844234694,0.17748939376139816,0.19682831538936127,49.99594047695217,52.071662493700046,45.84449644345642,76869742.24700001,5119195.75,58627854.581999995,0.09895337773548993,0.07645316549426151,0.1182692307692308
sz.002367,,2026-02-27,8.19,-0.122,45285465.0,0.6973,16.479456,1.805593,UP_TREND,1,8.139,7.756833333333334,7.402,56.449709212276105,0.09135039137953882,0.10952996535633981,26.951627823665426,28.8269579353112,23.200967600373872,83079861.398,10139666.2,82748961.2835,0.04779411764705889,0.0558432349970992,0.14545454545454528
sh.605368,,2026-02-27,8.4,1.083,45283793.6,0.756,19.120652,1.866065,MACD_KDJ_RESONANCE,1,8.3455,8.3235,9.008025688250001,55.68402693992823,0.016509725684128895,0.010105985683118286,86.14925943171124,76.20202202518817,106.04373424475739,67877226.81716667,6368810.35,53473750.10250001,0.20104712041884823,0.009190845197333042,-0.11671924290220814
sz.002535,,2026-02-27,3.95,0.5089,45140065.4,1.5408,121.400077,4.46919,MACD_KDJ_RESONANCE,1,3.9479999999999995,3.922166666666667,3.9945833333333334,50.901302103618214,-0.007843434130399007,-0.008625760890415099,64.58512203674358,61.27586307831845,71.20363995359384,73110516.74016666,15229841.15,60376846.92850001,0.09558823529411768,0.007096417796286003,0.002538071065989911
sz.000151,,2026-02-27,13.74,0.4386,44894056.0,1.0664,-24.260224,13.926173,UP_TREND,1,13.5635,12.7835,12.718083333333333,60.75329259051412,0.24462223480837686,0.26415787863764345,59.01915533101887,59.90058332472613,57.256299343604354,79364093.16766667,6420628.8,87108488.677,0.08120649651972149,0.07482301404153802,0.07849293563579285
sz.002641,,2026-02-27,4.51,0.2222,44702357.4,0.8774,63.01224,1.016676,UP_TREND,1,4.5085,4.415,4.366083333333334,51.928091539240874,0.017289257931367707,0.024720506096344234,50.31911567009783,48.480142421387356,53.99706216751878,80035250.51683332,17611677.45,79420168.764,0.07760532150776046,0.021517553793884536,0.07125890736342044
sz.002494,,2026-02-27,5.84,0.1715,44621724.0,2.6704,146.502301,1.797045,UP_TREND,1,5.7465,5.520666666666666,5.364416666666667,58.24083599872266,0.09015746213040732,0.09242629894090537,54.07112529605844,55.82146662701672,50.5704426341419,59416083.64383333,12109051.8,69525679.87,0.11012433392539966,0.05784325564545356,0.05605786618444841
sz.001366,,2026-02-27,14.57,0.8304,43690504.0,5.4037,-97.021325,2.916709,UP_TREND,1,14.502,13.837833333333332,13.509916666666667,55.10353267725746,0.23200197964099445,0.28177003815979007,12.991421120093062,21.546941728280444,-4.119620096281707,51533402.01333333,4364208.85,63515035.3605,0.11018131101813111,0.05291049899430322,0.02605633802816909
sh.603889,,2026-02-27,9.2,-0.5405,43358248.0,0.6472,15.422214,1.867878,UP_TREND,1,9.127,8.356833333333332,7.7357499999999995,56.63523836704976,0.16036715107953192,0.18618126292219928,66.43780209414402,68.00254710608161,63.30831207026884,81604694.183,8197900.8,74641280.7145,0.08465608465608455,0.10089547476117344,0.20893561103810754
sz.002687,,2026-02-27,5.28,0.7634,42675221.72,1.9714,44.939594,1.786019,UP_TREND,1,5.1335,4.947166666666666,4.847416666666667,64.5267412961327,0.08669634298402862,0.08215676104687027,67.97133268378174,62.715284995049984,78.48342806124526,52054217.30483333,10140545.65,51942058.36,0.08333333333333331,0.06727756628373172,0.07099391480730244
sz.001219,,2026-02-27,14.99,0.6716,42339108.08,1.4895,28.199972,2.752584,UP_TREND,1,14.838,14.689166666666667,14.5029458405,55.15549132114272,0.07091238275923573,0.07323295736466341,55.698954941882164,52.100906214353216,62.89505239694006,68412734.95366666,3741408.85,55505990.387,0.08941485864562795,0.020479945538095068,0.037370242214533
sh.603617,,2026-02-27,7.91,0.3807,41840716.8,1.3869,63.818441,2.054284,MACD_KDJ_RESONANCE,1,7.785500000000001,7.596500000000001,7.85475,56.81788614326198,0.0399225288190177,0.03446612902468738,87.09039279725407,79.79526729149939,101.68064380876342,83426492.08566666,7437249.15,57962768.98199999,0.07823960880195595,0.04126900546304202,0.0660377358490567
sz.001218,,2026-02-27,26.19,-0.7955,40637827.6,1.6603,25.497004,1.498791,UP_TREND,1,25.7515,23.994166666666665,22.685916666666667,60.314395063708254,0.5541431653389637,0.5898333252014188,63.018992411714684,64.29133783277695,60.47430156959015,40959456.24283333,2210452.5,57151729.634,0.049803407601572765,0.09151529885736132,0.15884955752212382
sh.603151,,2026-02-27,19.2,0.471,40462332.29,1.2382,28.901024,2.410068,MACD_KDJ_RESONANCE,1,19.087,18.716972462333334,21.676920291666665,52.46861732817165,0.027724437602564933,0.013700976241771641,67.76751286439837,66.0536325576979,71.1952734777993,44876089.440500006,2931427.15,56279238.1845,0.07132094424912112,0.025806926768670913,0.03513366583983202
sh.605003,,2026-02-27,35.1,-1.4045,40086621.25,1.0328,59.233181,2.684783,UP_TREND,1,33.653499999999994,29.8635,27.290916666666668,59.14461402518537,0.934496928254184,0.9453975820010703,59.11687269756676,55.17616077509179,66.99829654251673,84181016.52533334,2177318.8,73171753.70699999,0.15836849507735573,0.1753478326385054,0.3489623366641046
sh.603190,,2026-02-27,27.96,-0.6043,38993365.0,3.3968,31.804373,1.594822,UP_TREND,1,27.497499999999995,27.139833333333332,25.5891290025,55.45053155637932,0.13500969078834757,0.07619397824670864,75.94909910854834,75.8305324210428,76.1862324835594,96316702.27433333,1938712.45,53438366.7965,0.08265027322404377,0.03022003328440981,0.08582524271844671
sz.001259,,2026-02-27,36.35,-0.0825,38257521.0,2.2198,546.156808,3.745163,UP_TREND,1,34.251,31.514999999999997,29.385499999999997,65.70162819589262,1.3485700860234289,1.1688481626300788,69.71110585551568,72.43543215936756,64.26245324781192,60984723.66499999,1799333.95,61365848.46550001,0.1126626467788004,0.15341900682214837,0.20844414893617036
sh.603029,,2026-02-27,20.47,0.2449,38211639.9,1.5462,30.589254,2.672287,UP_TREND,1,20.0155,19.072,19.030583333333333,62.56749434142339,0.33150530187419847,0.32394490744819343,77.58034471582059,73.61138665202876,85.51826084340425,44491858.257,2725551.05,54448184.029,0.0909090909090909,0.0733011744966443,0.063929313929314
sh.603819,,2026-02-27,12.98,0.1543,38121303.0,1.3545,107.35258,3.521528,UP_TREND,1,12.6935,12.031833333333335,11.938500000000001,62.220128335687214,0.19364719768982042,0.18678797862518595,76.17003106863376,76.29831183657987,75.91346953274154,52648815.177,3970605.2,50364038.785,0.07499999999999994,0.07880483716806785,0.1346153846153848
sh.603324,,2026-02-27,27.04,-0.6978,37897116.4,0.9507,67.531036,2.375364,MACD_KDJ_RESONANCE,1,26.637,25.628333333333334,25.733166666666666,56.53397132725684,0.13523100897372586,0.12871757060609573,77.07408946721563,69.78393680539202,91.65439479086285,73598959.63616665,1884417.2,50411882.432,0.06762075134168159,0.055082265721532186,0.14868309260832624
sz.002817,,2026-02-27,8.5,0.5917,37213678.07,1.5152,44.006802,2.664555,UP_TREND,1,8.2815,7.9795086255,7.89571340825,63.12354004242035,0.1409985725566898,0.13367906745304975,67.34442625150827,66.54768328531691,68.937912183891,47775557.589,6967331.2,57648244.7445,0.08891595615103523,0.0652284995139516,0.05225888123115263
sh.601828,,2026-02-27,2.63,0.7663,36727999.38,0.3889,-2.70164,0.265198,MACD_KDJ_RESONANCE,1,2.6305,2.72,2.785416666666667,46.58322068762525,-0.03138278579402698,-0.036111551215863166,51.262796330258155,44.44821718694795,64.89195461687858,125950568.73583333,22930067.25,60467544.144499995,0.15960912052117257,-0.03308823529411775,0.003816793893129722
sh.603332,,2026-02-27,14.06,-0.3544,36204988.78,1.1931,56.114813,2.383723,MACD_KDJ_RESONANCE,1,13.879,13.353166666666668,13.582083333333333,55.17715731182879,0.12137437514243743,0.11991849372849687,73.23185766280736,72.94090821130483,73.81375656581241,82255569.30516668,5070594.35,70670685.4675,0.08835616438356159,0.052933761030466986,0.08153846153846156
sh.600439,,2026-02-27,2.84,0.7092,36020432.6,1.1247,-27.74627,1.220214,MACD_KDJ_RESONANCE,1,2.831,2.8536666666666664,2.93425,50.90929950498324,-0.006447893328934473,-0.009128371394066734,55.33625623466672,50.49826957904782,65.0122295459045,61635296.221,19819833.8,56338652.104499996,0.11147540983606553,-0.0047891601448428744,-0.06578947368421062
sh.603321,,2026-02-27,8.14,0.2463,35314262.7,1.2665,60.748641,1.971615,MACD_KDJ_RESONANCE,1,8.062000000000001,8.018666666666666,8.081583333333334,53.19786681115363,-0.021076639775806427,-0.036757281576200534,73.60414475647518,70.64983236249358,79.51276954443836,42775363.076500006,6953003.9,55591954.18050001,0.09673659673659675,0.015131360159627683,0.018773466833541974
sz.001277,,2026-02-27,42.16,-0.1185,34845320.0,1.8302,30.988029,2.071674,UP_TREND,1,41.815999999999995,40.413,40.23883333333334,55.47713961018235,0.30866075600654597,0.303301023296735,55.025062763302884,56.08782496793227,52.89953835404411,61914708.439333335,2165766.6,93236955.2325,0.1319369466637875,0.043228664043748255,0.09591889784247454
sz.002763,,2026-02-27,8.13,-0.1229,34645534.2,1.4086,42.598872,1.785593,UP_TREND,1,8.0885,7.714833333333333,7.471401765166666,55.11108781646877,0.09946316479957318,0.11993796046529845,27.21899388563,30.504767037907435,20.647447581075127,74865793.26900001,6610313.25,53415093.6615,0.16820276497695852,0.0538140810991814,0.09716599190283404
sz.003028,,2026-02-27,31.81,0.2837,34526392.7,1.5484,31.707841,2.619027,MACD_KDJ_RESONANCE,1,31.4235,30.732166666666668,31.367659999999997,55.36596681392574,0.10006139095189681,0.0819030678859081,58.62686383315796,55.36343702176184,65.15371745595021,50612028.43316667,1641349.7,51865924.64749999,0.11394607132502184,0.03507183027555261,0.04534998356884645
sh.603937,,2026-02-27,13.44,0.5236,34081470.0,1.2137,-61.529845,1.820029,UP_TREND,1,13.017000000000001,12.450333333333333,12.34175,64.37209939960962,0.2453999696111424,0.21281270806984579,73.40843243681482,73.51024974442973,73.204797821585,46018065.2485,4066753.5,52879980.1075,0.11093627065302912,0.07948917030333869,0.06077348066298338
sz.002726,,2026-02-27,4.13,0.978,33941942.52,0.7648,-18.862451,4.126098,MACD_KDJ_RESONANCE,1,4.156499999999999,4.2411666666666665,4.705,47.574348332142485,-0.03709146443138245,-0.03889675672360389,42.72885348107755,40.58696304879298,47.01263434564669,84261329.44716667,19922929.95,82951783.834,0.1394849785407726,-0.026211341219004147,-0.11373390557939922
sh.600712,,2026-02-27,6.57,0.3053,33818678.76,0.9607,-96.780319,4.489822,MACD_KDJ_RESONANCE,1,6.5504999999999995,6.803,7.008166666666666,47.3630242375022,-0.07737956976700033,-0.09502706237696204,44.00318192754586,39.48942567836815,53.03069442590129,115235976.40366668,9258515.7,60795379.688999996,0.17464424320827948,-0.03424959576657349,-0.0772471910112359
sh.603062,,2026-02-27,52.02,-0.7062,33259352.0,1.7223,23.781552,2.751849,MACD_KDJ_RESONANCE,1,51.0165,48.19866666666667,49.559502544000004,60.88793524158581,0.8743295793260089,0.8651558313782417,73.7811802596066,72.72229582105436,75.89894913671108,43153279.59916667,1126314.6,57422131.11999999,0.051786738008790384,0.07928296771694932,0.17004048582995956
sz.002227,,2026-02-27,10.08,0.9009,32864537.14,1.3357,-31.628835,2.61652,MACD_KDJ_RESONANCE,1,10.617,11.9065,12.698749999999999,35.65023515800692,-0.5946621715110467,-0.6240193556963655,50.760209279338135,47.99453951555439,56.29154880690561,64170688.103833325,6989970.9,72359509.88499999,0.26219512195121947,-0.15340360307395118,-0.22994652406417115
sz.000042,,2026-02-27,9.06,0.6667,31749439.04,0.5303,-4.169725,1.827207,UP_TREND,1,8.7675,8.2795,8.230333333333332,59.78344545007435,0.2469428633699522,0.25502416071818024,24.461569438809498,34.025809919672,5.3330884770844875,54780329.808,8925835.7,77737257.4955,0.11743772241992875,0.09426897759526542,0.15856777493606145
sh.603558,,2026-02-27,12.1,0.0,27575895.0,0.6654,11.195031,1.729688,UP_TREND,1,11.9025,11.570166666666665,11.11838947,56.598703552144165,0.16376047081350364,0.1622990035649823,46.53266148658898,48.677124418128,42.24373562351093,46717378.90316667,4397087.5,52274801.8505,0.07737594617325483,0.045793059736967345,0.05676855895196509
sz.000055,,2026-02-27,4.02,0.5,26887469.52,0.9937,392.70762,0.708926,MACD_KDJ_RESONANCE,1,4.067,4.163166666666666,4.25825,46.22220111128475,-0.05681993858208756,-0.05895849550876993,62.784274692372044,57.34105804606457,73.670707984987,47062280.95566667,12373900.55,50078713.4595,0.1111111111111112,-0.034388886664798446,-0.03827751196172258
sz.001322,,2026-02-27,9.2,1.2101,23181179.0,0.3232,132.169171,1.883399,UP_TREND,1,9.18,8.809,8.583166666666667,53.91261587045283,0.11563737379618111,0.14862262257671338,27.037484939691126,27.911297683807106,25.289859451459165,48961482.56316667,6714253.15,61514832.275,0.100966702470462,0.044386422976501416,0.06235565819861422
